28,1779519500163,26.485660707533356,53.54776713021718,1040.2006142877528
277,1779519500272,22.7312098787033,56.59434559026923,1002.8123585787605
161,1779519500302,25.15983675659629,52.33160477389468,1032.3168596858143
91,1779519500330,26.711928431946575,51.495283278247705,1002.0167186353776
299,1779519500358,26.36090784090767,57.8650195069741,1043.6975353445334
44,1779519500389,25.555190859865945,51.340799086987246,1007.1474336391842
42,1779519500419,29.249539044587877,50.069231489959776,1045.4568121193518
130,1779519500541,24.689563737426365,60.76242825578049,1016.6765160764833
280,1779519500570,21.220146399657118,67.50065868008839,1032.4535068987664
4,1779519500450,23.864204505419554,54.178797425655475,1017.7656518060268
224,1779519500599,26.771772230145153,69.61803859487813,1013.3710888470107
130,1779519500690,24.22756423379392,64.8512644531366,1004.2073793782903
60,1779519500481,27.87197149043611,51.77651926236745,1002.637224411779
221,1779519500628,27.42939252961817,61.44206585424529,1037.8041952615506
22,1779519500513,24.003541166139357,64.34198873715751,1018.6499667750666
156,1779519500865,23.795800875021705,69.04861950666606,1013.5397604143645
221,1779519500719,29.954112778135325,51.25440645193695,1033.4088549010326
50,1779519500659,25.861722004581566,64.25185298827893,1040.8833947099354
214,1779519500807,24.804115774703952,61.58940574515552,1019.2698107254645
166,1779519500985,29.976464461939955,63.07110072073954,1048.783162256099
93,1779519500749,22.829226832806956,68.8000433833992,1039.7730822318947
292,1779519500836,21.908695264005985,56.73409194127298,1038.785707485285
156,1779519501046,27.219838884217054,55.366941790222924,1002.9356747104122
15,1779519500778,29.36732315809649,67.21786036948686,1006.129535630447
241,1779519500927,27.771281977543364,54.896052920121306,1041.7682476232683
131,1779519501194,27.2876679919127,66.26100053179469,1035.627160694211
73,1779519500896,24.58517243724258,52.65584035121756,1002.8585641721353
265,1779519501076,24.440263139230552,65.5431739588423,1014.6236113391103
151,1779519501340,26.33208875716925,62.433433623750005,1017.8473977371032
29,1779519500956,21.777834351420996,62.36125026893326,1048.6752928931958
258,1779519501106,22.27480832888899,65.6131917832678,1039.7635963062564
144,1779519501368,23.17929863586037,54.12156656781215,1033.5991282056107
87,1779519501017,22.571159824652018,69.41247188710086,1024.9047846750655
201,1779519501135,28.012697309584873,53.43927710923018,1047.9696594050354
99,1779519501281,22.87945263805621,51.81833114737211,1012.9811265960882
130,1779519501570,22.51427799257412,53.07273298798839,1039.4672906945243
229,1779519501166,28.83465193219704,68.67598130189542,1041.8580141263637
81,1779519501397,20.20861494134293,50.135201070241195,1006.498815700839
166,1779519501600,26.33958472454635,56.43366098453827,1000.6884994697339
205,1779519501221,25.850031079132933,54.595067729509964,1034.5304448142983
23,1779519501542,27.72579262014237,50.02811859633566,1019.8078063088799
125,1779519501628,29.529603447952724,68.2418920118662,1030.9057474750507
227,1779519501312,27.128031192948303,68.79802050761363,1037.9300918561803
10,1779519501780,25.157200170679214,61.513800466711515,1040.9639189255308
194,1779519501685,28.111983643945162,53.62522636228722,1020.3680821128048
214,1779519501425,27.667198754035542,59.79074351088072,1028.6293953618035
15,1779519501934,29.073435551035374,64.69324446404329,1028.5555150341422
132,1779519501865,28.566161420393378,54.228169448342136,1034.9637278133969
239,1779519501512,22.920728151150264,51.988989989009994,1043.8338068864855
63,1779519501964,28.929069804273873,67.70637157327067,1029.731874031741
130,1779519501905,27.72645980293946,61.38734671269912,1025.9828635736499
208,1779519501654,28.400831805366803,65.93665857887491,1008.4084138616145
57,1779519502135,23.779803516923586,69.37987273650873,1047.2492395312725
134,1779519502021,22.123666933023742,64.95024977305899,1018.4027775363127
223,1779519501718,20.501971372004853,65.75296597141767,1031.545154041382
126,1779519502050,27.96261513710607,50.52663342970534,1012.13429772755
299,1779519501993,25.27909505937857,54.77878092918894,1047.016965898386
149,1779519502107,20.348991429210987,56.60260458661928,1024.2771140297043
297,1779519502079,21.040039536052443,59.91058407603012,1001.9935929353127
192,1779519502193,26.646259336077847,67.36731033169384,1000.0709495047078
235,1779519502164,25.845924866045436,63.12039893329789,1049.7255134298982
86,1779519502585,28.10368015235475,59.33593723395754,1013.7262703230463
167,1779519502248,27.88036499605174,66.67552741418211,1048.5982612996681
201,1779519502222,29.608534057934712,55.63586484416056,1010.9268633650438
33,1779519502610,22.222641631355657,61.25087090143541,1038.9595254526998
182,1779519502276,21.48991185573985,57.97291076544455,1003.6334954756788
295,1779519502389,28.329767035927517,56.23804668406432,1006.3314046927118
83,1779519502668,25.637142763201602,60.67195929208297,1040.213164532849
102,1779519502305,23.721154211061553,63.6515612660187,1019.9180548756938
255,1779519502418,21.804222222955136,54.055820278714535,1028.4635839276234
53,1779519502723,26.885947982950352,56.7149818653209,1029.9743244980968
194,1779519502446,23.828029940398068,65.55594877742551,1043.849452686919
254,1779519502485,27.897083979750914,69.77709217327798,1038.2660135413066
99,1779519502754,28.952757586712515,68.44902333739459,1036.6037260518715
192,1779519502530,23.476818791349476,60.80019353499953,1020.0278911509758
251,1779519502559,21.019228311249783,63.228299947715485,1027.8177726018323
57,1779519502782,22.843333775096696,69.29837899883731,1044.4110088532534
195,1779519502639,27.897648179095548,63.96542400994413,1043.6744567338958
235,1779519502696,27.185091490632743,53.19080996579283,1040.1729443392355
12,1779519502931,21.695304480000964,66.15964084484979,1007.9435060425401
147,1779519502816,28.17323925680283,53.35997156186562,1003.0777100805807
299,1779519502874,26.739416897708832,51.50246458704793,1013.4306092128219
62,1779519503085,20.467427015755717,50.91380283667892,1033.0983201773442
121,1779519502844,25.03848019946772,61.53128058051925,1049.4802776963672
245,1779519502902,20.712529479887863,65.76004645582832,1009.16060337426
97,1779519503146,20.140030181922302,67.73518931343293,1045.0588156587455
141,1779519502966,27.444940930681998,57.16554533281888,1036.2743815768677
256,1779519502994,21.38860926601113,51.26861204015986,1014.203075532548
84,1779519503234,28.927428810854927,56.472583953964055,1044.9878709218399
169,1779519503056,27.432997941404448,64.7669795232546,1000.4723540859445
245,1779519503117,20.176548991702088,51.676904980609166,1001.871449041857
92,1779519503316,25.288420550511823,56.786536199893575,1002.847213283828
146,1779519503203,20.24727054771316,58.58609640849181,1004.8277190388849
243,1779519503175,27.911817652968573,58.6601154333579,1043.2380323136897
1,1779519503509,29.71810556247451,64.3404385003721,1002.5839000721355
159,1779519503260,28.4540942226541,50.77443896403263,1035.5942373028356
236,1779519503287,27.556835818636912,55.528889500652134,1020.7507762922478
82,1779519503609,26.6867076409352,55.87212817656368,1037.3080612450808
101,1779519503375,20.834322706821673,67.35118211214743,1039.0570989186463
245,1779519503405,20.025283056916013,50.398603063539454,1018.316407829416
53,1779519503936,20.5578374126219,55.76388751275188,1043.091503761309
142,1779519503438,29.308296419952878,60.186797124338334,1034.2060766376412
281,1779519503567,24.0851527275111,66.90869940106347,1025.3354374735222
120,1779519503700,25.530269218075873,59.715310662125134,1015.4689413081443
221,1779519503663,21.468137154452563,69.6319150506177,1047.04117308132
122,1779519503767,25.113280282883935,62.27347695879686,1037.3115094865484
37,1779519504200,27.995688406360593,67.95275618811979,1036.0740955854446
268,1779519503805,23.06579712058381,52.010821509979955,1023.6079521886548
111,1779519503839,21.488294679170103,50.512584183272914,1036.9623945433273
99,1779519504234,24.907369978494245,52.12590823974012,1016.1247723127724
296,1779519503901,27.520648300302057,56.223359910855,1020.5482353425023
199,1779519503870,29.512927180935478,60.07092924839364,1046.1136795055968
237,1779519504018,24.588610021666618,50.53005182952813,1004.9143525212264
143,1779519504312,27.558726871037834,61.14497031807893,1029.9759531550885
211,1779519504072,28.687963177283713,59.44076490909492,1012.8502907727752
106,1779519504384,22.074122469831522,55.418140519850624,1013.2794172912169
296,1779519504270,28.06668474018774,69.92184029014786,1029.9827018112799
132,1779519504537,22.80225816658618,61.687514758160695,1021.9563491550896
249,1779519504469,24.284858430049184,62.65528595408453,1027.289962844211
145,1779519504579,22.015904874074515,53.03619884391008,1024.2641412537837
209,1779519504823,23.928780295650032,59.991838217131956,1049.256107120655
31,1779519504935,21.28548199004908,58.8917666815321,1031.8919413298593
189,1779519504624,20.909120726328545,50.549097713001615,1043.3095201775875
234,1779519504991,29.50903310267015,64.35601212210321,1012.9698377820608
121,1779519504710,20.943708523852195,53.047224478838636,1011.7460736806813
206,1779519505058,23.945820374288886,57.87765822180111,1042.3734456805598
33,1779519505175,28.93822637088741,56.25362023576225,1000.9325505441591
138,1779519504771,28.76166317890829,63.41903887761295,1026.0484683154543
47,1779519505222,21.684240128923093,65.992910651214,1048.2933033965314
213,1779519505323,27.488623928364724,61.32420884000536,1043.2670143662976
151,1779519505134,29.464724035213255,52.54934001184463,1036.9801119665974
262,1779519505409,29.714948162474286,61.40160993201682,1011.1806066662278
105,1779519505260,26.998688114726114,66.05278898099311,1020.4262627235827
297,1779519505445,28.626695650248482,57.78141015375711,1033.5386014945716
173,1779519505371,24.856652077163254,55.93026716255889,1020.0020869855545
24,1779519505549,29.112746890316288,65.5834266690706,1002.0998717535946
266,1779519505477,20.474161004078155,69.30458468690483,1049.183029669568
115,1779519505587,29.725842679253894,58.599428791947226,1047.2877572921527
56,1779519505623,25.067875417413255,55.39777555018935,1020.7547373678893
245,1779519505513,22.516602518601307,62.66428141226082,1025.8717816181813
126,1779519505660,21.81033598201727,54.20310895166071,1031.864305138273
5,1779519505723,28.230840104573602,59.45505155921462,1029.462843669936
210,1779519505788,26.396952256026047,53.797253303755596,1012.7197217399862
178,1779519505692,23.841848249565977,56.709140550207195,1016.306920887696
62,1779519505757,23.467388248844262,69.29419294918344,1038.0831593714172
207,1779519505893,21.097077211863276,53.641346014200714,1019.9158890349715
195,1779519505856,28.723262605354712,56.32229326705585,1018.1344813703545
32,1779519505821,29.507835085091937,55.78051420277207,1042.3352624869538
266,1779519505985,26.085369612720463,55.82048877520751,1049.9732792589737
175,1779519505940,26.350936763520117,51.049516929649634,1039.35507734992
279,1779519506109,26.922128420522252,56.00756365519995,1033.1273017373417
191,1779519506032,22.447013723171032,55.17232460214165,1009.7654412814861
281,1779519506149,26.781269411010257,69.45881643708208,1017.5378741671918
118,1779519506068,24.73642203936798,50.81762551057089,1011.4975090972323
65,1779519506337,29.13588968845302,65.02590358422165,1022.6046437307992
244,1779519506189,25.08144371971023,69.60156454072627,1021.3065832647894
105,1779519506259,24.48609714223283,67.53926615723861,1040.1426694106449
291,1779519506223,28.28788601542609,50.313331151353594,1010.3791020398172
113,1779519506298,28.994943903263156,62.309026895923566,1048.5759677422466
10,1779519506533,22.59370501766679,57.01539170846506,1028.0596063893165
210,1779519506382,26.86611416369321,60.603067351028,1033.1362616621184
171,1779519506426,20.37716077556785,55.53474147028848,1011.7862917079443
100,1779519506574,28.54566174260617,62.85500025921238,1012.389308550957
277,1779519506473,24.59767285263184,52.660131093711065,1040.211950267008
35,1779519506609,23.24335034317112,54.46945517428735,1039.3098963435525
207,1779519506653,22.33727711244427,66.37691395061475,1033.3998002385708
64,1779519506698,25.107184297822016,50.28573728165011,1037.7565981257849
299,1779519506736,22.71143554224532,68.9818613679708,1037.8756797551866
42,1779519506833,24.860738452335173,62.34805185602004,1017.741470106571
272,1779519506788,27.298664727072953,68.90576224937935,1014.197087084067
27,1779519506893,24.004154114918208,58.24227045810957,1007.8017245238718
119,1779519507178,21.104366035478265,59.55650914011576,1015.2571970112733
59,1779519506937,23.89931030850761,64.19672717782531,1002.7977901140094
150,1779519507216,25.082735308937977,52.125273335139724,1034.5633119141582
100,1779519506989,21.7967610394453,58.609634646922004,1035.6478370233272
232,1779519507324,22.773514841895,68.07407704127304,1042.5200940469392
120,1779519507402,26.003083298452125,65.57422081195321,1008.5858965836351
61,1779519507034,26.253433939241894,58.361161710385375,1035.4250834399827
281,1779519507473,26.329304545942158,58.03685143667231,1043.7311640888654
43,1779519507080,20.208070718921856,55.8862088234589,1020.4476079183567
177,1779519507544,28.61837501504141,57.352891979084646,1024.1484785184084
240,1779519507506,29.273234672032753,55.3953732255492,1008.1689746608042
39,1779519507141,25.772475087024887,64.88183378829522,1040.4339127888284
114,1779519507591,26.912838020828737,60.40012198312944,1043.2153445746815
6,1779519507252,26.2107014229432,57.37733883227016,1026.031189222368
116,1779519507684,28.127227853385694,67.10727045007076,1036.106583010987
259,1779519507815,22.116598165481452,69.04336466577334,1015.8755397671505
89,1779519507359,29.51244213799286,66.69864789733668,1027.8384086851147
109,1779519507733,20.14018425843034,64.28546088636095,1047.7675929037994
206,1779519507853,26.289622616561417,59.84541578825773,1020.0685848706485
30,1779519507437,29.696340400475755,57.206294642200305,1038.5712474812872
178,1779519507925,24.912801421124033,56.84925994244873,1019.0901887129608
249,1779519507890,22.871391641665713,63.12608334332765,1010.6399185427472
35,1779519507636,29.402992767651593,58.141372638147296,1039.066353816647
131,1779519507973,20.0009468918195,53.157958808422805,1030.5706003720047
215,1779519508016,26.24907761328512,56.32248171919133,1048.2562315326575
12,1779519507769,26.207411809161947,59.34125846394391,1008.0788768846771
131,1779519508196,22.163141760611467,55.14443256362835,1028.139298767009
220,1779519508123,20.409490881233065,56.27761701330271,1031.8929267251046
3,1779519508054,28.24960458050825,50.226270687576275,1039.8476265235684
132,1779519508232,29.7073392864217,66.55487504154834,1004.202663099675
208,1779519508275,25.54896838469736,66.35357522782091,1047.0635270754967
33,1779519508090,22.027170314143305,68.08422379453695,1031.4003829288833
191,1779519508311,20.09471935944957,69.68546407258687,1036.7222616377123
244,1779519508399,21.29208034897937,67.21362911957219,1044.7476783170018
33,1779519508159,26.086105704732898,60.89524774149286,1012.3528599956977
174,1779519508356,26.91153755134504,63.92368836574475,1041.9697740598147
290,1779519508432,25.52772353299516,65.7568518965379,1011.4769858121631
85,1779519508605,26.685499959606865,67.21124427739426,1027.7866483626008
116,1779519508468,27.979557059270668,64.90389265512505,1040.928176506753
264,1779519508505,24.231446130367736,65.32241180484304,1000.5712933200331
161,1779519508688,20.61277988418337,69.21887741665981,1030.0282524992842
279,1779519508539,21.852072541186534,58.550484754447155,1049.2235902970585
64,1779519508791,23.99215397076934,65.36004846075842,1008.9652301331872
286,1779519508571,28.83451979297488,57.463058551497525,1026.6602858061344
40,1779519508864,24.759380051385428,57.9902938395402,1014.7538859552839
163,1779519508903,22.391031221216824,57.47207532123493,1015.224641303946
261,1779519508651,23.85570511308228,63.16639297384908,1013.7410975349044
132,1779519509051,23.807678864267515,57.841700320624845,1007.7089321075276
275,1779519508721,22.48510339378866,59.7078024975162,1039.4857018055545
53,1779519509156,21.004431208984425,55.766540433027906,1011.9911838047091
193,1779519509086,29.5473427572705,61.70713271289819,1043.600058120091
269,1779519508755,25.919687763804284,65.44298469130196,1037.8768129096457
44,1779519509235,23.399575773690355,61.70582505923114,1012.5093189035124
177,1779519509122,29.05893538758194,68.52025168232707,1025.845865008744
249,1779519508827,21.212137881230166,56.08108003808613,1042.960131103869
195,1779519509569,25.831097399260827,67.75512275001789,1044.119957536851
224,1779519508937,25.120277642066853,51.29443936871586,1000.7145174358321
72,1779519509614,29.1515338754281,68.47719813462206,1015.5247722181888
259,1779519509014,25.51647156848539,66.55328551312766,1029.7430973888738
16,1779519509674,29.025097004558827,62.82426852545458,1033.9010818013116
238,1779519509198,21.67006531838877,52.71343895342493,1011.3087270474244
153,1779519509879,26.25628874766437,64.14676312006,1022.9525329918673
285,1779519509475,26.813131074424348,54.48972255666486,1005.7449517327435
171,1779519510071,23.98925164645242,52.07706490331562,1010.7913926306284
16,1779519510154,27.249442094402923,53.73308533676905,1003.7528494368386
212,1779519509707,20.68950108766643,68.868240931879,1036.3181845663375
110,1779519510233,25.862075564604535,68.75124614663065,1034.113519562082
297,1779519510281,28.595857229027818,59.405841822158386,1025.382036500152
110,1779519510323,25.7780696077486,55.929086075340415,1019.2950059539102
13,1779519510374,25.366032181498667,62.6146792420553,1015.9563445398913
128,1779519510419,21.722491108776172,67.60666542132576,1033.5629288960833
35,1779519510592,26.675817006335066,52.637382936562794,1011.8959145637043
139,1779519510539,29.656363819358532,66.75400146023262,1043.6378292793133
265,1779519510638,27.196117836816335,64.2032711869969,1045.5677438859966
113,1779519510737,23.57538206317407,65.46552629518703,1015.8196034926107
256,1779519510684,25.622876962150812,52.556321363106065,1044.4104893648775
230,1779519510864,25.940590246671572,51.13598784424625,1003.5941681444883
2,1779519510943,21.767446955959798,68.99831829686282,1010.6552692802863
249,1779519511068,26.703290603835292,54.17396378930947,1043.2799905690827
296,1779519511149,20.025513695129654,66.1232186378039,1029.2308144136769
283,1779519511284,23.42310282242026,50.164862768154094,1042.6901084875044
125,1779519511329,22.108913319751878,65.02982472322833,1034.5574630299798
93,1779519511407,21.71768667399971,60.419079739106884,1039.3850663235087
170,1779519511365,27.7935239089403,64.56086125032064,1031.7183943557138
32,1779519511455,28.9679388382573,63.08679219078225,1038.1864985364064
289,1779519511567,26.74752509601909,53.912473969292385,1004.1701216214392
101,1779519511602,22.31828353469806,53.111722176940354,1031.5011943017269
35,1779519511489,22.02917760768988,58.57249977491483,1003.2744524325859
269,1779519511675,23.62118166660521,59.39661135789133,1032.748535261756
67,1779519511531,23.816766689330578,52.18887271153177,1049.734993673315
279,1779519511736,21.272624640475915,61.88307455256272,1022.9658139609227
82,1779519511638,27.44892062310188,60.09501519226218,1025.1590149644949
179,1779519511883,24.359704641722583,63.78754381409925,1007.4109209954405
257,1779519511790,27.59475530304507,65.34871680782841,1011.865515298682
111,1779519511921,25.962244672090453,61.540677187819995,1014.2997453561254
242,1779519511843,27.515942439904762,57.15092404442417,1037.845269614288
185,1779519511974,23.599478037659534,54.27252466649029,1036.2506188218285
87,1779519512260,25.15682080459038,51.09793695546107,1022.4201874428479
170,1779519512101,26.195461717810147,54.466758528003346,1039.8351845882835
125,1779519512425,21.7668330190209,58.320273915597724,1022.5073035959148
175,1779519512528,24.294415400976114,56.8788359197668,1029.8880685743952
74,1779519512635,20.165982819259177,62.05317344084334,1019.0599483131522
190,1779519512582,25.859157407274658,51.69561672789263,1016.8352099798993
65,1779519512697,25.924254197072973,63.17757627367865,1025.8031722967855
269,1779519512788,25.874863134479416,64.9041996898146,1009.7458669960299
211,1779519512875,23.378920763145928,65.65380244913771,1009.8696476955887
74,1779519512988,21.648712550877157,66.67648412732129,1020.6686054000247
159,1779519513066,22.332670475539665,63.5238119250421,1001.9768105334863
29,1779519513162,28.305260885662783,58.085261877097565,1012.2205862662091
122,1779519513238,25.866915106448687,51.75396988086549,1028.5596259705178
161,1779519513275,26.40605435990936,68.50531783744125,1023.8795225896847
75,1779519513385,20.249281785805515,55.797080075061494,1026.0620452723126
155,1779519513332,24.025565679882295,67.95305337022532,1047.7446404207851
72,1779519513421,26.21306942727098,60.13841125426127,1027.5068569595287
178,1779519513462,24.86842711306046,69.94564424284052,1038.5818207930672
129,1779519513538,22.499970263608155,57.911920285638814,1037.6211467536389
4,1779519513788,25.060884604152932,55.069190545252475,1044.3475681742448
134,1779519513572,29.597377532782044,59.99869653251108,1039.6296951727427
288,1779519513917,23.821934146953456,68.8358455563757,1047.8445894629847
130,1779519513646,28.39401824088643,57.98572442522146,1011.3128548353844
279,1779519513972,24.672743363079825,62.7475399772742,1018.7963825766655
168,1779519513728,21.098322636893574,64.97933233018298,1009.8980861563126
171,1779519513845,24.704232107696498,68.87054841475337,1027.1791610162425
225,1779519514017,28.60826330043171,66.92801089752786,1036.622048930635
282,1779519514063,28.771311261077873,50.68460498710017,1015.4013095649617
108,1779519514143,24.144662065829948,61.712381413519225,1004.4674297645436
50,1779519514676,26.165016374201528,61.32394317436095,1019.0117704809119
251,1779519514585,25.83157800932382,54.18999184613086,1009.6343666804547
193,1779519514217,26.27350991601019,55.96465946027127,1008.454662178686
98,1779519514838,27.48345367427193,58.96980835458524,1018.0908249144725
209,1779519514766,28.30213964965276,62.161012271580844,1049.3497111559486
101,1779519514722,23.495719219671695,62.415076588560495,1016.2405654772954
15,1779519514908,26.538565459544586,52.64420489431447,1032.7373601219065
237,1779519514875,21.811760752523718,58.670784745838084,1042.1617797897793
154,1779519515035,24.96421540518633,62.205390040728126,1001.8758608075212
50,1779519514947,29.02413836271402,58.58397871212305,1045.8928404135306
288,1779519514983,25.13954863369959,54.05004051484385,1000.7334864102902
112,1779519515147,20.946755770926316,59.27515789682758,1005.3692388514693
9,1779519515076,24.287248240059416,51.57535127972482,1014.035591865053
243,1779519515288,23.649752504368394,52.88349530637863,1018.263536473574
78,1779519515110,23.801304486768323,68.06988842444201,1002.891847877398
32,1779519515182,25.738419061382956,58.18465032389612,1005.9016186188219
156,1779519515409,25.87354697439592,58.468263112410966,1012.2835106123454
294,1779519515333,20.61480870730617,54.66478461675477,1017.0286766506399
272,1779519515720,23.574835341971742,58.40835883584753,1012.1241382878367
53,1779519515221,20.867051193016838,52.03761424831634,1020.4362354921728
201,1779519516243,29.519366818251363,55.64658574362372,1024.3019448351952
297,1779519516431,20.085031663781685,52.0710164821439,1021.8165010550485
6,1779519516637,25.502781267127194,55.389070871463495,1012.8667786220219
219,1779519516736,29.9987796856689,55.50843427164648,1037.883162780601
113,1779519516790,28.77453436897413,54.96795308032978,1018.9422343349263
97,1779519516836,24.650612224985384,62.84154522980646,1020.3820976407918
72,1779519516904,21.52655742163772,64.16700667947306,1030.739125319814
184,1779519516970,27.969460845478835,62.88592253430146,1048.3193378897586
54,1779519517023,27.907318891993782,51.85687549688774,1009.3349219608594
156,1779519517139,23.97387492523397,58.57513441620044,1039.4844197218265
92,1779519517089,27.010495597644088,61.04605795706576,1017.6626377455142
126,1779519517183,21.865545102180704,63.574123053093416,1042.1193293503834
173,1779519517232,25.667472209060666,59.75220601839944,1036.6152293500838
37,1779519517440,27.892485433521024,62.40108777573202,1023.9316849929332
176,1779519517330,20.987592715930724,66.88175347477369,1016.90704466157
267,1779519517531,22.777359051518896,64.01744091218664,1034.941301539277
83,1779519517492,26.633567174010615,63.29828687766611,1000.562875649483
174,1779519517601,25.537510714239474,68.41474808384014,1030.9295487467014
295,1779519517566,24.074078565915876,57.83622075790761,1033.0963696277418
11,1779519517637,24.866744041888403,58.72075347688457,1038.795215446962
122,1779519517705,21.193426060748397,54.431321306246595,1013.1977003790233
60,1779519517672,26.036263628071953,58.714490156154774,1002.0757294110828
287,1779519517768,27.487028502597635,64.94786664909046,1039.375704214231
294,1779519517816,22.70575411009595,61.12822741176313,1013.8212510596745
165,1779519517949,26.170577435314378,69.71643541530507,1022.5310633138753
234,1779519517888,24.82366137255829,61.73860667274782,1018.3582967755015
89,1779519518040,29.702788839801208,66.89550692980438,1020.3158642897989
250,1779519518087,24.176830363847632,55.38818010682657,1011.473298993137
140,1779519518156,29.294647814226607,51.02480520754147,1046.6945145936977
61,1779519518250,24.218630669606696,69.232220727613,1006.149268770944
200,1779519518204,26.427115950782422,57.37746771867779,1019.5424570732201
163,1779519518308,27.09009989872504,69.38137600631671,1003.9884354804007
219,1779519518402,20.885036997207344,61.070679830207574,1026.9551808522704
141,1779519518346,20.526330394097574,51.26043669985773,1046.9628180769434
57,1779519518471,24.723273834429364,63.73948225192301,1038.6633018424438
284,1779519518436,24.166243016754798,55.454800129984804,1037.808601235177
6,1779519518643,20.718875413942623,53.78510266321125,1043.291146960799
129,1779519518730,24.16930656975276,66.36277676369168,1016.9107240582779
32,1779519518682,24.457082987858776,59.5067127446417,1049.4540148037238
126,1779519518842,23.778645962043644,68.46640227413849,1035.4240444021539
65,1779519518771,28.37078903507959,68.80329633716075,1007.2809355227182
160,1779519518881,27.028138687706843,54.099657037883205,1037.2091205683064
223,1779519518952,23.01254624110725,58.85625209146879,1031.4305836555072
22,1779519518807,24.57007735118451,63.241145983315086,1034.2071452179396
145,1779519518918,25.323242598047095,69.42842604497895,1047.6668385431235
22,1779519518987,24.91980781427178,66.33017802423751,1008.843573434466
273,1779519519075,23.052181635664105,58.69901097604837,1018.4648078322019
199,1779519519030,29.196899934855082,67.42163853131862,1023.8463124517442
221,1779519519121,25.606409540811494,61.48257865859648,1018.7255694411829
161,1779519519199,22.098752722995023,56.288281071366384,1023.087641239715
228,1779519519247,25.287086115194658,63.94335569321669,1036.7504375002513
174,1779519519297,23.12543278651642,59.80134858342618,1037.7555655419676
77,1779519519437,27.26086712333348,52.048719703466084,1029.3480881491998
163,1779519519357,24.590050975907914,59.860047360625224,1033.906369194138
297,1779519519535,21.701411598617604,68.23083563496542,1015.7951776240653
71,1779519519487,25.021070625830944,68.0265371756475,1024.6092332992566
137,1779519519581,29.57289965772889,50.8782644306625,1033.905406113502
230,1779519519631,29.621436809817226,68.8901707108908,1041.6745681316102
9,1779519519671,21.35826750072563,55.60936418910566,1000.9698356817203
242,1779519519715,28.099171557517884,62.0675215785629,1043.3417201865107
7,1779519519760,28.36737931842987,63.432786113812035,1049.3453841114444
273,1779519519793,25.692769144034173,66.07183641483616,1028.6887235574768
124,1779519519888,28.885053396350155,50.1055278591951,1004.7773267993848
270,1779519519840,22.418193761818216,63.391348863397056,1043.6563175627123
25,1779519519982,28.196396158216583,66.10301416543068,1019.0651110356724
140,1779519519932,23.855357487027035,58.04536851201949,1033.8583658731025
251,1779519520030,21.16722106692015,55.34769977631348,1031.5891758740386
67,1779519520123,25.01506513376371,63.67024572143763,1007.480496223326
249,1779519520077,23.84612397778716,60.94470768815147,1000.6221701265008
133,1779519520213,29.300743235743532,57.6929713152486,1029.6717098925533
89,1779519520172,23.834082601465276,60.82070366041146,1026.4952275878743
167,1779519520245,28.043354036924036,51.47192112234383,1026.7744478765958
35,1779519520279,29.33850187183233,57.65260945435819,1018.8083107935577
209,1779519520403,23.480635567691078,52.13427887378998,1028.6868906861325
188,1779519520356,26.36526186957003,59.47833726880481,1037.3354582327922
81,1779519520324,27.862746962098317,61.69038628757424,1047.4868470286553
189,1779519520449,24.481555630029206,57.942153733858845,1048.6862614093225
95,1779519520529,22.794626119790298,62.509564532339354,1040.9876563990244
284,1779519520622,25.83798898558114,61.382016267180354,1008.4290490372421
134,1779519520483,28.461923868802007,53.737078605416016,1006.7751512754782
4,1779519520575,26.63497079048347,66.63536521711838,1022.0906491893361
257,1779519520668,27.14065051452643,58.97225645838451,1004.9540492578465
189,1779519520744,27.732945620124312,63.70292779506215,1038.2800439338682
29,1779519520699,29.39426224672306,55.92081582235244,1015.573630150767
295,1779519520898,23.953320309935243,69.42721069964033,1028.0706916893814
12,1779519520792,29.136312674209062,55.86753499539469,1037.8591453660836
188,1779519520932,22.012122615329254,62.85545300563216,1010.4488446686684
203,1779519520982,29.54142253731792,54.76317530295471,1015.6208654141761
8,1779519520839,27.01495010409657,59.48624229297096,1048.138422875552
129,1779519521123,26.77521279027159,60.04564598926986,1038.2865932202867
219,1779519521024,28.277516883909147,54.34145372187682,1011.8475509606448
142,1779519521182,21.110463134685464,61.230601523787044,1044.6475951842767
10,1779519521226,27.12658208537196,63.28354387719904,1040.0069650121127
252,1779519521074,23.49765427813514,69.08873244901929,1002.5006305914438
92,1779519521273,23.460563117896815,51.619064718045294,1045.2372254778038
185,1779519521367,28.908235637986657,59.79438659314126,1025.6070713711592
31,1779519521330,24.550502127905016,54.028667687297435,1004.7616443650593
133,1779519521463,20.33115853007112,51.32234190275259,1033.4640526791081
250,1779519521507,27.553493492912455,52.5773191386765,1021.5896441807613
85,1779519521414,28.838861394726017,57.776232729655284,1023.9946415434292
293,1779519521601,28.54825816122846,53.09050986884635,1017.3456750223373
177,1779519521647,24.573725510079896,58.28310402658877,1032.7957435189885
3,1779519521555,25.328833697601773,68.9801236817303,1017.3985852326923
137,1779519521740,27.98810100039788,58.31594798195367,1036.0619534280556
45,1779519521695,21.56025580793577,57.46774657593022,1006.7594093133554
178,1779519521773,21.082716074763923,59.70623222036284,1005.2589332259906
25,1779519521804,25.57088233306539,60.30201089144414,1000.720826670121
290,1779519521991,23.44379460203014,66.27470549288311,1045.393121977655
186,1779519521916,28.340101562484207,67.11791158915,1027.9452100283493
29,1779519521835,24.629516218446494,57.64792141850368,1028.2035015673032
238,1779519522023,23.314788782899896,52.526556900580616,1013.2490473287367
73,1779519521869,28.330723356807244,56.19351336158744,1046.9861052181748
251,1779519522164,21.267778508777724,57.00012610809643,1008.9233920589659
22,1779519521962,29.647901558675063,54.281621974614225,1005.783513573689
106,1779519522269,22.443142653028058,63.964630294011,1010.9707578757495
28,1779519522051,24.0428301557708,55.71804013241278,1006.4880395023588
275,1779519522334,20.169717066553346,64.59047387329217,1003.6922997043819
162,1779519522366,28.458944304257074,57.98601929753108,1045.9864171297907
46,1779519522086,27.848071503233836,67.52980381293796,1002.6407137966908
178,1779519522459,23.445852321399265,56.946564217911124,1037.8345224214079
76,1779519522117,24.694305160012348,65.39897520202432,1004.534664239317
174,1779519522551,24.184032094238475,54.91036914313647,1023.8762810413662
92,1779519522207,29.161456842455006,63.63955841509821,1044.9686846913057
269,1779519522681,28.604668122872653,65.46201004426548,1041.4665074671275
128,1779519522580,24.133992976149994,59.032496105301,1009.714350568886
65,1779519522240,28.85612603846687,65.15762898383747,1016.3739288929987
299,1779519522749,20.443749106645267,62.15005654874455,1027.4723136983769
123,1779519522640,28.739939359335715,61.02859634211309,1016.5406628105559
89,1779519522411,23.011399349001028,53.376569005388966,1003.2577540045434
149,1779519522719,24.080625630791427,55.68890843511011,1048.6156497611398
78,1779519522506,27.886335459741545,62.56202098968133,1003.3435228476983
202,1779519522983,28.78408189806199,62.344014601818365,1026.9628601584154
199,1779519522784,27.59888134795375,62.511872625278095,1021.6363251560317
231,1779519523018,28.19526493412362,52.82426579179064,1012.0183204017326
28,1779519522610,28.5612575508681,69.4118652272333,1042.3369736185662
101,1779519522859,22.57558855548028,65.06543127389699,1014.840963480296
36,1779519522819,28.42764765275711,50.494182299088195,1009.032992443794
202,1779519523075,27.760916575185735,52.96197890555061,1008.0400301805329
185,1779519522921,22.042845756954186,52.219385539504515,1038.6602492975453
56,1779519522891,27.59718089311938,62.36808827239908,1024.2162156135992
238,1779519523251,26.184189214974577,54.125848742196055,1002.0684239628084
165,1779519523110,21.714998062471086,56.78799678162578,1021.3742889179734
59,1779519522952,27.410690280152096,61.84016802983429,1022.259367988781
219,1779519523443,20.26879764531787,57.62067803502072,1036.8061252531102
101,1779519523178,27.590302242452466,56.960902107822754,1013.8139886414081
100,1779519523046,20.29155349090284,63.39345566974207,1021.2927920389111
279,1779519523536,21.8525632698066,62.252782006899494,1004.6801720786592
195,1779519523222,27.656267222083187,61.73647847618337,1015.6457768914217
29,1779519523141,28.731782409010258,56.39031418753706,1036.6987911381098
225,1779519523616,23.623723971818137,53.36053385153278,1023.1084555257266
183,1779519523474,27.014182169455275,56.440575642738374,1009.2647340894484
35,1779519523283,21.461953172426185,59.37514699828978,1020.3870261278046
257,1779519523730,22.46461521397474,68.55797967304215,1044.928277061897
155,1779519523647,24.889754854213574,64.60724243539545,1017.2334782700831
55,1779519523316,20.29379274699338,62.43657869084564,1022.5563456959662
254,1779519523777,20.657275720851366,52.98277275371782,1025.8215421309726
141,1779519523684,27.9930397881664,61.19321460471128,1046.9409808621153
17,1779519523503,29.989381984208904,55.96479399003132,1049.0794028192645
230,1779519523820,27.486197904205913,56.23108562269945,1000.1182963339119
153,1779519524087,24.290680334726652,55.501144700576155,1045.4604803667112
49,1779519523572,29.601524543196064,61.6949663243354,1030.9982594073567
215,1779519523997,28.991942896787208,54.59592482938106,1032.9235523303105
35,1779519523853,26.9611087288416,54.10837484561357,1026.7984749582085
154,1779519524264,27.741604657861895,59.89849005735294,1044.9091193855827
68,1779519523947,25.85792404324191,66.77267480070327,1030.39873659376
145,1779519524307,26.332564460833698,65.42706274230304,1003.3291686685611
225,1779519524407,28.299043905578003,54.54388589800934,1043.51684292681
58,1779519524044,26.857582410255375,50.885680057289335,1024.1650666934418
171,1779519524353,22.45724109093455,50.72743090560357,1048.2474725674679
235,1779519524565,21.113255887005124,60.34480933450442,1036.240525143756
74,1779519524506,28.827457810587404,64.32496232268065,1015.5070690901803
152,1779519524455,21.753447609456384,50.24710765017784,1016.7125099886425
27,1779519524666,29.98357625352372,58.49194000102494,1004.0228950707251
200,1779519524829,25.435350883173147,66.13362013140471,1022.1533156909384
62,1779519524753,24.6374104502853,52.67887006492471,1041.6686595993444
156,1779519524906,23.262690508545095,68.37972509023837,1014.9809651399361
253,1779519524940,21.488038722875572,53.855068587550086,1010.0654879222772
77,1779519525053,22.25754428719855,67.63137781712973,1040.4240476056991
159,1779519524995,21.068217995272384,58.8236639421862,1044.034202731113
271,1779519525110,22.657120551203878,65.54101700533141,1018.1515924376131
57,1779519525155,21.254544551094636,54.08812691166567,1003.8844645750818
299,1779519525186,21.567840415484547,60.38255468248934,1048.7034587287108
132,1779519525280,27.65836185626851,62.656932770065175,1025.4331990903156
51,1779519525249,22.85873128693328,60.722416918907705,1049.6587792038035
295,1779519525217,23.23488008981752,54.753865354465965,1025.2585989379827
148,1779519525348,26.710015705541288,58.77191179648203,1009.901175662559
24,1779519525311,21.47241911924027,60.69845842718472,1006.8477867583189
130,1779519525487,28.20973021574666,62.1156883017296,1044.1176996495742
80,1779519525390,20.786447976257417,68.16697267734509,1017.4791239723269
206,1779519525591,27.530445989136513,58.921961664723725,1003.4011728494245
5,1779519525421,27.301407587737145,58.80766647477147,1030.4024874910153
182,1779519525560,20.163890351653567,59.14396963127345,1019.2203452424241
240,1779519525673,25.829558572995822,63.18321033873646,1044.4777524035771
5,1779519525454,21.690388564576494,52.76706219250491,1015.642038487584
115,1779519525720,23.5230704440169,59.808488821484445,1010.3623243151809
20,1779519525531,29.059485935526936,69.24773823130668,1046.8210682370109
117,1779519525817,24.445270865769196,54.92594461186214,1019.7472840786697
285,1779519525870,20.819731686751048,63.53567126587162,1040.2293714974326
65,1779519525630,27.09114945309274,65.76810396867701,1042.2436696849581
193,1779519525921,25.578290644094494,54.97572697099081,1029.9180095416443
279,1779519525983,27.73011549231115,60.465935819388875,1034.8263957934469
72,1779519525774,27.876753920938867,60.63698290253496,1006.4101222211779
200,1779519525952,29.12212360022699,57.747810595272696,1012.7910520016694
286,1779519526047,29.800823855255988,50.478974355113856,1049.1831448549956
53,1779519526156,29.723887910967846,68.80417476328655,1009.3793056093511
150,1779519526016,26.243230216442154,59.248938391825064,1045.4715444337126
289,1779519526122,22.227160954644017,65.36189582041277,1046.273951399893
20,1779519526187,22.477918309562682,64.39162294439112,1047.9759942237085
181,1779519526078,22.680523282217536,64.84572945126307,1001.5332234260036
299,1779519526251,23.635015536638456,59.472871148587686,1047.7588077263651
4,1779519526218,20.69939282678139,62.017453926079675,1023.2747851388327
270,1779519526296,26.06453762485493,68.28105723410444,1042.936537878579
152,1779519526460,20.158744833691337,56.625529337132505,1021.2723606934713
87,1779519526530,26.360017209006465,59.31304381289152,1030.3795121170326
202,1779519526559,20.33399807473918,57.1427642796056,1013.3104327491832
211,1779519526590,25.212461022572228,54.116854621042314,1016.2339058917989
155,1779519526686,28.318527426821724,61.088874745148644,1047.4189171583732
218,1779519526623,25.74551300551795,59.14715850174965,1043.9462462314405
195,1779519526715,23.77272937729683,50.50552182778967,1043.324519685093
281,1779519526654,25.439436128587467,54.572691158757614,1021.4452599421658
134,1779519526745,22.909336338414903,68.98418780244546,1044.1913113874812
211,1779519526839,27.360342501269162,51.95791860229088,1026.4790833035281
124,1779519526777,27.627623386452317,66.22414364539571,1013.6087537327968
16,1779519527058,26.84577343463415,51.83031457585359,1012.7435325656681
213,1779519526872,28.044768638795965,64.22697385660231,1022.3495998179295
163,1779519526809,29.088872895539918,56.567130219336164,1033.236692590281
56,1779519527168,23.719382884897904,56.02847711901803,1035.712552834597
282,1779519526948,28.351539046250508,62.430015686289195,1033.0847856259068
175,1779519526905,25.435296950697072,53.504582003725,1041.2112907505527
259,1779519526980,25.618696221358597,51.775338846651124,1021.3484578625122
186,1779519527087,25.9737239776738,63.271418443721615,1010.2325618665304
282,1779519527017,27.900312882310438,64.83394550809699,1043.1247825311868
86,1779519527450,22.077230744511873,58.96835894955558,1018.1236181891497
144,1779519527294,29.41904170046426,57.21464847207066,1026.8034950020706
219,1779519527120,22.242053086159842,66.23190819825925,1010.8623953092582
172,1779519527386,29.8760406631915,63.399653100990434,1042.6168368236877
77,1779519527482,23.661201988918684,65.82304451698495,1010.457111170478
294,1779519527205,24.582621935009893,59.73860109071097,1028.0202532593614
24,1779519527525,24.776234023308245,66.02232467386693,1047.4413125433355
181,1779519527416,25.54202554532878,51.10924976055317,1039.5979695645792
220,1779519527247,29.89105135210978,59.400295111842716,1039.8626678364249
14,1779519527616,22.24919432527402,51.65841552157227,1045.6224147215494
123,1779519527556,29.704017118329062,69.9993700754188,1017.0191879751347
253,1779519527350,29.675701230018888,52.91532144386086,1036.4145807871905
51,1779519527648,22.711675487528183,61.87057097781863,1003.4754981901131
196,1779519527587,28.68871564296202,69.40849691374694,1027.0384308937882
204,1779519527743,22.670593143315195,66.79009013777421,1027.0005871567237
174,1779519527710,25.445366158555203,66.1092006656067,1011.6603917332585
31,1779519527680,22.484486169008846,54.57097715728497,1018.5237972298657
210,1779519527773,28.42282453078856,50.823338198796854,1008.096732821113
70,1779519527865,22.75996200795085,50.90051900306726,1004.7299446067804
168,1779519527834,21.80062834918318,60.39305248593433,1044.9211450991488
227,1779519527802,22.671671515403617,58.66087402325994,1022.6705962890574
74,1779519527896,22.38520992870643,60.63958330758011,1032.7318423292973
143,1779519527991,23.4981917010402,52.78256537361899,1010.5335399940152
242,1779519527929,21.009071786085734,50.55724187909662,1003.0408380256094
60,1779519527960,21.891988271633416,59.72935345983938,1017.3944155946552
126,1779519528020,21.10612838960875,64.96145926004773,1026.9853838951537
278,1779519528148,28.441601533663338,58.66879990262697,1011.7563239908613
11,1779519528051,29.40930805559121,55.89806864371112,1003.5653876959478
158,1779519528116,27.540884685919206,51.82410871199232,1012.6639195226932
291,1779519528178,25.190810208980384,69.08992774859219,1010.3762884316396
43,1779519528087,26.612611698529385,64.6111964067049,1028.5574178324555
126,1779519528210,20.219208790710976,67.88865083268229,1040.3135162000178
296,1779519528492,26.76433634175315,51.12443681873742,1035.7336326432076
129,1779519528272,27.508524665927215,54.99078588977852,1040.4867367302318
13,1779519528241,24.110689110646394,61.22074667177726,1026.4929029633606
266,1779519528649,21.13073317635897,59.08570558131057,1014.0454182864153
159,1779519528335,27.691550906830717,54.783545660952804,1045.1261155333018
6,1779519528305,21.47433203666939,63.49059351706676,1042.4172422649226
232,1779519528711,27.99517327618117,65.48320427551407,1029.7372984466876
81,1779519528367,25.076445600048913,68.7718486929941,1041.3519062403652
135,1779519528398,21.503710688552555,55.72745336877452,1040.6917898604688
283,1779519528743,29.19836382487899,60.28199496627343,1048.8260848642667
198,1779519528461,20.66173623663786,64.03585446735345,1021.862095383121
21,1779519528524,21.39808429035986,55.41346951866348,1006.7652283602655
207,1779519528772,26.632663048285398,61.74853851950685,1004.9140709324037
100,1779519528553,27.660829616973263,50.77810291866302,1004.9034615338937
140,1779519528681,27.614389141925002,62.65858718601587,1034.112941234429
215,1779519528803,23.09176638132844,62.33362756011154,1004.0397882582058
43,1779519528834,28.606736188590812,68.31323631836185,1013.6779251522074
107,1779519528896,24.28153703307047,54.35786645043269,1041.7772656369036
263,1779519528932,25.080216111467728,66.43651013087182,1006.8183111578427
163,1779519529060,23.220330442091083,51.37150593929916,1021.1756767976223
16,1779519528867,20.30064897486969,51.27533720118754,1044.930109563632
256,1779519529033,20.712719640717676,68.29548270837371,1012.984190474129
185,1779519529228,28.70847367113337,50.95877779607869,1006.6957994074272
83,1779519528963,25.406614021519808,54.94258094215481,1045.7204721837838
203,1779519529115,27.975862495564847,61.183789810772886,1004.5067224018702
169,1779519529372,29.133454899404228,68.88206940682447,1004.2939540690054
50,1779519529006,29.67652202791779,52.91789532303148,1026.7676239114742
246,1779519529143,28.24368748025671,58.44608512931381,1014.754736350763
200,1779519529442,27.875260921949792,59.664461397597904,1009.7802100862389
90,1779519529170,22.82577494137202,53.39836186276429,1007.1206402305662
256,1779519529414,26.950956854520236,57.620114337816446,1016.7262074538426
126,1779519529557,20.631194316116158,68.38560455581046,1006.5502833291974
1,1779519529200,27.67826312784967,60.4620388607095,1045.9332432007116
235,1779519529471,26.969523007755736,67.19256380125292,1003.0214743849403
184,1779519529813,27.10571011416938,63.36843070073454,1003.6977518301397
82,1779519529500,26.892997811335917,57.32410074502644,1001.3548485803794
213,1779519529530,21.0737752850403,58.111261735498665,1035.9267682075545
74,1779519529585,21.77687435183552,53.87503679224055,1015.9537493096589
155,1779519529986,23.510238874596414,60.10214175112361,1038.553317878929
241,1779519529676,26.430387135241663,59.127446572569525,1017.9244071457383
68,1779519529618,26.64453616279249,59.414633728060814,1023.5899934826656
136,1779519530017,21.802616430823544,52.0030286531049,1026.8152635965946
272,1779519529732,24.46650165298999,50.56487450294792,1014.5720723188502
51,1779519529647,29.11168094946394,53.00955624999796,1029.402304788622
175,1779519530044,28.47147387666582,50.24624447338771,1038.7550414274945
223,1779519529759,22.249709742843045,56.45304856006155,1025.8164629765972
16,1779519529868,22.25612338537872,55.16354406690037,1037.7996322733525
161,1779519530099,20.58807117463542,53.134583790120594,1008.5092987216742
272,1779519529839,20.25120675523553,59.34106270430385,1030.6544731241386
74,1779519529930,24.04227467287501,64.88047065825882,1013.4862113184817
270,1779519529901,22.100781200150998,58.365294884529675,1010.6110097662761
26,1779519530072,25.961594701857088,51.36935119594782,1026.6377812330902
154,1779519530494,22.98581029548632,51.08278131033945,1008.4749071782164
283,1779519530127,28.704356799892043,50.88324770471429,1030.7984023568856
81,1779519530183,28.66870980128295,68.45675928617909,1024.7650795046216
184,1779519530521,24.980768340542962,66.66315439206065,1000.3781696415116
297,1779519530154,25.949170410470657,66.38079102630047,1038.7449536966649
51,1779519530211,29.816865947238618,69.76727826058097,1045.040219821873
151,1779519530549,23.722045125806073,57.142675208429345,1007.3196101744097
282,1779519530265,22.448636676126277,60.68462765524657,1047.932741793298
51,1779519530240,29.58481728992031,50.290333862463385,1024.925731821725
104,1779519530576,29.78813504239976,61.88512972188413,1032.6986441120266
300,1779519530321,24.519460772566596,60.529216821806855,1017.631972309783
37,1779519530349,28.688340740955574,50.01002830504423,1011.6923323647335
117,1779519530605,20.906662157705785,59.57836332760758,1024.980977999928
221,1779519530407,21.64300786941918,64.7544731431731,1036.086895020033
96,1779519530465,22.285517582423196,67.06729957946422,1036.4031925386507
171,1779519530659,21.26363761296505,63.724731081520474,1026.4398909565043
267,1779519530633,29.637639560521105,65.33271130595308,1044.9845315389352
89,1779519530689,20.37332794345837,57.85878716690904,1009.6763408871217
176,1779519530746,23.414571640120826,55.16126994201108,1014.3684072014133
297,1779519530718,21.901220779561626,55.18959331842187,1019.8992621002621
13,1779519530800,23.29450383492233,50.81330083743843,1021.7881414819877
162,1779519530913,25.863081367200376,53.27109987481788,1022.4019059807573
278,1779519530773,25.190667192451613,62.45467837859384,1017.1196278048743
49,1779519530883,22.39220277448061,64.29968860499152,1012.7012604332591
145,1779519530968,29.512674026258964,53.9406551559403,1041.9070119693513
207,1779519530829,20.22641717742394,57.662532985741386,1006.5514340095572
69,1779519530994,20.59029361253102,51.57656533042967,1047.3953890388702
199,1779519531022,21.93048716183209,64.46851697382895,1005.0960381000192
270,1779519530940,28.09347839931461,63.75684489784739,1034.1023529931447
22,1779519531131,20.00802762691485,59.62797977850585,1046.9240209373486
125,1779519531102,21.781890802413855,55.47338218074046,1012.6606211495816
213,1779519531050,26.334367043385228,54.243323011841724,1015.3598022261051
59,1779519531214,24.356234977387665,65.66577003923263,1011.3644427420486
171,1779519531184,21.440670846491916,62.62728180687127,1024.6732490800425
208,1779519531158,29.620170672850595,69.68712439080653,1043.9635096974564
52,1779519531299,29.752791257977048,57.19298157604551,1024.1701896800455
168,1779519531271,22.08345774559456,56.23132446667869,1018.4557416963058
231,1779519531245,28.82577674206069,68.55865350347727,1038.4163310687672
49,1779519531352,27.011816363203547,65.10093524038263,1021.6908454545236
159,1779519531381,25.072193635155415,59.47662101660119,1011.5862222032855
203,1779519531327,23.284886530316708,68.9976814593729,1046.20818077573
30,1779519531408,24.452975247903673,69.52089904935974,1027.6694603664312
179,1779519531466,26.000108084159468,64.56596378133275,1031.2768221359102
238,1779519531608,25.13463434782595,58.96000188650917,1034.1612651863234
23,1779519531493,22.528416739584486,55.21224175879476,1040.497117506947
168,1779519531753,26.241250850366427,61.31490709818528,1033.952888591494
233,1779519531639,20.452365547969244,55.227404529652205,1043.0167185315697
35,1779519531581,22.547813329324903,68.90408080115046,1040.0222145639996
166,1779519531782,29.02598448721728,51.556429659095,1034.0797335361915
274,1779519531696,21.128563600504716,50.05738967903318,1042.4934165967916
66,1779519531667,25.85937593182505,60.074454653229296,1020.1919990632251
105,1779519531862,27.328401360394892,57.67650450577101,1023.2333675700677
210,1779519531890,27.54254476783641,61.1531077944714,1021.1151968112007
26,1779519531808,21.703356917386145,65.44009837596658,1000.6786649125294
194,1779519531981,24.875801446412474,62.195552761381684,1036.5342787877316
215,1779519532122,20.760398590015228,64.59700546485419,1046.8272601716928
100,1779519531920,25.16049994536734,68.81261980768919,1036.502700871223
195,1779519532039,25.234153776733436,61.475310813723176,1014.9263581338129
258,1779519532147,20.60014113053935,67.64673851498509,1042.3597135210944
29,1779519532012,29.599561290278206,60.3437358068341,1008.9354926193764
120,1779519532173,20.633137169036708,51.34893140835873,1005.2707119656147
223,1779519532200,25.677852334714533,60.68159428312641,1048.5347315200938
97,1779519532095,29.735787330802033,52.03723313790055,1021.5156797098898
187,1779519532253,25.719082114033558,62.48828269961791,1032.224084225637
228,1779519532227,22.424922408734716,65.40517107876653,1048.3470931313834
85,1779519532358,20.930716908838356,68.30818852672053,1002.0631876154933
198,1779519532281,22.461700051199628,63.29866863748855,1028.405920438912
283,1779519532307,25.60069994174713,60.70406497330146,1027.3308680829623
30,1779519532435,26.596311740109023,68.6286963994655,1018.661476647464
113,1779519532669,24.65724080573546,67.73221816379989,1025.013388589464
227,1779519532384,26.47450327570448,66.47490917712176,1022.617313315258
72,1779519532461,26.34825012775924,54.277768839971806,1031.277618530069
106,1779519532776,23.936660115689275,63.019754596426324,1049.1185990083482
293,1779519532565,25.775340974501276,56.21170359672176,1031.8334568758278
84,1779519532487,26.090268673841678,62.98480457225948,1038.3243388218477
172,1779519532886,21.53804467464769,68.35447656515461,1047.0175298255353
286,1779519532696,28.180599702853982,69.9657708411509,1047.1851367603945
51,1779519532591,27.39429347961974,63.50781367161909,1039.9203693212976
160,1779519532943,23.434784795982157,65.60270330462603,1042.486143216225
240,1779519532832,22.376273497157907,52.14473558736432,1030.1556453045478
34,1779519532722,22.220712210655723,62.145182884779445,1032.0040945110484
188,1779519533030,21.56948912645039,65.91565624065228,1016.6658447380962
246,1779519533003,27.44363093451559,57.2149646419616,1039.44227654354
77,1779519532805,29.002743595442606,61.21934774487641,1019.6787583291289
141,1779519533056,25.266434658602247,54.56018391966138,1014.4087220991973
286,1779519533113,22.312266751114663,57.70171158956864,1023.1680446784541
99,1779519532915,22.72337864049984,63.995442810459764,1046.9112772221335
122,1779519533278,25.598839700524792,61.577869773532775,1012.1494013214365
215,1779519533169,26.424758440555387,51.51751389951868,1043.1909514011122
35,1779519533085,20.022769700605277,58.09273987115199,1028.6414651086045
173,1779519533391,21.58084320084112,55.69439799921466,1000.5280238398564
204,1779519533197,22.330976114469937,57.57875006089951,1022.8701323364418
6,1779519533141,24.612909489167823,62.17014705745133,1000.3684919030271
116,1779519533441,24.35127389030679,51.21921352215235,1008.4804898628346
295,1779519533224,24.157610919406387,55.809858704063195,1000.7321328214668
42,1779519533251,25.55470359133037,58.64589510861686,1045.6259146623966
113,1779519533551,26.605975391357205,67.24546060369144,1006.3558494379514
241,1779519533303,23.43855286144641,63.520796355864526,1049.4978183217759
45,1779519533331,21.54476682805597,51.342005568871286,1035.5569434490571
172,1779519533607,29.265519300292617,63.915196955864516,1018.5868892208324
231,1779519533498,24.875664986037165,60.76353136880209,1029.5297260040888
21,1779519533416,27.00472124383797,52.31477725187796,1025.3825854455094
147,1779519533633,23.150423208882405,50.81065119307154,1035.8842095876025
292,1779519533902,21.921767945704087,57.49578935184644,1030.3842142964218
67,1779519533525,29.1552331368,50.52831459501697,1018.3976538414028
132,1779519533687,22.272232740192706,55.642724805832124,1048.3162973452086
292,1779519533980,24.75032742734189,67.06101808675248,1033.1790573932717
51,1779519533660,27.972693424596606,50.07418570796405,1042.989475002248
166,1779519533714,23.036217136048506,57.989678686406414,1046.1494894805744
296,1779519534062,28.61736218776568,58.900040378755456,1011.6750690701825
71,1779519533768,26.758701230719485,59.719071001387334,1017.0227361415414
159,1779519533822,24.019404944399376,60.45861005205616,1005.4236884977296
264,1779519534248,28.85862762082816,62.24665516170029,1025.971135942401
31,1779519533847,20.339738586382868,59.856009119837026,1030.0386308138127
130,1779519533928,28.670591742215056,67.47910386376167,1033.0877940769922
277,1779519534303,24.89970736911461,67.43753200783107,1003.6676430602
34,1779519534034,25.869602218048,52.838044257894424,1042.1186235453245
171,1779519534008,22.010652903922374,55.63179390641393,1007.6748189385952
211,1779519534387,22.54321213849959,51.36327715575985,1025.3325278201723
24,1779519534117,23.612337334866965,55.75900734885978,1009.1793130046218
125,1779519534090,21.81194829721616,69.9732534335834,1018.6043591604695
275,1779519534501,22.86456820786295,62.3220156569694,1033.6799248300365
88,1779519534275,28.15380764484217,65.62522395303552,1013.420391412378
137,1779519534196,26.533869140888616,66.0514609001479,1027.6057172031076
268,1779519534584,20.271240423636584,55.62343248248173,1031.5333887969102
94,1779519534331,22.35322784490511,67.9064300729549,1013.0317508108701
165,1779519534418,21.82144707862945,63.21328202863649,1033.112925835505
208,1779519534762,27.9213751034656,62.55960362486426,1022.7842549187035
15,1779519534359,28.00125898151801,68.65481080339424,1046.4124417594442
140,1779519534609,22.242119026554334,67.76570286127603,1035.0005988158296
218,1779519534898,28.760922838462324,54.012390398712284,1030.875129941567
8,1779519534448,28.692874303132754,68.71428098911309,1026.0628359572513
147,1779519534640,23.691305621004407,61.46768055047268,1013.5331677787518
287,1779519534953,21.565658743640665,56.11563016627211,1009.8681784586227
28,1779519534558,20.835101639562886,69.82256544181139,1008.3540802141921
174,1779519534699,26.11785857183032,54.42280258062671,1003.1947928706879
204,1779519535066,20.97085867914962,64.52414671869812,1015.3989006645825
87,1779519534670,28.28520740035118,58.365335256175214,1030.3297323085822
172,1779519534733,22.121327641008378,52.89297789224364,1042.289740674988
232,1779519535094,27.140625684159158,68.59968213020956,1048.6894525667117
48,1779519534789,21.689181618199033,63.50851383223485,1032.3980662591935
195,1779519534868,29.424583389859325,61.37588457019362,1014.7681099794689
264,1779519535122,26.743769666037487,61.43591673935961,1018.4897003073178
60,1779519534925,20.313489588517147,67.73829479455958,1020.766011308295
163,1779519534981,24.613980407586798,63.56491211430025,1042.6245967480627
221,1779519535205,29.319055130965076,54.74035763347499,1024.5358151871199
46,1779519535149,23.79898211222289,61.65012568874945,1004.8500497278746
145,1779519535011,25.15530409421637,54.05875197945481,1041.7101743172577
272,1779519535376,20.611576129722824,55.59652548224146,1031.940730076384
56,1779519535234,28.132659469643887,56.34741170869474,1000.0757025188826
125,1779519535175,25.607911255550775,60.96906684619386,1037.0369397026514
287,1779519535492,23.800654438865152,69.68022117130302,1046.3949897985278
84,1779519535262,26.90762272845746,68.62899930557825,1032.8883868173364
147,1779519535291,20.313125337302242,57.841553944917855,1012.6029244404554
296,1779519535708,24.449017708485062,52.9015564890025,1031.019667468659
62,1779519535320,23.629700305145754,63.529859746835754,1020.7503478260747
190,1779519535434,25.609454699089586,62.491284339515616,1012.319993534559
274,1779519535765,23.857385440643114,69.85395730536828,1021.8908753926945
28,1779519535404,20.453760363717706,54.380180094898726,1029.2622136891507
108,1779519535464,22.0811690637853,55.6324216778475,1044.2435034411762
270,1779519535791,26.787344037652097,65.62541993690994,1048.5847534961904
87,1779519535520,24.901043090263123,69.9227100708944,1019.495657252468
140,1779519535550,28.049562157327948,65.2230594893732,1037.4081415397573
201,1779519535818,28.066473359944574,65.75127109026565,1042.975376391285
37,1779519535575,21.3889844553227,63.23989551177927,1043.0270182401034
136,1779519535629,27.448145027457223,60.67110603671536,1031.0838108406192
292,1779519535901,25.96368810917771,60.534877989856106,1036.8394883333665
64,1779519535683,25.923106120700304,59.43042054182312,1041.1626644360385
129,1779519535873,26.103946787445448,69.89129042171328,1031.94088885949
212,1779519535956,28.949950930806892,68.18340516530787,1009.7733072534822
14,1779519535845,22.161099892456125,65.2902898709165,1049.9553899004832
156,1779519535927,20.39346513812105,62.6054356803173,1040.112483661528
239,1779519535984,27.491165359178957,63.8310805397205,1026.4590712602524
91,1779519536154,29.277920027456414,65.15300773207059,1015.5669232369885
103,1779519536014,24.256297794557923,65.87905838068906,1027.7241551765608
240,1779519536098,20.236274004399167,56.13453559390465,1002.8320943410141
87,1779519536183,20.189192888207625,66.0705172819014,1024.6783951961079
113,1779519536042,29.475293826981197,69.5101327034931,1001.5714507563465
269,1779519536128,27.906027249145588,62.94439175199848,1044.2375788002519
53,1779519536275,21.92500544589854,54.33138815702844,1045.9921706087616
171,1779519536245,26.63015588010213,52.34759737541002,1041.0970465135313
242,1779519536217,26.89476275433163,63.54098672916772,1006.1210049657409
35,1779519536306,23.840453258194845,53.426675714682254,1027.8069026660128
120,1779519536333,20.03783964086099,66.92093564419193,1031.3240620103234
271,1779519536447,25.99835130025637,57.3769306977898,1012.7537993979583
14,1779519536361,26.279951648289664,63.73765915181066,1025.8957426781321
187,1779519536387,23.01753131256956,55.934734292823116,1049.1749075763316
252,1779519536591,24.03586339491828,54.576149608778636,1046.1279450284158
52,1779519536417,23.410148453296973,65.68658847040575,1045.8692838411612
135,1779519536503,24.89796728305779,69.75394401196941,1048.0127365223832
240,1779519536644,27.716219869643623,60.583195553837946,1047.0631030777888
40,1779519536562,21.379242224224598,66.05834537051379,1043.2272152051012
200,1779519536617,20.705468248592634,63.840099068014055,1015.1707986725233
297,1779519536672,22.721097776594593,61.274555415741816,1029.764302941226
10,1779519536729,26.876197974872166,68.7754957201908,1032.8500965232229
148,1779519536701,26.629209982814416,50.29384470857601,1046.3326934067763
206,1779519536785,26.068284663834017,64.4900472764281,1036.085442375806
79,1779519536758,20.529394903603844,51.21945355120463,1007.4932228843721
199,1779519536815,29.673925803406938,66.53505022983528,1047.796432858113
238,1779519537017,26.825650017130418,61.89275220085753,1003.9597487667036
92,1779519536845,24.12558419203517,65.00047984571802,1035.248241359726
153,1779519536875,20.83317752999153,61.027856755018774,1038.6470202200721
207,1779519537044,21.08552994756989,51.35756305408768,1049.7136562419241
13,1779519536904,27.955486938721798,66.41854566780867,1045.7928749533755
131,1779519536962,26.877774212492838,68.10827648552976,1036.2449591123768
280,1779519537135,21.32278365537632,57.100589761142786,1011.5198174163774
66,1779519537165,28.020511474656253,67.7299279685182,1042.3051426097259
131,1779519537073,20.271275064832643,59.56190230705295,1030.1559997198635
250,1779519537221,21.71828143216924,66.30087344777432,1010.0957897072439
87,1779519537192,28.176886801515515,67.3249850333807,1017.308431318354
145,1779519537606,22.177392432661023,52.4279996680031,1011.9097686287461
263,1779519537251,21.983828158779005,53.214419078551074,1023.7836535661124
65,1779519537285,24.27811344080276,50.99718933344006,1012.7305186622161
188,1779519537691,21.082907076374557,56.56435119382532,1013.904639371336
272,1779519537347,24.622838675133163,67.21483544961943,1036.3012438233495
75,1779519537319,27.74157080809692,54.09204378918808,1009.4886870303517
115,1779519537721,24.16114950150838,67.83695190587636,1029.7570326769733
283,1779519537409,29.22988045181352,61.81750199771616,1047.5245918393227
70,1779519537465,20.166701065073074,57.340479634492176,1019.4173143970959
175,1779519537777,21.176992204124645,64.53309887765789,1047.5353367651894
244,1779519537493,24.6392183477435,50.622478895939,1013.5365969779815
91,1779519537521,21.33605933405601,55.457153143218164,1035.507992704766
171,1779519537864,23.619504588662988,55.81203661831647,1020.4231289913055
218,1779519537953,24.572897583345316,52.2018491426198,1021.3797779398885
11,1779519537634,29.841078865182375,69.203013240035,1011.5430108423454
130,1779519537892,27.2727742217372,61.54586821980627,1027.802943571306
276,1779519538066,20.586484499927604,69.89287299649025,1003.4651691696953
13,1779519537751,25.339536359454087,66.45564398706887,1014.8460423554754
140,1779519537923,27.970478844458164,58.76992806548248,1021.8027598753098
220,1779519538092,25.06808095441476,57.13313935159348,1044.2764479286473
38,1779519537835,25.160582431570898,50.80667966074082,1045.6150963732655
143,1779519537983,20.519782009886775,51.340109300375296,1040.258270404789
254,1779519538119,27.588277289629385,64.763266859622,1047.4781152249086
25,1779519538010,26.156500588716987,57.829295241279375,1041.6571616650735
200,1779519538290,21.771042048770873,68.9200480518487,1040.7239853348362
249,1779519538173,24.368602869950664,50.10215877200368,1048.5325354193503
56,1779519538039,28.383373498506074,60.54295485208158,1044.4886956179696
153,1779519538373,22.587246970440052,55.90423090513336,1031.2388778356042
271,1779519538230,21.354783272152897,60.96814759122339,1023.4878247964854
75,1779519538147,21.842771888651797,69.72667635716964,1037.6176678740637
195,1779519538406,25.216995064866936,50.86363197467021,1018.4920561732991
287,1779519538496,24.199298928286584,66.79002490136175,1014.2523304493276
47,1779519538257,29.892909252567556,63.751554804807675,1027.4839511847824
140,1779519538438,25.816317768409,53.462623198271324,1008.7644591495894
239,1779519538626,21.93388578309755,56.194652566038236,1011.3890585038679
45,1779519538528,29.042141088271656,64.21730168931182,1014.0741946677658
175,1779519538467,27.790486917223024,66.71858527580955,1038.308320296083
260,1779519538657,22.705895099766938,69.19026639048742,1047.6152144428777
17,1779519538560,27.536856402489637,53.82056896861192,1049.4227874412315
200,1779519538763,25.857926079256792,60.4676505948202,1022.8298975564202
220,1779519538687,28.721247846228636,59.068419492791634,1039.204982725973
52,1779519538592,27.99393324504152,61.08169100947337,1039.6490214172654
233,1779519538721,20.968413176209662,51.510666405252024,1000.7246953359355
169,1779519539119,22.99399540523491,64.71415887911236,1023.9650081793694
93,1779519538852,22.934831628432878,57.843787520125474,1011.0800349224248
246,1779519538888,29.073871466845137,65.92066167884336,1016.6909988528619
64,1779519538946,21.230107901494897,57.4797218929276,1031.381423813493
103,1779519539369,26.92900101304568,51.763314215177225,1041.7461744021155
234,1779519539026,23.445996340410016,56.068235353089044,1016.6187285258475
51,1779519538978,21.319908992566116,50.02798824374871,1011.5343991764947
129,1779519539415,21.861116408358704,53.002343290994105,1023.4896432486819
284,1779519539173,21.578637631125932,61.22835014505241,1023.3496223539976
50,1779519539078,23.98457141510323,58.32676182281276,1031.3640250825167
235,1779519539227,27.5309885685277,50.061798351962956,1007.5708478505279
133,1779519539508,28.465594528204996,56.339793667124155,1040.0165779262747
40,1779519539461,26.09205648464766,62.84235043849425,1005.685088241038
112,1779519539607,28.995140164328596,58.3895413812018,1048.0135182310398
203,1779519539275,22.269922399067063,65.02008676336662,1021.2069030291402
33,1779519539554,21.31998157980106,54.06113422002372,1006.7598544444918
246,1779519539323,28.735794976969242,53.36875296650291,1006.3222973143055
192,1779519539738,26.526759444828194,66.3860854926464,1003.99839853189
47,1779519539647,25.958844562808434,53.059525186814724,1045.2750833221126
244,1779519539695,26.5569508528803,55.12956932103194,1016.380942768855
125,1779519539957,29.238910766062837,62.64508352857779,1047.4692939109568
9,1779519539896,26.967224965223938,63.016896130036564,1046.5125639463565
300,1779519539770,29.207143077624263,61.54483492610851,1025.5503660238053
68,1779519539925,24.103306167726373,57.83636869621198,1000.2027405992117
278,1779519539803,20.90301731500931,60.80849772174246,1045.5506595866923
1,1779519540113,25.783984773420503,50.719670493058345,1035.2146891492991
291,1779519539850,29.012589052791867,59.65431788205951,1005.6109621701899
114,1779519540285,22.156949305807647,64.64073565614636,1025.398548533401
48,1779519540161,28.03667971053298,68.57880250756419,1009.0834134670955
245,1779519540005,23.277902726009785,54.71121277829801,1026.3403068353507
169,1779519540316,24.58397556829148,54.68807000159921,1047.3197694679188
68,1779519540205,24.2747271803839,55.307652750628094,1012.8887767611158
277,1779519540051,20.52665826496049,62.32933070136983,1016.5013811548889
147,1779519540361,29.946999223176945,53.288166557468905,1006.0328774241689
80,1779519540237,25.48960787496725,61.58590900528238,1022.2437790386817
295,1779519540081,28.97881786981258,57.70791624524655,1028.5096203715686
116,1779519540612,23.63356585704841,50.85592087812697,1049.960879957343
82,1779519540420,24.58154530983939,58.95518624185698,1032.4813824094394
260,1779519540454,23.242790934318375,52.29008848385665,1033.0998485023388
147,1779519540657,29.94517818486302,58.5534890131426,1008.6210967203614
57,1779519540577,23.92947887646133,66.75779817146169,1015.7199817793166
233,1779519540495,29.456726357376244,53.92486138098287,1034.805705438313
166,1779519540856,27.182890147160318,66.81777954718181,1010.3983083965319
80,1779519540712,22.67579188411056,61.27067669250881,1037.534115270209
201,1779519540536,25.458309383713843,69.88342145756567,1019.5633934014643
148,1779519540923,25.959951640376698,66.78549031152713,1008.476120401724
240,1779519540753,27.681007434555404,63.89342902962802,1044.1987742726533
154,1779519541015,22.8390983685686,64.99931447817659,1035.7660700872739
5,1779519541077,20.34062768386602,61.21202013354617,1001.4174931193639
245,1779519540820,26.767595263114927,69.71693455931955,1041.0476275739604
128,1779519541231,20.92851167399855,58.060901683034864,1040.184977148632
206,1779519540889,22.0820890026548,55.51297659928488,1039.7674968098813
86,1779519541262,22.15204279288998,53.01710769292466,1034.0084786641473
133,1779519541291,25.70654852686807,67.76276662452497,1020.9425325292548
247,1779519540967,28.522477505344582,61.546929667793655,1021.4433405950394
153,1779519541326,20.93207410928122,50.24942674031244,1047.965625736152
43,1779519541451,21.9791069463477,54.12858508042892,1010.9389750149277
259,1779519541046,24.89994020428507,65.4133485052884,1000.0914719260071
189,1779519541374,23.441700603748636,65.21796111190343,1040.7084177812562
287,1779519541108,28.561712207435004,59.555625369878996,1001.447247594153
177,1779519541419,23.288920950318797,54.47851317589859,1017.6947262337561
35,1779519541684,27.953260309127128,60.49034676642378,1023.4816086566326
260,1779519541185,27.542454089768416,61.6173861205956,1037.8534955720033
159,1779519541494,24.04755444818268,50.202887073731475,1025.203237750482
248,1779519541527,27.040527856085667,68.9849271399145,1027.0384374958749
183,1779519541606,22.796398534909244,64.82911053689548,1026.4212989046434
66,1779519541919,22.678248706222867,53.59733773214292,1026.1242649712146
237,1779519541562,25.589646469500046,58.042320071646316,1038.476636497015
104,1779519541639,21.982819781538627,53.15369289861586,1004.5584917801468
251,1779519541749,29.973183162450653,63.172589560867436,1025.9272630242026
12,1779519541998,24.152252942678025,64.54319032959364,1029.6312761588358
141,1779519541714,29.805275620701984,55.067277151101536,1049.146364795163
78,1779519542091,21.822122932371602,67.82833338377415,1029.2296737156198
231,1779519541824,21.14127970281296,54.42614795335125,1008.5156512909703
168,1779519541795,20.523886321478418,69.21231373651015,1017.2414808064924
292,1779519541953,24.378535664530148,67.72885448641841,1017.1640269292656
167,1779519541855,28.19968199322335,61.16452261567131,1013.8700957110769
265,1779519542061,25.352256220233443,66.46194777680904,1040.826866891535
156,1779519541888,28.206414959027775,62.360604282527326,1001.7895573047757
296,1779519542121,25.83344710406262,52.08769366632802,1045.9291904575261
47,1779519542479,24.896564262694884,51.25863358164961,1008.665163210097
128,1779519542028,24.486352467315527,66.59022504646855,1042.4756911959112
213,1779519542325,21.24360910293276,69.05331754983622,1018.4898443377608
98,1779519542508,25.48254460150523,67.95475460180349,1016.8655013899921
150,1779519542153,22.764825745533873,59.67923535726135,1022.0671249349418
242,1779519542355,29.981343761350708,66.82061403466221,1032.3403185245722
53,1779519542684,27.540214676034196,67.02087502344834,1001.362090202504
114,1779519542215,29.152095345851762,56.79661799807637,1008.9708199729342
210,1779519542386,23.194350350203454,53.476783312689044,1015.7421925006853
99,1779519542762,24.27004403079627,51.39262928612294,1024.094177060058
157,1779519542416,21.922710174459,61.96279671418789,1015.9300865688476
240,1779519542540,23.656092565710292,53.22169214285783,1004.1328295771377
52,1779519542808,25.95069569150712,53.2974433616356,1011.2422478910684
116,1779519542447,25.94615103064636,59.680197516840366,1025.4977133862155
244,1779519542571,28.910909010790874,65.7471290174633,1037.8716926327795
95,1779519542851,28.405096509640956,62.1232663147411,1039.7062739946334
200,1779519542728,23.547666650135668,65.25154759018676,1015.8139758041726
284,1779519542601,25.198776572725503,66.17249298517092,1037.9447757891242
32,1779519542883,21.476464139041305,69.25916751346648,1001.2911387794799
192,1779519542943,28.15803856491634,57.48514246560937,1013.6923715275232
244,1779519542913,20.199264816967162,64.29914191278422,1000.218891551197
51,1779519542976,29.34997785208182,51.5993626604856,1030.0867290004976
103,1779519543144,22.774793807476023,61.78566347256627,1041.624750353569
214,1779519543006,23.332600525410662,52.600302279565135,1042.5080962191344
26,1779519543049,24.645150316272627,69.7001038327367,1019.1185304962651
190,1779519543204,20.88692091913824,56.503141422571964,1017.5598960079433
237,1779519543084,29.272117593841017,55.200960352137145,1013.2664076575084
27,1779519543113,21.249798598209583,67.24415482945426,1046.7161171268865
160,1779519543237,26.969041345454304,61.11913023664064,1012.1051916984117
275,1779519543174,29.283572967720588,56.26069821686927,1030.8808229841754
59,1779519543506,20.605915882275717,64.5865347945443,1047.5715215846546
104,1779519543300,23.057832750513125,64.37103112696273,1037.8209412744443
229,1779519543267,28.45044425266201,68.64240916627088,1037.042104362316
35,1779519543553,26.00135079973112,62.59644945502807,1006.445893376013
159,1779519543393,29.869331588662035,60.28827583141104,1036.6346081010315
218,1779519543331,21.225732510187427,57.89838753298898,1010.7344114916339
18,1779519543632,22.516354727056004,52.465233630709655,1036.0494795916354
178,1779519543424,29.89635828178939,67.31258083868373,1043.7851056223099
253,1779519543363,25.22064184855147,52.17959208293474,1042.7067205913302
80,1779519543678,26.79720442955473,53.59436618992612,1030.7978450285527
123,1779519543457,22.274399286711418,61.756284867766524,1016.2909101827593
275,1779519543597,27.74891776129453,51.95649700276154,1001.5838334489412
31,1779519543736,23.196971401227977,58.1665018771606,1004.511507829678
108,1779519543812,28.65094666153109,62.96762844277097,1001.8299774263867
73,1779519543774,29.479342230281986,56.55210700760038,1016.1290213132203
222,1779519544169,27.26328828694259,68.50081069125244,1048.398617703125
174,1779519543951,23.269332674152402,54.509809588062375,1006.4650880423868
59,1779519543843,28.07236014874419,53.62045969288685,1035.0835636118936
173,1779519544027,26.787655170056052,66.9179703739788,1018.7241973645891
300,1779519544199,29.773683038933093,50.363540351742884,1020.3121610635425
45,1779519543873,24.201730657630264,69.85495956879699,1029.1348106456642
149,1779519544061,22.423824063133324,50.06997823764651,1025.8644495960864
263,1779519544322,25.976915355535443,55.23474981418473,1040.2749351028112
72,1779519543992,21.81715297530062,62.19681711873976,1029.5614580267359
202,1779519544388,27.82656923921299,58.13466248338315,1012.6041871902979
180,1779519544105,27.59191639540555,63.78239947860558,1034.2145916672282
19,1779519544137,27.359818477972635,61.12262682806629,1003.2508585216316
199,1779519544292,28.1166980438897,62.61116707693945,1013.0521879165788
277,1779519544417,27.878361149524657,51.07493951997418,1026.1214559825455
43,1779519544228,24.243072671973525,68.17549520094343,1017.3186494797218
240,1779519544698,27.727065448209718,50.61206733191033,1018.5101732268829
198,1779519544511,24.411239691851826,60.519232927110174,1016.8610295163652
91,1779519544355,24.2902032597366,67.2534924794191,1012.4572463812415
247,1779519544729,22.388311250685263,68.38032652879747,1041.156548401148
180,1779519544541,23.864645390082444,60.12609033848321,1013.7852690967893
32,1779519544448,23.2403225241521,56.66871076883528,1046.5497949433793
147,1779519544607,22.503189033404997,62.501605962128004,1019.1224969353328
253,1779519544886,29.231304182505774,62.49783209500635,1023.7936118915878
71,1779519544575,20.937479450819197,63.70643498753745,1030.1589137893104
274,1779519544919,26.611980240809718,55.565210982847226,1006.4476956755718
137,1779519544636,21.552391780250304,66.81290066194342,1021.5962550500425
3,1779519544666,29.48135430506074,66.27965400158055,1032.707817215221
118,1779519544760,20.24025669088639,51.83448028175754,1011.0629689669233
204,1779519545058,29.609990423945312,55.43374778138397,1008.5239197449527
19,1779519544795,26.421284717328817,64.81696191590198,1027.8328460728687
250,1779519545150,21.524435261748234,63.36217737877483,1046.3935172435463
109,1779519544825,21.201751755029164,60.8984563184317,1024.2098682672458
67,1779519544855,24.459891180204195,57.60026270881501,1009.0878306274078
293,1779519545184,25.30812078345786,56.062577268132614,1041.9690520610482
114,1779519544982,22.947382190466506,62.008282056660974,1036.5926460353444
17,1779519544949,24.85128850276113,51.870590252304595,1029.0934096174176
108,1779519545028,21.09905411855552,50.86577038056057,1008.7423230469191
287,1779519545337,29.00129308849802,64.95713372667224,1006.9136124705237
24,1779519545089,29.130189489947405,61.046692517252225,1026.586435172594
207,1779519545400,26.039719173527534,59.01351298700379,1003.5634569024239
140,1779519545212,26.5123554208992,57.34417963489973,1033.4068333964296
52,1779519545304,27.533558149882207,66.71603965618516,1043.4851699897615
116,1779519545244,28.183432114300814,64.34585279277377,1009.5344248761003
211,1779519545524,27.151054124976262,55.57588494117509,1029.3419631077234
42,1779519545367,29.52280374445853,62.93361628077235,1042.2752707811328
168,1779519545275,27.786848017755972,69.11592575183694,1021.5064495563547
230,1779519545618,28.514720034334488,53.07371115378212,1045.5776548683164
59,1779519545462,21.251356753685435,68.36379491285636,1014.6496815301641
153,1779519545430,23.39000420631693,59.613994106019774,1033.9988165135674
266,1779519545648,28.02164915111007,68.12773934505543,1007.5500907943947
16,1779519545585,23.057135139330306,53.9220019653603,1019.5409326651319
256,1779519545679,28.930409085025193,65.20805168733762,1016.6634530201187
200,1779519545493,21.55175557565396,54.63050816561544,1041.5988056146887
94,1779519545740,20.607953380526972,53.098116420587324,1037.6216248738567
233,1779519545804,23.233117929271895,52.53161541348426,1035.3849835163082
149,1779519545711,25.517916239674733,54.01016459561309,1048.1257996666886
41,1779519545896,24.00509698702963,54.562106322629695,1049.836950192814
249,1779519546084,29.44133278003344,50.47204694448524,1048.6760303792714
173,1779519545772,25.191271147867624,62.211001295620065,1011.2094649351201
99,1779519545960,22.41270339638103,59.96633922347577,1034.5173706506105
102,1779519545836,26.43405231754021,61.56137606142749,1001.5137117299818
258,1779519546118,27.14270710987026,67.697188798454,1007.1605776853678
60,1779519545989,28.714966815575657,55.723166948359726,1048.0203038769937
219,1779519546478,25.36733305449847,53.75867862747375,1029.440998634161
125,1779519545931,29.07010634474998,51.542038379423204,1000.7750433494575
32,1779519546023,23.906599692461747,61.416584568330876,1020.7137204722267
158,1779519546147,25.785191379805205,68.05314205439754,1029.2231521241783
262,1779519546661,20.06209531217967,69.50158826353461,1027.1646773052641
94,1779519546208,26.23665309365137,67.10026238424851,1009.3822450665576
184,1779519546178,20.391617819011824,55.39455276669098,1021.9797564630097
284,1779519546780,24.410406235305693,62.27005982512239,1024.8501733160363
53,1779519546241,26.484311345144295,52.252624328739614,1034.9576605012824
187,1779519546335,28.121427689662085,69.41296148979862,1016.8338371950281
226,1779519546825,27.202755966171033,67.5357518793266,1007.2902892508931
33,1779519546402,28.822820769662496,66.79624007694727,1016.4395239842996
139,1779519546368,24.802021618639415,50.86479304864442,1036.5027945122495
12,1779519546708,22.433428365285536,62.47929206395487,1047.1038513185542
201,1779519546933,29.77755489410594,62.8991863859719,1006.8745607108345
106,1779519546514,24.381873364359926,51.34627429828575,1035.5280384670725
76,1779519546867,21.10986354392038,62.41385836799881,1009.510805697727
272,1779519547044,29.996677741588606,61.4519148224352,1013.2048296261659
101,1779519546608,20.82880700285091,64.15042467559078,1018.6767578827813
52,1779519546904,21.06339067744097,64.93721166486458,1029.1419281456297
242,1779519547134,26.234238525382672,54.83977754114402,1036.9217828475278
147,1779519546744,28.879318171562325,64.84275477169186,1049.57825464622
74,1779519546966,28.996661037700335,57.76804066060116,1038.3398988729257
237,1779519547167,29.82700743036101,56.601903106206024,1018.6778738489877
161,1779519547074,28.56517190448962,61.61031010481576,1003.90667252817
144,1779519547105,26.130892873662177,50.984849387650435,1030.265581476163
93,1779519546999,25.747242186367505,64.31480510175689,1021.4587151239602
298,1779519547305,23.365965116122123,56.80246338578251,1016.8135756368496
158,1779519547198,22.614180820435784,62.87668870897704,1000.9454313700968
17,1779519547227,20.50422788352531,63.90900595917504,1012.6831938523528
243,1779519547819,28.080059830617245,55.78002575565717,1035.8005505070403
175,1779519547265,29.61911238486284,64.88487621298839,1016.0510680101254
9,1779519547851,25.472515502789808,68.77060586896208,1024.542947695188
296,1779519547952,24.03982838856785,63.68013994970944,1036.1590480678783
137,1779519547336,22.697209839225835,69.65388534433743,1036.3286821389634
24,1779519548043,21.617225678427488,51.465731084218454,1001.4789589886722
142,1779519547411,23.91285707050773,60.40454147252812,1022.9174415726131
247,1779519548094,24.196450482582318,67.09648846045216,1028.0864115063907
42,1779519548141,25.71152410726144,59.35100186567741,1012.8944114964435
216,1779519548204,21.91451505146661,61.1100840745286,1030.11142524143
149,1779519547899,24.354634443042155,66.44291216416883,1004.165678450008
154,1779519547997,29.407391167245933,64.48153424150084,1000.4175327999501
207,1779519548263,21.363892700722968,52.94312921879864,1011.5927007036983
181,1779519548307,22.402392003509046,58.12486851664291,1037.687826907153
267,1779519548336,25.505170250257894,56.443427276331434,1037.5429181312231
88,1779519548523,22.65773475797075,58.20684605794701,1028.7224230586496
241,1779519548367,26.797131216448726,55.6101698540414,1049.7802975655802
110,1779519548399,23.40391828637047,66.72722859377276,1016.0823637787796
100,1779519548617,25.24838268545207,58.1274533240221,1042.5474610028227
283,1779519548462,26.16413126537409,57.09767285711652,1019.3776189335442
134,1779519548429,22.23002344529168,54.23093735581155,1020.1442655382317
149,1779519548491,29.770248667331717,61.94756495262161,1049.5035388193326
237,1779519548555,27.884835116748583,51.337451357619074,1015.8197204368813
35,1779519548835,28.85135938587701,58.62616292486825,1016.3261061191461
163,1779519548650,23.043533434808893,69.80627830354496,1029.3075835032053
203,1779519548584,23.353844214477427,67.61030376961548,1014.6373509030165
50,1779519548962,29.05029760514141,63.93983984642965,1011.0167328539886
168,1779519548713,21.275684456100084,56.62720644368909,1013.3556083661692
208,1779519548683,29.684417620597007,60.90011244147773,1009.3023517486258
180,1779519548772,24.871391854860256,58.9126375972739,1001.4956031877226
264,1779519548741,25.737612655678426,57.30819665391441,1015.2345149474999
286,1779519548991,24.310515534456677,66.02963695763238,1039.8119497292885
142,1779519548802,22.455495800135473,52.2241871984327,1023.7457587037153
66,1779519549244,24.348495619166506,60.87071546672062,1028.802966329015
186,1779519548864,22.996257729370505,67.52286385133614,1018.2153821647938
243,1779519549025,27.465947008433677,63.847514007153386,1049.3726098869975
70,1779519549337,22.71529928236871,54.88165948359227,1004.7415365272751
253,1779519549054,22.639407421079365,53.711599495420046,1029.2995282518802
177,1779519548899,27.584205655399913,63.64569288498738,1032.286963379536
97,1779519549370,25.4004454700382,51.47783419939972,1041.5392475869794
281,1779519549086,21.46900710857468,66.15050261994509,1035.0556555765768
129,1779519549117,21.310427933230248,55.476220461340745,1007.3605661546378
95,1779519549527,29.31555296725005,60.30836713550464,1043.493820259547
225,1779519549150,24.815278589415783,61.79788971304158,1042.3939656559376
149,1779519549180,25.670625244708038,67.87253575320656,1041.624971266116
36,1779519549560,28.80588105826898,53.30460558176417,1023.6888509610739
173,1779519549400,20.18687958610714,51.00029984559761,1040.029406217083
205,1779519549213,21.830222685713892,66.33439661289286,1024.0304120291864
24,1779519549682,29.611045337962963,66.52054223979559,1009.6379287517723
239,1779519549432,25.041013755901453,64.20010403539108,1009.7949089271877
193,1779519549496,20.641036157201313,62.56811886817664,1049.1347442734764
97,1779519549746,26.789641268866504,57.54620179592103,1036.3454425849782
224,1779519549464,22.858941131810695,64.93956536800381,1002.3087315771871
131,1779519549590,29.72293563856698,67.33292870974415,1037.3060050898018
8,1779519549854,28.57756050741507,57.363664397311794,1026.7578116649468
272,1779519549621,27.807191895744364,55.48978806670975,1024.6906425697757
129,1779519549650,27.827592733487485,56.627307569915466,1020.2867739259256
49,1779519549883,26.78990729009354,57.07253959660688,1029.7385882884694
144,1779519549715,23.04579757145896,61.453338017568385,1038.662114677287
234,1779519549825,22.8392089824479,55.636484566803645,1030.092294916447
66,1779519549948,22.895211954654627,69.17162053272861,1030.7922533513483
124,1779519549783,29.272434492574277,57.947671386287624,1040.831552248128
297,1779519550262,28.137438681152176,55.70839730816837,1035.852999682151
60,1779519549977,28.411601238209045,54.45866020636693,1024.9288550599854
247,1779519550291,23.02517614342281,68.37125923991552,1044.2658216010577
116,1779519549915,21.098160963462934,55.17093944501102,1023.6735867854682
2,1779519550042,28.634570465371002,52.84195435348058,1046.6458263530906
224,1779519550368,28.41414198482633,53.23531835222978,1029.8764336958204
143,1779519550012,23.13295078332802,55.02638933572392,1001.5750215601778
37,1779519550073,28.637963446638473,69.45561525836207,1017.0645378805546
134,1779519550133,28.321783429778314,68.1393140170535,1040.3852047435735
225,1779519550496,27.489063027331092,64.01357625294531,1001.7964398640034
27,1779519550399,26.098107732014036,62.61405740616051,1037.8264715246537
260,1779519550525,21.061012452939405,64.99631105377833,1044.4453237921116
154,1779519550197,26.424592218444268,69.70441745947937,1007.8042035257789
57,1779519550464,29.778487686866654,63.75034200221495,1012.267659828628
146,1779519550328,29.387988491892212,51.956301402644264,1000.4821719224058
258,1779519550639,20.36036071907215,55.33333544111312,1041.5311550290653
13,1779519550559,27.829825855078276,63.12350015380678,1021.4057257584576
176,1779519550432,28.306156968046604,64.96522241474786,1028.2062655971024
215,1779519550933,20.160383630782334,62.522334234755746,1007.8930240315549
17,1779519550685,29.439466175269132,56.75697729980985,1035.2934737233695
234,1779519551057,26.936338534944042,51.79778287409766,1001.408457637796
134,1779519550590,23.706277064210326,67.53797668602368,1035.0675860576825
1,1779519550747,25.917351929256142,55.78691242590513,1020.4636878085246
263,1779519551089,21.741145473737507,51.446150893897496,1047.1437322917307
170,1779519550716,26.346726126306077,63.22926932846884,1004.5943600990096
19,1779519550888,28.51865446857674,69.48190410544184,1037.0985036229458
270,1779519551241,26.152464939888645,65.65269146445408,1021.6011698640052
162,1779519550780,29.29755155353284,57.12160483444675,1022.1533724675511
71,1779519550964,21.083523952881055,67.6591749417381,1006.1196523007038
203,1779519551368,24.56369045302451,57.79416007472368,1022.9814653183604
140,1779519550996,24.138530639635427,58.78499093579134,1039.9343966149822
26,1779519551025,22.367212766419193,57.27710534038017,1009.8364955475652
195,1779519551149,22.806071122645733,66.14641000825773,1023.6633217895459
275,1779519551530,23.8538323676555,54.499669505461156,1048.6220326647394
8,1779519551119,20.342469024764974,60.43963560818683,1006.6316893353439
143,1779519551181,20.99248180873985,60.6291438065635,1036.6305538209324
8,1779519551400,29.221652508972255,62.24711754880657,1020.6716510840764
201,1779519551602,22.073174142542168,50.82310712252421,1021.9466309897743
138,1779519551212,28.925408927616765,58.74913550377978,1044.4925125499865
219,1779519551631,27.503116544512977,54.76070845922397,1020.4861582931869
17,1779519551430,28.619538244140383,55.15740862826831,1017.1387150520861
158,1779519551304,21.696681369610175,60.77952941086167,1046.438308848454
14,1779519551461,21.89548315603734,65.5823831895073,1035.8118842959047
259,1779519551727,29.4717542742269,63.35051020185401,1010.374610225922
193,1779519551568,25.3175125651861,52.37973973956905,1023.6189998681533
18,1779519551491,22.58400868757243,68.47270141146485,1041.59099065635
207,1779519551785,29.929148890639865,61.577345816215576,1002.0207652189723
178,1779519551696,26.85021813899268,61.338050293515465,1013.8535353809385
266,1779519551818,21.223612605876905,57.65799099106745,1038.3619003346519
60,1779519551663,24.839715085072616,57.21176624864341,1020.1524740236076
109,1779519551851,23.481201836999254,67.94509125535552,1043.6988247767713
265,1779519552067,29.344980942161385,59.04331080833476,1015.6630863180548
2,1779519551756,28.622803847700453,66.0425825654865,1041.3167928175571
134,1779519551944,24.315773541792918,69.2188403639727,1046.2661187900485
69,1779519551881,20.248514941186823,65.48606084839446,1043.9303644850006
204,1779519552257,28.389114666334606,58.33610700084497,1004.2140794790985
129,1779519552037,27.963853100028004,51.42642152930073,1028.3961653866031
29,1779519551915,26.526390303276806,68.9281405790752,1026.7398920645574
239,1779519552288,21.91633779008965,55.66230178542688,1010.4813650171902
187,1779519552131,28.331466495488584,53.50734534296856,1016.4273987223069
91,1779519551974,26.72885805348632,59.426410536410934,1020.3656571164152
247,1779519552446,23.53546018656551,54.07803237860411,1036.8580385144533
149,1779519552225,28.015986845246655,67.96496523751284,1020.0405825237895
270,1779519552541,22.970561775367422,54.37549702797129,1001.7683862674577
70,1779519552100,23.00132596074929,66.42369162078036,1026.5533094850193
159,1779519552509,25.509629574861314,62.465417095247915,1024.5665538117112
65,1779519552194,20.356309034525122,63.711826978602076,1045.5208812207818
299,1779519552573,23.4853707952178,54.89591619118846,1039.6444028666504
110,1779519552665,26.70531087413727,55.682492930637,1010.5084846364085
92,1779519552321,29.152001116978145,54.018777438047124,1039.3519778901848
267,1779519552604,28.969033125919946,59.1748206119445,1024.8466514243232
149,1779519552697,20.075658848476998,60.143743960058615,1046.2508566504137
22,1779519552415,20.381716709860196,67.99363685006071,1029.9465309620782
231,1779519552732,23.50838035500373,62.32512198973158,1033.1178181317532
135,1779519552855,24.955161319862267,58.71809072321772,1014.2279016646779
1,1779519552635,26.18195773701541,50.49676218282947,1011.9291538520258
265,1779519552760,24.603352274259112,53.82869366490592,1015.0353233459616
153,1779519552982,24.80726041988701,51.27952051187234,1027.0832347850787
276,1779519552824,28.60285289144627,64.2486021274238,1012.1406295078483
35,1779519552791,29.72910005655163,66.34239558386,1033.9105834879367
121,1779519553015,28.20079181349543,64.25618028778479,1027.6435081249099
35,1779519552949,23.812802731809263,56.93722647539964,1033.1526432418143
213,1779519552887,28.71958399307672,50.034181683866066,1033.1147440371792
191,1779519553046,21.693443179074833,60.27113757557406,1020.472359255904
67,1779519553140,27.388155298332705,60.16342309321348,1029.0761952078424
230,1779519552918,24.480135071867117,60.96331623206092,1043.4692228800036
168,1779519553079,27.515297221886758,62.15819900297383,1029.1921543734777
79,1779519553171,21.370300657253804,54.13732222570665,1022.6176832618106
243,1779519553107,22.116635509574365,58.893109917518736,1006.7764396702803
174,1779519553358,24.71572544361301,55.06830463914687,1001.3261698089718
96,1779519553203,20.763284184907157,63.204245262373995,1015.7704184203834
272,1779519553235,27.585727368235766,69.68580792797053,1024.3743008852352
189,1779519553483,28.244215529788086,60.561723651985375,1010.3680826444348
53,1779519553265,23.383353968957156,63.84677315404805,1002.2602508551794
241,1779519553296,23.822988348906556,55.473087839480414,1008.751941499693
145,1779519553578,28.883033201182826,69.86267364675301,1031.7190936787808
84,1779519553327,27.522271440205518,57.37870127497109,1018.2816977035529
225,1779519553388,25.068036542572578,56.52604156386221,1028.7333717582646
186,1779519553641,23.746871229347658,57.9256908013665,1037.367467471525
92,1779519553421,29.55334795238213,57.66586564313206,1049.983626622568
262,1779519553451,20.077977295363105,52.40529037773098,1030.721634728564
162,1779519553829,29.77146016394203,66.79581408325164,1017.5514422697861
234,1779519553514,22.820651760454894,66.08701527783802,1037.524017410565
97,1779519553545,27.669243067351452,68.41682145009176,1023.8346187378014
131,1779519553863,20.954689492109896,67.82829068286709,1035.6467165425724
20,1779519553704,29.026918525965872,67.31695412430517,1005.307305122524
212,1779519553672,20.86352833052264,61.12047144265735,1018.5325452986659
126,1779519553888,25.51460199828167,66.03775033247014,1017.6519931154071
228,1779519553766,25.8671829303503,69.39207591074509,1023.2451325686418
21,1779519553735,29.59578211212812,67.10350418588665,1045.5252315249782
193,1779519553923,20.8310108232907,51.39556171963914,1032.5934990796652
10,1779519554078,23.063954140890807,68.37000321171382,1023.1191144459655
247,1779519554017,22.38408435213352,63.30541000493915,1011.2635692011829
109,1779519553954,22.71506101012272,51.25441302451551,1017.9493063469313
24,1779519554139,24.53414766425839,65.36815166897334,1030.9461103513327
228,1779519554046,20.20303817226617,62.69441501359111,1040.6374248027842
113,1779519554108,22.22555740154006,68.92151891365583,1022.6478349228855
300,1779519554235,24.51049763697961,62.98751661397934,1009.9309024061648
73,1779519554266,23.05518888949211,69.33207411410217,1033.0368199277668
134,1779519554171,25.165286687172284,50.50993345166772,1038.3267124233578
80,1779519554456,20.303186911256738,50.779581378638426,1046.0546961843258
203,1779519554330,23.097216892286742,52.98172498682622,1020.1598726978424
188,1779519554299,20.494977778933038,66.64865644646537,1049.5340447690878
277,1779519554361,22.038714334808287,59.04593794563907,1006.586827278227
10,1779519554641,23.014034095677456,62.036486079490736,1011.9360548431126
144,1779519554422,28.21738254253036,60.45194057637608,1032.8756500115742
18,1779519554672,22.379315491529237,63.52724330003891,1009.373661580216
284,1779519554390,21.0665328192676,53.44613876482475,1012.1886261622535
138,1779519554518,20.757626615160678,62.4939534846564,1026.9690335686957
281,1779519554548,24.978998301953332,66.92372863836769,1022.1492284364394
38,1779519554735,23.84524337670745,56.53225756621164,1010.1467333888764
145,1779519554703,25.36384810567135,59.005226322119356,1023.4590981377255
60,1779519554797,22.783957809542322,52.07276172555415,1008.1487307058401
226,1779519554608,29.568163102063448,56.975539342075926,1041.0084319428652
101,1779519554858,25.31839446076566,59.50957633687571,1035.1688110147702
26,1779519554890,29.51716601793827,65.33248423706333,1047.7307046642109
247,1779519554764,28.025728328529347,50.18344070914041,1016.6664029560898
123,1779519555094,29.67894509891139,55.072679853738045,1037.2198291863122
280,1779519554828,28.631360131497228,55.453248401196674,1036.8899372886124
26,1779519554951,22.314363768816584,54.18271924668153,1025.8990219913737
162,1779519555154,24.901104752218483,50.64176516448367,1014.0648638821467
224,1779519555125,27.4402685961964,56.36677987709105,1039.87108435657
25,1779519554982,20.699945022336934,65.52756155909407,1024.6899892456624
114,1779519555184,27.620081173449403,57.947438183514045,1007.6860409934777
273,1779519555248,22.201192177887926,68.63999833201663,1040.7864212848508
38,1779519555051,29.410526256532563,61.1168459659479,1036.5961722143047
154,1779519555215,20.296370391614385,51.04508505594329,1026.5482547861982
281,1779519555307,26.896026723016924,63.39817531723615,1015.6598035660697
14,1779519555500,29.54140085877406,51.40335258950601,1012.3205783394336
115,1779519555277,28.61047808151884,65.53539933966296,1047.2271621227003
26,1779519555542,25.718873049448504,58.26370238427661,1038.26682034878
276,1779519555363,29.06752331632198,55.07452751445539,1034.7817539228035
145,1779519555404,29.059591966567584,62.75575519631376,1000.8620557359905
18,1779519555604,24.409468619164272,51.3616040030412,1017.8480701415056
220,1779519555434,29.714406621626967,51.002849017392684,1005.7246878826147
180,1779519555464,25.32895833174595,53.56358877886254,1012.8906254377023
29,1779519555699,28.737644277379648,67.47104537999803,1013.2525270599474
252,1779519555572,20.52071083105964,59.53595561435334,1033.2850615447965
134,1779519555667,23.328292846592298,53.38804200023629,1023.9597637718795
5,1779519555762,29.9475610423416,64.08255119840176,1048.0835809598225
203,1779519555635,23.77986249496213,65.16087269447424,1015.3902341505315
116,1779519555730,20.69217432745487,59.27800722191553,1037.6784618585912
241,1779519555793,24.5480641151428,58.943481107857956,1011.6591353052113
72,1779519556042,26.469819376805557,67.15153652694427,1000.6238703018097
193,1779519555854,23.80650031361458,69.69417474119022,1000.253651384434
77,1779519556074,22.529369954169923,58.817690613669996,1049.2392884556218
291,1779519555823,26.115281458347656,58.15984498450631,1044.5415138427563
136,1779519556013,23.661854370325337,61.488150663279654,1001.6589533469062
67,1779519556106,20.37406373073398,57.25830087056611,1022.0431339507307
221,1779519555982,28.972546902758822,65.23546798934005,1049.0599664837498
115,1779519556166,26.75407829995538,51.06859775874026,1023.5923030175345
206,1779519556136,28.81961308506937,59.53403601054962,1041.5899161752186
20,1779519556293,24.866506276132803,57.89121280865142,1026.2521899620347
195,1779519556229,26.114158125989196,56.74359472782275,1012.8357305917904
204,1779519556198,20.069967591048098,55.3435555814302,1026.7203676655024
100,1779519556384,28.172464263117586,62.85510384660395,1021.721633631343
181,1779519556263,20.64644737916921,54.80113877699574,1034.3458745629998
66,1779519556416,20.552237847636306,67.4280502829055,1015.3169393401822
230,1779519556353,21.86441340485307,68.53775623120727,1048.6417060412537
103,1779519556510,20.16350734320506,55.82084791947359,1003.4696620793247
228,1779519556477,20.08095640955054,68.49819970480937,1042.2977687017399
91,1779519556446,22.7193571490152,56.81454540506239,1019.8551800287785
167,1779519556634,25.598462038878825,52.24075095032368,1045.3216812944404
270,1779519556666,28.735421072564982,56.316087672120716,1020.7690673820557
60,1779519556541,27.80426909280245,56.64225673003487,1037.2992259350392
156,1779519556823,22.00272511329659,59.168285571300494,1005.0597196118946
10,1779519556698,27.164534116337165,56.014490424531786,1016.0620945560734
238,1779519556978,24.674418458372788,51.85878955980175,1041.0353435700663
179,1779519556854,25.25264759765527,53.03062477942236,1042.2467251492649
91,1779519556764,28.420163106998395,57.11242883775743,1025.6783181450085
264,1779519557072,24.213781603049355,55.76984652354927,1001.9441560506741
196,1779519556883,26.31055781758465,53.07021274170085,1019.4284403681568
261,1779519557102,28.030767234837594,56.56405234840838,1040.1083772778911
6,1779519556921,29.928400671739553,64.19685221867584,1002.1988156956751
127,1779519557008,27.173205275061097,64.2531739472202,1030.7970799113152
63,1779519557133,23.35119305653342,58.67792800565604,1005.2248589824513
262,1779519557196,24.261911824101766,63.02717951122433,1028.541410323418
176,1779519557039,26.222985035503246,58.885108598751955,1008.2992896481795
19,1779519557164,22.625304317692464,58.65960833463424,1037.8943946072043
288,1779519557228,27.020363722547433,64.7884186408481,1017.7276008895138
124,1779519557258,24.61715538846856,63.73021615815412,1035.5984095419021
56,1779519557383,21.145965585219386,55.52105806784167,1016.3475148198664
276,1779519557414,21.32736673354383,59.35659204957533,1040.1336297871037
137,1779519557289,22.40812800967653,67.89961165943001,1035.6345898775749
264,1779519557524,29.577937292123295,68.16716725287709,1030.4232066112836
53,1779519557447,20.92068765563984,62.53360081933325,1049.0821447677486
147,1779519557355,20.530023701127984,58.32535296403309,1046.476796854353
291,1779519557555,24.90820167268189,60.13734239306294,1018.037500220751
50,1779519557584,27.452633072652304,59.68086373006501,1045.0536619309848
181,1779519557492,25.480446640349363,55.88459536127665,1008.4331399614731
299,1779519557834,29.18620165565133,69.03142863458082,1041.4091614996812
78,1779519557771,27.534253830137985,61.170477614772324,1020.1565075345886
182,1779519557616,21.29713400214568,56.718816834602464,1036.3665987415095
230,1779519558088,24.881070002439838,52.717895804052574,1046.5955592900937
6,1779519557927,22.052319662336743,52.69398308687559,1007.1894589022149
189,1779519557676,24.76069778043454,54.751941307286984,1036.4282236597076
35,1779519558024,28.50615623089749,53.25827641359092,1008.641100383001
292,1779519558132,24.093016394685137,66.93978288846264,1030.2093341196883
181,1779519557805,23.16161845850474,58.876238764123585,1037.9001727072969
239,1779519558196,23.29067824878039,56.15506298356764,1016.4311153246317
23,1779519558275,23.54062459554259,59.714738134431514,1036.2926280825973
156,1779519557896,22.72440084504869,54.11497131835818,1002.0208883006737
50,1779519558318,26.618873327921943,68.31578862139517,1011.0280553797987
255,1779519558228,27.44236663806454,66.52083740536546,1028.8905307702134
174,1779519557992,27.39056955447778,66.239465949384,1007.9176972481732
221,1779519558551,20.817726107025905,68.9356224200249,1033.7291361572184
17,1779519558397,21.98657332342212,65.50064579381664,1033.513207463327
161,1779519558163,23.64827695291702,53.3022909756118,1014.3989571496386
271,1779519558616,27.382722733054553,55.68329507236794,1014.1934618055496
46,1779519558428,28.877063585298067,52.635643287909616,1027.0061190942424
127,1779519558353,28.298466910843658,68.3699292467941,1014.5751200137732
18,1779519558458,25.157161152666404,63.587726162032396,1013.9686549648279
287,1779519558741,25.71541686757059,51.71999258764207,1006.93271980217
110,1779519558488,25.584038008657643,50.73753007390334,1036.0109415442903
30,1779519558519,28.328330101077178,58.95636093599531,1040.431042188445
224,1779519558770,27.44829781844165,64.30783129936455,1006.093809712792
171,1779519558707,28.36309420816185,56.320622946623715,1005.9859503560785
23,1779519558583,27.702041109457703,58.74500291027883,1041.5559028980342
251,1779519558832,26.28267412624051,69.24694050724506,1016.0452279817945
140,1779519558803,23.344144372731208,57.30601117148467,1015.3735642006664
61,1779519558644,29.353872518486373,54.46117773572946,1018.318141963052
268,1779519558894,23.572208952018602,52.483707443304176,1009.7050127140916
129,1779519558863,23.547972472657328,50.70513186165333,1018.8319317469411
78,1779519558958,24.788446342052037,55.80273760787968,1039.4787856062574
210,1779519558929,24.053541568462315,60.229641207635524,1049.5085143737776
118,1779519559019,23.948251719971463,51.77412543426511,1038.7667484023762
36,1779519558989,29.589063593550357,50.032881279742114,1017.1751705032457
231,1779519559241,23.829501873063826,51.41564624682494,1002.1252782756047
152,1779519559148,21.318999635107048,65.51265092813718,1040.008632246221
262,1779519559302,27.123455662021364,56.63300656658394,1036.106991643247
58,1779519559053,23.409286785923296,66.38100295063879,1046.2593543698017
124,1779519559213,25.667155681152437,66.14186143813068,1022.6498277072485
261,1779519559333,22.879562110589077,64.58831109935302,1013.1151613717885
85,1779519559083,20.644665548165523,55.210038302864014,1017.6240290834291
199,1779519559269,24.994292516736184,66.49757252579924,1011.2042723808864
64,1779519559183,27.172660538214075,59.95831996424672,1002.2317912611608
281,1779519559398,24.123614425114816,64.74016386488063,1042.8137965115923
170,1779519559365,25.437050162879764,53.37031355002748,1001.2971906712299
251,1779519559428,28.189613491728224,64.38971186508705,1004.6879277381423
95,1779519559620,20.84758560269761,58.26777498297737,1002.0898981684559
173,1779519559459,24.88393899447688,68.49555641610118,1012.3871992773344
295,1779519559490,29.747680775312034,52.246178938238295,1023.7424365088622
20,1779519559663,26.681007082732876,59.50681967128273,1031.8508894258837
151,1779519559582,20.04280864671382,51.93811989424364,1026.1207170242578
5,1779519559787,27.256221927769822,61.431003997383016,1026.9080610873566
203,1779519559524,27.481212527660244,57.50700259801175,1004.7246858252009
102,1779519559695,25.83828905271285,69.76712729286777,1028.5620002262935
203,1779519559852,22.656614480540497,69.94252079189332,1021.1292155877135
61,1779519559882,25.578549908658477,53.7664441325584,1046.8366445488773
157,1779519559725,20.98696047247993,59.84452646859914,1044.977613470967
260,1779519559915,28.025196365944872,53.202415699856,1018.23020745689
2,1779519560134,27.99750182655451,67.91884215067365,1035.9823714746
176,1779519559754,24.429784096167033,59.14635000253771,1008.066146409904
242,1779519559949,20.448809047508632,64.4348449007361,1015.4009381701749
52,1779519560224,26.48392117677067,52.832794694246395,1027.5307901037577
187,1779519560042,27.932769617353934,57.455818926731716,1017.6038338404072
260,1779519559995,23.055147326921464,57.03280802132347,1007.0010929377189
60,1779519560290,20.484542936623154,69.28461878323883,1031.9587395433598
197,1779519560162,27.86504217776606,57.287335001295496,1030.9499823100862
63,1779519560320,29.48672347887154,66.02956307065108,1005.4966573605188
269,1779519560088,26.168804238695202,59.47345310247667,1039.1805205978867
129,1779519560197,20.401954777262944,54.78095733380404,1030.5392268236324
22,1779519560477,24.384626302300376,53.17248963089182,1044.9099676021765
227,1779519560255,25.21319441471178,61.088885731901485,1038.0315973141785
109,1779519560411,26.548877093254973,52.16322686401643,1017.44511110734
285,1779519560350,24.33775033892708,61.959784399448765,1024.4774896497215
54,1779519560665,26.647285633892587,67.95324538586564,1042.8829266391883
102,1779519560446,29.022689301792493,52.333656499889365,1030.9234076150376
4,1779519560729,26.96825954237394,68.55189129694493,1025.2377261518309
209,1779519560379,23.10040505467893,63.086206119163236,1049.8317295741717
189,1779519560507,26.53726844898366,58.67075289100403,1008.2225319938688
72,1779519560761,26.464330612101726,66.80391383897768,1025.3755752573175
229,1779519560633,25.63142544948888,66.87840559677517,1048.703725361301
152,1779519560540,27.978795830776722,68.75535849708118,1049.4447554860183
86,1779519560916,28.810223691720907,51.82542495416696,1046.2778798010122
279,1779519560700,23.565061693205948,53.06543466108887,1015.0723393709836
111,1779519560790,24.187079001061676,61.89691597881213,1009.6212108730898
232,1779519560887,25.421052010391588,60.94668113160455,1048.0380158539895
69,1779519561012,27.275280148421444,50.69233925281912,1003.660211588843
134,1779519560823,25.115174962458255,64.68067919283389,1022.332002813848
292,1779519560947,21.632530474866932,63.852953365833734,1017.2689906463629
80,1779519561044,25.528444794656853,64.51508498181735,1006.3888086772083
182,1779519560857,27.613029617567456,52.01189841556693,1007.1408515078817
273,1779519560980,21.891189360268047,59.3315548810111,1006.2853389219293
63,1779519561136,22.243548282484127,64.56147499202757,1043.695046640775
154,1779519561073,28.22871309479916,67.79691243720032,1001.1360079531534
239,1779519561105,22.042976115367356,68.58060841645631,1014.6926903287055
71,1779519561166,25.320013996235385,67.98521271190526,1015.8103141727604
113,1779519561198,23.46082746347256,54.21228988209191,1018.9054194548567
291,1779519561233,21.05688358683956,55.99516126065089,1006.2106692954468
22,1779519561298,25.77481705403228,50.36956033792185,1027.9691502799576
145,1779519561357,27.965024971694596,56.86453978776297,1003.174536033008
203,1779519561265,22.676498704003336,68.79493885845878,1018.568251859688
82,1779519561387,22.100055119172985,69.80740297821787,1039.0592218003626
126,1779519561418,28.97245803048287,65.25263680616791,1024.8355678312396
33,1779519561576,28.139195699949354,59.57451106625085,1035.836081246733
215,1779519561515,21.48095515283546,59.35926829221313,1028.3682256565771
135,1779519561452,23.94444535091902,53.71984096025003,1030.896828877863
204,1779519561546,26.935529866182996,57.01462388885681,1023.623802713869
18,1779519561606,24.789839864942174,60.1772356673694,1006.272614983702
133,1779519561640,23.238415211158856,53.491189761560015,1022.3095929573021
243,1779519561700,25.26371921108336,50.60710849738744,1047.0559016859022
6,1779519561825,25.87628641663052,57.3712348890811,1025.3211831331305
186,1779519561669,25.29730536576021,63.41429077024606,1005.0953829618288
268,1779519561732,24.824372864004204,52.525227976108084,1022.9772135118651
63,1779519562045,24.09700807647803,60.55947208545258,1049.4391168372936
113,1779519561761,28.369625898111273,65.04241591361226,1001.3783786043231
225,1779519561796,27.894522935286545,53.30131054039278,1039.9326848217256
62,1779519562076,27.539339655517246,62.406634792851605,1025.6445186312599
110,1779519561891,26.657944345605472,53.828377854694914,1032.2232240230715
84,1779519562236,25.004606594884287,58.94680622351809,1021.9340587718534
281,1779519561982,23.471455959862663,60.45836671764283,1003.7458950656229
122,1779519561952,21.47450238185247,50.98675849044725,1003.3380055213258
66,1779519562331,22.108583557803986,52.73096604682644,1049.5716643792612
254,1779519562015,22.18946952948291,67.36650027462957,1016.3541130407723
112,1779519562139,24.060274077075434,54.681627023708714,1036.4721316035602
57,1779519562469,23.931713590511265,54.97118359933259,1049.1288554137966
207,1779519562169,25.06991816840501,63.35207114863514,1038.6128023313988
166,1779519562297,24.365623684076976,53.95083873258797,1018.5410876205144
84,1779519562564,29.646797086388975,51.831818088651204,1040.2680900988175
213,1779519562266,25.30083456993961,54.650752814232185,1000.6001610280883
152,1779519562365,25.61195116748165,53.28946568849505,1034.9950696294093
40,1779519562627,29.820469689927286,52.58893741158083,1043.2266656466368
240,1779519562437,21.00632078708591,58.375138864120494,1003.1379252309202
136,1779519562407,26.60777483810117,54.205464496562215,1017.9078575698832
215,1779519562719,29.892022029178744,63.47354109726006,1024.4720011468542
100,1779519562846,25.024306873670835,56.86834802080956,1003.9721773495103
182,1779519562501,20.896557631625292,66.83574310748122,1001.4600597356277
262,1779519562751,26.09124122233475,65.05027708631907,1027.41736109511
85,1779519563019,28.136215241035163,53.67961445434138,1047.6806065152182
110,1779519562592,23.619568229192506,58.252457962106035,1049.0758198377223
16,1779519563081,21.908196685880597,66.2954753338333,1008.5603218340857
257,1779519562815,23.14623935521207,69.18743662861296,1041.0301354399767
159,1779519562782,27.324738311276114,63.22731941338315,1023.7023656365549
222,1779519562881,25.99437286032978,56.20750290927873,1029.4849396240727
74,1779519563177,24.539718471564466,51.735570687765474,1000.5178590890721
137,1779519562941,29.902363795958337,63.68867614291101,1000.1303392354648
69,1779519563240,29.817740411827057,58.899687014607025,1041.3661113479989
237,1779519562909,29.665674114250063,51.38318255691706,1010.3909855536884
183,1779519563115,22.042201957703202,56.15608528218213,1005.1797182405717
99,1779519563333,26.4262910591806,65.75252091593418,1031.094594061954
299,1779519563055,21.69301395934842,57.321220251365574,1033.5790176986545
197,1779519563144,24.37060426576563,57.54248904195384,1039.7694207081809
32,1779519563422,21.62703679748535,65.17890232143507,1025.249512388978
225,1779519563206,28.87170142622341,52.36747102678009,1044.6249016152642
157,1779519563267,28.08576933847628,66.77269451564871,1026.9113837623397
235,1779519563457,24.83906252441297,58.7062907213587,1022.2028252668996
84,1779519563521,27.855795713210092,55.06192467802946,1021.5595462597802
137,1779519563301,29.58540287746404,56.03611605109806,1045.1377009841112
220,1779519563488,23.243371673078386,65.67100483431163,1047.9674316357678
10,1779519563644,29.356728957084734,50.31796591861472,1009.8339519976507
189,1779519563362,22.518032608672023,67.6895201161403,1001.9692697017491
271,1779519563549,28.283669282331243,54.73704216660194,1001.694509303989
42,1779519563894,26.714870290354533,65.94129880814414,1012.9967980868141
174,1779519563612,26.657787313402626,60.28318492715819,1007.6054608090539
245,1779519563583,27.344479380122408,59.84129590477943,1035.3420964503987
37,1779519564113,26.633658936174236,50.68349284479981,1015.5713586097968
163,1779519563738,24.165376695720937,68.1501785983331,1011.8154089291712
245,1779519563769,28.00362652173251,67.74129988676128,1001.601686304929
58,1779519564142,22.130901918851762,58.4857038755744,1033.0750705306586
176,1779519563799,29.660995238014475,53.69223418345246,1037.7853817312857
252,1779519563863,29.8134105364294,51.34797390922729,1002.0546741417725
33,1779519564204,24.641959113991913,69.39438748174994,1026.1300810902542
190,1779519564009,24.306809254346398,56.490283015537756,1005.1745387401899
215,1779519563924,23.054150473355914,52.08104572925465,1006.2765703910203
76,1779519564267,24.65934738832773,68.51056112796114,1039.711776795383
167,1779519564173,25.624835740951468,50.28243484396679,1032.425834424422
261,1779519564051,27.066218035289673,58.54916129691375,1018.1459389033691
20,1779519564331,22.69888686041968,56.64200118561357,1029.5525608346557
146,1779519564438,20.289058965869653,69.81397611978409,1043.742235343529
232,1779519564237,20.24655025004706,54.42417551971621,1009.9777552045723
99,1779519564502,21.895988835974755,64.4678784921956,1044.6625342388343
180,1779519564627,24.723684125783116,60.13524042489122,1000.9355667974564
293,1779519564300,22.725734510570614,51.46056620068102,1037.0310532299304
66,1779519564691,24.92286605109894,58.30884596514419,1001.7295528051366
124,1779519564720,25.138772258600216,65.8023291121127,1012.9553499851887
240,1779519564361,24.302607329283898,52.71901521558879,1022.5167528305728
89,1779519564813,25.40245119812102,61.161586569226095,1016.9603834777489
198,1779519564784,25.65785620886254,61.44603508394985,1021.0972402156685
211,1779519564469,27.639968180315417,62.55677626658114,1038.5930592833427
165,1779519564848,25.375949851920485,60.83742649529436,1007.5814607843904
52,1779519565068,26.870422294402992,69.8394250359549,1009.8589750996606
240,1779519564533,24.442294895966572,59.257839848113264,1020.5698393343786
119,1779519564879,23.459543182386362,61.33099933818304,1022.620093077223
89,1779519565130,28.59428384397608,55.84716285965419,1000.1346612410057
204,1779519564661,24.02949678080487,64.35193930838372,1045.776759511988
160,1779519564972,25.28575402475952,59.28679072346174,1047.4298641842577
33,1779519565222,27.564802057217598,52.51037883985602,1001.66722706103
262,1779519564752,22.599315773478907,60.66143259535779,1012.3600610338093
172,1779519565100,24.36577333662801,69.7017750061739,1026.3569437636518
214,1779519564910,25.23196655487295,53.45028334624753,1022.9324039985388
132,1779519565160,26.666266171381956,59.49838883638918,1017.84916919449
247,1779519565006,29.10886259353511,50.64872730241247,1023.7640324436006
13,1779519565534,23.787656203558306,63.05529463468571,1040.1002684602004
151,1779519565286,25.09265279020045,60.169711532269005,1038.0606872180479
299,1779519565255,21.99643915575511,56.85921175897603,1013.5780892655337
55,1779519565718,26.844541368167196,59.01343243312591,1037.269387876248
118,1779519565317,27.339856051998005,65.20039904386586,1029.037398079101
231,1779519565351,28.180438317374104,58.1691620878069,1030.4040596104032
110,1779519565394,27.463139022505334,51.06552403275555,1046.715563816931
57,1779519565782,23.681415057481683,57.02175680015391,1024.5385359450845
283,1779519565451,22.93002065293422,68.15731924991972,1020.0540851920615
142,1779519565419,25.297826017569918,63.732125204268016,1012.4785812630846
47,1779519565847,23.323060223655954,63.48427170685777,1038.967648448381
234,1779519565686,23.548595796103776,68.70941752206522,1037.4257956869255
33,1779519565888,27.89111754638298,57.954552875788416,1015.5917780211655
166,1779519565500,26.90311792202269,68.52588398221269,1025.2106677897332
220,1779519565809,20.159881278256837,61.30126192564006,1020.8829003802236
71,1779519565950,25.072568121732832,64.52427562614814,1013.6781680842172
120,1779519565623,27.806391135763622,53.56873590549737,1033.9605858405046
3,1779519565983,20.315275153629386,58.02671915098406,1023.0952149975623
156,1779519565748,28.644647751395162,68.07785594281167,1043.0710297432963
53,1779519566016,20.280539502512784,60.812470361946296,1047.8976865408122
185,1779519565919,28.057271959886286,60.83319103827387,1010.2239786455494
90,1779519566074,27.727032658741532,60.01128607515258,1043.7022727101628
102,1779519566045,20.169434921644495,69.69434698331646,1047.4276036763426
243,1779519566501,27.69682357901563,54.513111089340036,1041.4217539105075
26,1779519566134,24.616253637878707,50.31793167695288,1028.7393093159892
140,1779519566106,29.544824670685927,66.89049516744836,1017.525132044038
67,1779519566172,22.09567031985749,55.34304332688582,1030.2833060778169
140,1779519566199,26.230538696029186,65.34990976567344,1000.7446850616867
246,1779519566751,21.49029400856678,69.85887300574029,1045.3374761196615
60,1779519566563,20.32606493953145,53.026388171820706,1024.4004735767599
138,1779519566300,22.72342634995176,53.79150216096855,1049.606353822794
113,1779519566404,29.854530231248958,51.30911597100571,1047.8936652496313
28,1779519566669,25.137601246672414,57.565584147597676,1012.6573717656762
286,1779519567088,23.444256644461056,61.97483234561776,1029.2150301256117
62,1779519566703,26.29173085440709,57.15944759004009,1006.7494463567435
123,1779519566595,22.921463699891735,55.556871918666104,1008.5512753505913
248,1779519567119,20.1080744310145,50.50495663208578,1042.3861162177448
175,1779519566639,27.61894635213962,61.540292371670496,1002.2257383686677
41,1779519566800,24.221552729758713,68.427051117264,1034.4510042951601
262,1779519567149,26.850274011450985,65.45966175390168,1038.0829662608467
170,1779519566935,29.321419866058246,61.05274601653183,1010.9001716340006
82,1779519566966,21.153430968294643,56.13018364368973,1023.3036769088442
15,1779519566997,26.229722165689097,66.90610490616707,1030.1405846241273
128,1779519567182,29.553979010261152,50.75360040967749,1007.8622391772773
300,1779519567542,23.23178212699731,57.3019291956588,1006.4578577294126
112,1779519567232,20.789277539479492,65.98446274966241,1027.2957305186337
97,1779519567029,25.410737308902085,63.81977516936426,1004.4246342543115
241,1779519567573,28.45736834981613,68.5786821777975,1003.385474401354
60,1779519567279,20.029109901810436,61.002599994870785,1002.6377244411132
114,1779519567337,28.255313530512446,56.45977315060461,1025.1068243354086
281,1779519567636,24.421530685825857,57.49685549247643,1031.2696021930662
133,1779519567427,25.194325912936712,63.43494312028058,1002.1981398254533
6,1779519567371,25.207232772433933,52.37311676304992,1016.6851548479616
272,1779519567822,28.1093846518229,55.12774467458768,1008.3983975885909
132,1779519567696,21.590171818195603,51.38278630840592,1018.2892258436526
43,1779519567471,26.37680905407273,56.54665253344862,1044.1148452383818
201,1779519567899,23.562725260794476,59.99219687381945,1023.6710126831977
179,1779519567759,27.352165832497235,59.74606291318559,1046.8601026237945
17,1779519567509,21.146406360007806,61.936536794709056,1046.3244007739659
242,1779519567931,27.796724629131056,54.05669432619731,1017.9792914343919
85,1779519567604,25.67870327579092,60.542272714849005,1023.0265278420742
115,1779519567855,27.420561755972415,51.6707765256701,1023.6398580854041
276,1779519568212,23.743028687211236,60.846155451628704,1036.3531769742394
197,1779519567963,26.58750533998075,56.07188349890525,1013.2509107485627
58,1779519567730,22.95824199293731,66.06605334716683,1027.010337355683
300,1779519568259,23.504316741220613,52.069084936078774,1023.7994660140889
144,1779519568057,22.093177272864423,57.93467779454658,1015.211276441032
13,1779519567994,23.270803608227208,68.06064914060997,1006.9244377180235
257,1779519568355,25.250076450081572,66.1916663215471,1025.267763081908
195,1779519568150,20.644107158293632,61.28446522391517,1049.8090050731932
22,1779519568025,25.31687146264384,65.4989876004406,1042.7506019472444
287,1779519568397,24.786990286188363,65.34062841053085,1045.607991076858
178,1779519568180,25.315062094296437,50.781191295448906,1023.7032154855139
34,1779519568089,28.97088046414546,58.271689326955084,1010.0568060678366
261,1779519568459,26.63404589945865,63.63851946534867,1013.1214019687154
104,1779519568290,28.22410786510221,52.56238409643541,1019.3330266838342
67,1779519568491,25.4676066081402,67.78704509168534,1014.9663325822098
202,1779519568553,28.899161216020843,55.93680260865905,1028.8702909813358
121,1779519568319,21.876817275543075,52.660523243561244,1040.6228386492307
98,1779519568803,29.469448952245976,58.77348348000844,1039.370267012939
228,1779519568613,22.575101203146872,59.35837083043407,1047.2114990488246
192,1779519568430,26.826796400526568,51.15553571048651,1023.6328043658173
43,1779519568944,27.25282506949568,53.4345264839298,1013.4653963043341
211,1779519568647,22.37931743480005,54.95615887032916,1007.9827588367789
115,1779519568523,28.729367669347702,62.3743414630746,1023.5003220549349
38,1779519569036,20.43916264824381,59.85016134816447,1046.1656872404596
217,1779519568681,26.605073838057457,69.62620231911802,1005.085574435752
187,1779519568585,23.854553909069068,62.88873420550702,1045.639022047573
75,1779519569148,26.787947619139658,63.5280461625687,1044.2462732120127
253,1779519568726,29.96663892452215,69.92667447860059,1046.6104377489398
198,1779519568847,24.365363492659693,53.82853878554973,1031.4236149393853
13,1779519569301,24.79254313750183,52.96917509880086,1009.2647711822864
242,1779519568912,24.28193527404205,51.52366593559044,1042.637471192208
169,1779519568882,29.791746754070576,56.89348102877438,1027.948046470637
4,1779519569412,23.55062071199389,52.40859620451387,1012.7630020101714
207,1779519569104,21.827756708810202,56.81973432235496,1006.2535119605998
162,1779519568975,24.409430974990652,57.46232588133775,1012.9387455882572
13,1779519569490,29.101063828264525,56.91693484502909,1019.7792332933642
162,1779519569005,29.958668199091804,67.82430173075669,1000.9961615450811
205,1779519569555,28.756838785172715,53.0102728947323,1004.5302593384151
31,1779519569585,24.210115040647448,61.577005601113484,1032.104806207407
119,1779519569176,23.419451873482913,62.83563509227636,1021.5271850413666
227,1779519569749,21.815481682196918,60.566984794881655,1045.6510660208835
65,1779519569676,27.20815878012182,68.53119002396014,1027.1891623370054
156,1779519569238,27.49152020782761,69.21014408966832,1038.1772415332694
234,1779519569788,27.719764483768415,50.38804858095115,1016.6231069974554
54,1779519569707,20.299821505753428,52.24513850499049,1023.7438636438934
164,1779519569337,29.42535608767749,63.675998344634415,1047.3993067807955
66,1779519569950,28.966327187850442,62.378534109404484,1021.0647689651114
289,1779519569817,22.15304363069384,56.98029732507074,1017.3068587804062
146,1779519569458,26.26958787975989,68.6018453474576,1012.9723435196065
270,1779519570021,26.031906209105,64.81665634855227,1009.2078639182733
139,1779519569616,21.49556259906935,64.06043524854992,1020.5901816984024
59,1779519570162,29.88354957205829,68.96876135972067,1009.2533906604712
281,1779519570103,21.767484481706603,66.74747760092947,1026.5286468078884
144,1779519569849,24.865637170615994,68.00724064320696,1028.1266630363307
4,1779519570253,25.723879244056597,61.79338105223754,1003.8175907453079
213,1779519570191,28.849587176941263,50.5235903924145,1033.1966517880808
141,1779519569880,21.87148248803012,63.43717397134344,1048.7915526630923
7,1779519570399,24.282382760029954,51.70944274565304,1017.2276911902615
261,1779519570223,25.711109046464728,54.32691423846293,1007.0804111118468
184,1779519569911,26.764464952708487,63.56809566740773,1000.6148151042805
56,1779519570427,26.451002719308256,55.16940365617893,1003.3241927279156
265,1779519570286,29.80546535326217,60.050081792477116,1035.4639222074252
111,1779519570052,20.065631389034966,51.971689528288145,1039.1124325326157
95,1779519570487,26.89724069959925,51.79262912638527,1043.3359042687787
268,1779519570331,29.36994417280233,63.546947882502295,1010.1649752150747
107,1779519570130,21.533928634481022,61.79635450010823,1033.1011136521643
12,1779519570644,22.99704204650767,55.962697844002705,1032.983055493164
285,1779519570366,21.2457224050859,56.37741262274052,1023.3315578757729
102,1779519570550,24.82190217700287,57.48174195412753,1014.3355003027344
69,1779519570675,28.489368023303484,67.0395804513293,1043.9154820840004
222,1779519570460,25.42699636711473,52.08380338809549,1019.50947724308
108,1779519570738,21.73556159900123,59.06117485591376,1048.3746837644792
8,1779519570935,20.51684960567413,54.04044096325847,1036.7421999807125
295,1779519570520,23.727756090514482,64.9563926716454,1023.1015645714823
163,1779519570771,22.686959051150094,51.816778015967415,1006.9414660792686
30,1779519571099,21.003547151686988,66.76166390479466,1044.3773622377043
194,1779519570802,22.572584694999716,53.202910904896434,1013.216836218542
273,1779519570579,25.67597343788011,67.6965607365866,1000.5650935647154
25,1779519571191,27.512631558207133,63.71550205091722,1014.9154307495124
196,1779519570887,21.66702780542992,60.85181356467189,1048.4831492546969
265,1779519570705,28.94369246474883,62.92468582509814,1032.7731032740305
99,1779519571315,28.752891037938287,64.08004485140602,1047.232090346789
170,1779519571066,20.80363159703977,63.12130680376061,1048.7753304438718
275,1779519570832,28.07239069202779,53.48001048864486,1036.609121595757
39,1779519571352,20.681953723387693,61.51357103820696,1049.9261300136848
173,1779519571255,26.798308447700574,65.42692957132734,1021.965870146213
273,1779519570978,25.545849939373163,57.945926026586434,1033.351610795688
18,1779519571423,24.431722292368093,69.80354304697995,1015.112987178833
288,1779519571025,23.540752831460136,64.76959898801545,1024.0814339922706
91,1779519571580,20.77197203498282,65.86356720089316,1045.3940742230664
238,1779519571132,21.750798635829966,61.67644064656748,1039.1051152113773
80,1779519571609,25.371329151537445,67.06521780232252,1019.8402459821011
280,1779519571224,25.550093147872975,57.58658061913199,1043.7291089752669
116,1779519571797,23.89929954654532,53.660020498762954,1025.2425530131875
39,1779519571640,23.66327492717417,69.62956671406101,1018.5605625576776
262,1779519571392,25.732546512130828,59.64362837073239,1021.2262504962652
140,1779519571894,29.267655616707298,67.33103659765953,1044.8022588467595
79,1779519571673,25.185142708775103,65.33460105963721,1006.5583510722521
217,1779519571456,29.99011584958238,57.83233753439664,1033.696562553372
173,1779519571922,21.574594185181425,56.4670126356397,1026.701490742196
90,1779519571767,21.272896942359417,64.32678629087091,1031.1648827919923
212,1779519571549,21.65065027918673,52.24855449126311,1035.97680385169
161,1779519571985,26.594594749651968,51.26392402257781,1045.8125855097821
94,1779519571861,24.966654054766853,63.86446600208851,1029.9319351282288
241,1779519571704,27.424079418452322,55.09044700420977,1009.1620895779248
135,1779519572016,21.163930540914343,65.2046607002774,1016.0397760365145
59,1779519571953,21.2361497245214,62.00466969213301,1004.6093639935532
286,1779519571833,24.88959643561964,51.912861523877744,1044.2582666072467
10,1779519572111,27.195564928054427,65.84449978865472,1027.2683050442508
107,1779519572428,21.90704391374526,68.40296035390364,1044.317637586583
219,1779519572047,24.91941520706652,59.948163579284184,1003.4984647804982
31,1779519572142,28.032753128315058,59.14365588133977,1046.1088297625774
272,1779519572079,25.061823458888295,61.46189763078033,1025.6243122401656
164,1779519572490,20.473371875626654,66.08664042296607,1010.2325152701725
27,1779519572173,20.689336313808266,51.60532556205529,1043.7113635675503
220,1779519572235,23.63082649972275,60.70984387738524,1001.0761563852075
186,1779519572553,28.665599660649633,65.72224237553895,1007.505817805543
76,1779519572203,25.183110937428204,60.18438374879264,1037.318087645059
158,1779519572707,27.93076773829679,66.69766978427371,1026.6691930292093
216,1779519572268,27.236316204731516,55.610702919273045,1046.2213618009855
43,1779519572363,25.61197304998909,52.663863515517804,1020.044998552062
228,1779519572332,26.287237691030146,54.7399986560201,1041.019492953988
143,1779519572892,23.868637807890643,67.79263107648687,1017.4328135522394
46,1779519572456,24.3529212222035,56.358768711093404,1000.0008520903231
273,1779519572612,29.599199552089978,52.665511301829795,1032.8853946503755
197,1779519572954,23.38988205051991,55.10762009804136,1018.0198457359568
47,1779519572522,28.1502406922197,66.49933548825818,1017.7150270946163
284,1779519572676,22.558271286872007,61.598641598162935,1009.6629639025529
179,1779519573108,27.383405851703653,68.9209500583489,1002.9695918471829
44,1779519572645,20.894471044575283,56.87429051206179,1022.0133826275793
223,1779519572736,29.54339844351159,51.26792144033031,1045.6330999062293
62,1779519572799,25.637882335934243,62.364697684645854,1011.2532570209321
222,1779519572766,20.920011772848213,56.563198036093716,1004.1696946268835
103,1779519573326,29.76598645262247,63.427856139396496,1000.0187730671438
19,1779519572987,26.77182341519618,59.39552596823404,1034.2075440374656
249,1779519572860,25.35448946124663,56.58355918026853,1018.6893054574583
145,1779519573389,22.03021756321946,57.10891399060279,1014.9761052390664
100,1779519573017,23.296289310526404,60.777855364424425,1039.1271176422
235,1779519573046,20.48423846866239,62.952564236187854,1026.057837622419
102,1779519573421,20.360474128802544,61.99155617611824,1026.976603857452
66,1779519573139,24.01500538149579,51.88896403637072,1039.329515143541
226,1779519573078,23.38666714992915,50.65065510877373,1030.6886318336858
120,1779519573453,24.799274558366818,58.711711999296995,1016.72460485781
11,1779519573173,24.138696792078086,67.05306823772533,1035.4596771017234
287,1779519573234,24.959558164509453,69.23500178439903,1016.4460894545906
186,1779519573484,26.441122473816158,58.49063255304846,1023.4022827624577
7,1779519573295,25.192508220226724,62.2586645471341,1018.7815916443458
255,1779519573359,27.776752709305622,60.19079179786635,1032.3670648386437
124,1779519573547,22.661085548236052,68.42710478894998,1023.2290907130338
84,1779519573579,22.63813855004818,50.90925432230201,1000.6292513737594
239,1779519573516,21.822368663982495,57.4420793518295,1009.247206727919
182,1779519573674,26.48964343548989,58.03931566729965,1007.5726962849941
21,1779519573610,25.4743056409091,68.8586347134798,1005.7234952216098
259,1779519573705,21.556818413404535,53.353134337766456,1046.5300321984346
158,1779519573766,22.787748454807982,63.70250148884845,1029.5529852301188
80,1779519573643,25.165433364593827,51.61486019851276,1035.9926585659161
220,1779519573736,20.54204665037533,58.00519152606417,1023.1670878211387
191,1779519573797,27.701978899801585,65.53330386286996,1011.9618834654459
90,1779519574048,21.09136599108826,59.29177562295408,1040.0284240414978
238,1779519573828,26.362683319344946,59.58659380793331,1027.1476964468616
138,1779519574018,25.779803833387433,59.67359841660878,1012.9503127002333
78,1779519574078,24.270938236877512,68.51211642948603,1043.5806643997673
295,1779519573861,29.83878160095425,56.84251296975927,1033.7195017551091
133,1779519574231,23.436917341239546,53.90585857784302,1022.9756968415162
26,1779519574170,24.01885663013911,65.15646802786706,1049.9367151406827
295,1779519573954,23.79304757679487,56.243589724876934,1017.9583277597098
106,1779519574265,26.046775034782755,68.7998465618715,1038.4886578828775
77,1779519574358,25.28419912690335,63.37774745145206,1049.400262209274
250,1779519574108,22.17010750267397,66.8220842825215,1001.6485531513798
163,1779519574330,25.00835702632658,55.41356158385875,1002.623807030805
79,1779519574388,24.72954768694756,58.57360868449496,1005.1715650840332
277,1779519574201,29.820806382560036,67.48087448483994,1032.84692386059
152,1779519574761,29.295551611204697,58.33794738353162,1010.0427530397388
32,1779519574418,22.861546411803296,54.701095827155804,1013.8299344341293
210,1779519574297,24.416361667115897,66.58000433998942,1013.3911523313707
55,1779519574514,29.08043028436581,51.55186603795415,1015.5546440012826
191,1779519574917,26.480807916207553,66.35932233954452,1046.711655356807
220,1779519574450,25.185246989758145,55.326882550863445,1026.0836523062576
46,1779519574544,29.413983360241186,68.37251855039717,1027.849995538924
142,1779519575044,29.572117193764825,52.16463481951669,1027.3863445960803
295,1779519574575,22.731932164069484,50.10921961679252,1001.5727959174948
68,1779519574635,29.464705642577695,60.991608328811964,1011.2904207700359
109,1779519575077,21.95914939735516,59.62457334055883,1015.8029075365511
218,1779519574605,24.962095754789352,63.12513557803953,1033.1656024373228
56,1779519574699,29.011809477734047,52.18572518723217,1047.9480957500366
247,1779519574791,26.13306211800514,68.98007814232234,1015.7166215156552
160,1779519575138,28.931329536514724,51.45763453824232,1046.851473459567
8,1779519574823,24.45700038292705,54.22877317728973,1000.5597540310317
139,1779519575199,28.735361305862607,67.78155490760918,1036.326408528734
254,1779519574980,24.647799823480927,68.90079940957048,1008.3961208454729
51,1779519574949,26.649566363898874,64.88416037379329,1035.5996039419363
173,1779519575387,22.495674716978076,69.39915947300729,1027.1814375809367
275,1779519575012,28.84260148375527,52.2682737017463,1014.1095816223514
44,1779519575230,23.459236045648233,57.56438353628424,1032.8231376298177
189,1779519575416,24.069419822941654,53.363965072197445,1023.4964118275464
207,1779519575104,29.20291062889568,65.98246262107894,1036.7238179811188
34,1779519575295,24.45597060732668,56.751538380719495,1013.2846911469969
133,1779519575483,21.817830687110913,56.5609798600014,1004.906749609313
297,1779519575170,22.87788222482112,53.12643256740945,1008.9119620603553
7,1779519575354,26.46444705957633,55.98108763391734,1034.789790988985
163,1779519575512,23.795910199294546,53.295552407530636,1028.518263779815
248,1779519575263,24.22050238284271,66.5148811947241,1010.028891089829
60,1779519575543,22.51115230579782,50.786227011144035,1008.433180107471
257,1779519575449,24.82174732539393,60.928007667684895,1014.1644307429483
144,1779519575731,26.395230901970013,64.97433814155534,1025.587486153752
34,1779519575573,29.118001645045542,52.30565249862885,1030.9940353095665
166,1779519575825,26.44808479031439,56.32486531184382,1011.5549214884677
202,1779519575606,22.395555110845105,51.91788619874851,1013.1402482813608
19,1779519575667,20.483687925632452,59.02774599023168,1012.1882160321519
167,1779519575949,27.17651553483999,50.62968438743503,1010.0477569452759
275,1779519575636,28.210191187433914,60.633204366865776,1027.2346990971075
46,1779519575699,26.16680695279112,61.05566719995835,1007.6759844406295
109,1779519576013,22.98681371546124,59.37186674988976,1008.0806900291059
293,1779519575763,25.712323218500018,50.670002408364866,1031.449158048596
10,1779519575794,25.984905443644593,64.08342129024729,1007.0839699868693
254,1779519575856,24.4733664602223,63.979732995155544,1013.4491366292151
133,1779519576047,25.224870485491756,64.19262814735745,1048.5155898737253
8,1779519575917,28.84759416843962,53.32139533911925,1001.8366687935647
103,1779519576074,24.29758533942421,56.01526300121585,1002.4542282856646
204,1779519576168,24.352747996377126,52.05200876923101,1022.2656427061994
64,1779519576138,23.52272591887463,68.22897826451349,1046.2198613134328
235,1779519576264,20.84412833586829,64.81015224166781,1012.8734621542973
198,1779519576106,29.376567504111833,52.072336185078505,1004.4121273533145
11,1779519576199,28.32039032266775,59.50164730213072,1013.2240597213139
133,1779519576229,29.798615999849616,55.90205346888954,1042.9891691838518
279,1779519576294,26.896291265337766,50.354539430938544,1017.1620713186364
89,1779519576386,28.323700272218538,54.18163347152507,1036.875623624289
197,1779519576324,24.501882348860992,51.09408327440699,1029.3847299378222
218,1779519576357,22.723556639516705,56.44436949733111,1005.6481377481432
87,1779519576449,25.10873963852345,54.89974919926289,1045.5354940293016
174,1779519576480,27.91264680693854,63.63508173839671,1019.9273127729972
253,1779519576416,24.23159667984924,60.68150310583047,1026.5052327628698
13,1779519576574,29.72175507230093,66.25021652448261,1007.9850324930467
203,1779519576510,20.52735129841098,59.15898579314222,1041.543310649281
179,1779519576542,22.860850579973786,53.948689635025644,1040.7653395926477
52,1779519576794,27.876012269859196,52.23352550220294,1049.1958461145314
255,1779519576604,26.16679583498269,56.83334988016229,1037.7441620596592
169,1779519576730,21.242502174454984,67.26528424151778,1024.104546328476
15,1779519576825,21.81718068520828,64.73666051625383,1031.694625880377
255,1779519576699,27.92490927445143,68.55635542094811,1037.2148197621937
160,1779519576857,22.221470691832252,55.4744532244185,1009.0986309805768
29,1779519576919,24.84463281252099,54.75601566923555,1001.4655198295279
147,1779519577106,22.763212639698747,56.20797688209963,1010.0329597530822
284,1779519576887,22.008197527936613,62.8803549186451,1037.9359932996392
48,1779519576987,21.220464064851264,59.08291710344619,1038.4650487918252
246,1779519576953,26.148502399813214,54.715021387455366,1020.3109516078257
106,1779519577204,27.085622711504403,69.57545054696234,1008.8186437229234
42,1779519577018,24.62913751185097,56.43389804547859,1021.2410092025034
175,1779519577326,29.568172238532878,67.11498908267387,1035.8766520004394
252,1779519577075,24.529653201935204,66.37118306611502,1029.287657801215
58,1779519577169,29.07235142029639,59.97106326760289,1046.3856418436596
237,1779519577139,29.326213610328665,50.94952437952486,1041.3529021340366
186,1779519577360,29.87377640454158,58.19070763190237,1005.3929046051428
22,1779519577234,26.584556115685956,69.5393195310833,1014.7711886354274
240,1779519577263,22.30510847058987,60.778291410624995,1014.3735394643758
154,1779519577455,25.739770718470204,51.42625458291723,1011.3355808648215
1,1779519577390,28.608682337889512,69.28378503687426,1010.6724314938774
267,1779519577422,25.096702559717585,50.34546519223896,1042.022994623472
179,1779519577674,28.03461682758712,59.34930703197613,1019.949959815196
64,1779519577642,29.33245922741914,53.3833594615382,1024.3343281649913
282,1779519577485,22.60847422757433,69.01927768167265,1022.6101572519697
116,1779519577736,27.425105733525037,58.45709800762948,1019.6054231819364
21,1779519577894,20.523511327132276,51.409070512405414,1035.3659469126478
218,1779519577581,23.680388532418533,69.52810310969298,1030.0152526336324
189,1779519577768,29.372643374233512,68.55218004192099,1027.1751825643958
27,1779519577987,24.30320146106439,50.24109224887608,1018.1610357859926
214,1779519577704,25.41210454632806,61.281810531042865,1002.2402048436242
114,1779519577800,29.581108381612474,67.4831310218573,1044.4170058879172
21,1779519578050,21.049920546188453,53.631821953056075,1048.3593064832628
169,1779519577862,20.6721772208235,61.826658242985886,1032.3467224800152
288,1779519577830,26.214215811608046,67.40407517285807,1040.554460169124
65,1779519578113,29.26879517983302,53.74012616727304,1046.0709689841551
167,1779519577924,25.91936174118129,54.0216689486705,1006.8624770533754
267,1779519578082,22.0365434438005,63.765531146378706,1020.1197549012543
59,1779519578146,23.453312476319198,67.2220315139971,1026.4475579314449
160,1779519578020,28.499213010374888,56.889981390885026,1037.3096399495962
273,1779519578270,25.154656601158237,54.34100964006765,1005.6233147436384
6,1779519578239,20.3871440735489,57.4332008993578,1001.8500824149384
260,1779519578489,26.24765524535064,65.2875315426559,1008.2792454664822
124,1779519578175,28.724589663301643,69.39408600480756,1036.509723294208
90,1779519578334,23.47452097494461,59.15599011615681,1017.4768431234893
260,1779519578552,21.649777391580987,50.83327313664278,1002.590479855114
173,1779519578303,20.270380378883797,59.616246561496474,1025.4783321017521
3,1779519578365,22.94036538533678,69.99325887176076,1022.0924519284077
271,1779519578614,22.322173446367223,57.210678934983875,1031.176716462958
124,1779519578429,22.74133049468142,54.112604984050115,1022.2759989962137
23,1779519578460,25.476812528313104,69.39533071517722,1015.8382593819831
106,1779519578650,27.36805653936074,54.38221886160014,1006.2565730474629
228,1779519578707,21.488439502096938,58.35976186734619,1049.2547551195064
43,1779519578582,27.181205428785603,66.79228386706453,1008.6417065022997
213,1779519578833,27.501195481654293,52.64581084066283,1016.365970393105
125,1779519578739,26.616671002637048,54.38359498343906,1044.9196362275948
1,1779519578678,20.766608735703716,52.01857096248808,1004.7931760686339
192,1779519578772,25.59409210074138,50.216933683951765,1040.6179210441724
216,1779519578899,22.235370194474733,69.56802723279587,1046.008464334389
85,1779519579021,21.795812607962503,64.64900542710568,1043.2016024847246
190,1779519578803,27.66169518278391,67.40141065370516,1048.3327763163074
218,1779519579115,29.016075140673472,65.62057506793158,1046.9962392370328
85,1779519579083,27.02320382989617,61.89977207506893,1009.591532913779
211,1779519579147,29.120957782389397,56.515584205672646,1030.0999785867962
114,1779519578926,20.290880940232135,57.436554945368734,1023.3859037042218
89,1779519579211,22.746614731506167,59.357103042817066,1005.1541301897844
294,1779519579178,23.287501772338068,69.28111770599116,1018.0130677559459
187,1779519578991,20.892504444464688,59.39707798410494,1039.9897908151029
94,1779519579241,22.401809090946294,61.61300307006229,1002.0098991003889
257,1779519579459,22.495415272564895,52.0682446776691,1026.4931173870918
154,1779519579304,23.57268148038943,69.08379927771327,1033.3055009944771
56,1779519579273,25.54713597938884,60.20893624835733,1033.8864512773314
199,1779519579336,27.555344999219272,58.48343577599515,1028.6187898595633
296,1779519579491,27.9927438555197,66.74316690443207,1019.1170538807634
96,1779519579521,23.547299439080675,56.14662762767568,1018.3226097549835
221,1779519579680,28.40153214686128,58.14370091367465,1031.9351492695544
101,1779519579365,29.444980880734164,56.423828949374226,1027.3193495948244
71,1779519579555,22.16211003715201,58.73279945678165,1028.49848896569
159,1779519579431,22.31094675275957,50.83238709966061,1049.6678667301094
211,1779519579744,24.30913149457707,52.44178041048066,1022.6395025862092
31,1779519579616,28.182345113155,53.21855157293738,1024.1056640991824
145,1779519579585,20.74524512522508,51.51338858944193,1028.0706569662257
201,1779519579778,22.309093804288647,53.22723767824526,1006.8264384786876
31,1779519579648,28.27870344625325,64.15479831097423,1007.4678887566563
205,1779519579840,26.990912564453563,51.47563836480793,1018.2599976611274
122,1779519579712,29.579501890413674,63.2503524925193,1014.4671820023115
45,1779519579902,27.664066106023025,56.21660485066167,1017.555088766231
224,1779519579872,25.049947447076235,60.03936358237115,1019.3319975435991
114,1779519579807,24.13566734935214,62.13097397306694,1012.0570985100507
19,1779519579997,24.058293518683005,62.12026060819039,1018.773596228778
224,1779519580121,27.454181630912785,52.3468652000815,1045.84234582646
145,1779519579932,26.772889369623353,50.532860086228915,1044.5785344940011
38,1779519580059,21.697180588447107,52.17708272181545,1029.8422866142184
253,1779519580246,24.735638488517733,53.24415973908896,1007.4903183896952
115,1779519580027,25.100841770698032,65.72094084479603,1049.2960845073044
87,1779519580216,29.92212329148309,60.28257007064748,1034.291994590712
242,1779519580340,23.85094401310191,68.72274576402828,1041.0450426709085
134,1779519580091,24.149627184144677,69.86132746367815,1016.2809479546178
100,1779519580370,26.165625439017443,68.37960800214987,1010.511647607948
139,1779519580279,29.187264862889883,66.48208284210556,1028.1866021619062
207,1779519580402,25.12959744506206,59.677522590716904,1002.2941756977075
24,1779519580588,22.956227703740613,61.2452096211193,1001.5708897055691
284,1779519580463,29.30017412958592,66.5151484862789,1012.4435314021969
132,1779519580308,26.101992271673474,65.21452348914039,1030.2591764824076
59,1779519580619,26.30148345903088,51.83055543550447,1016.7706243871671
177,1779519580432,29.674858427870944,67.42781848514896,1021.5924656259583
279,1779519580494,23.606962464365658,59.25224171324472,1009.0190018909703
8,1779519580651,24.638929453199744,63.14754364925656,1030.7334328779523
120,1779519580528,22.139691339078027,51.59904165986683,1041.360728103726
225,1779519580714,20.82821441977672,62.81046974021515,1039.8979478119338
51,1779519580683,27.152722898327717,65.82264182974379,1045.5407495321872
190,1779519580747,26.274822316937996,54.56975753639517,1005.4140167323258
202,1779519580872,25.295270308130434,56.50170802554004,1016.6781758444849
21,1779519580810,23.18599095986194,51.648000621101325,1027.860882694098
226,1779519580902,21.016254500688508,68.53268930405694,1019.7388414397686
138,1779519580778,21.11299979253393,57.75628936602993,1029.9224090027128
61,1779519580932,23.01068510643745,61.264154637434835,1021.4530551888007
193,1779519581119,20.19473297919312,50.485115396054226,1007.5422346367519
276,1779519580963,24.883634393443998,50.993223927771524,1018.9399264459912
79,1779519580995,21.86822246928533,61.89499320863153,1027.8059479239764
244,1779519581026,25.051153410442435,68.98527522279863,1009.1187493378014
196,1779519581494,21.086221039034402,58.90504496492252,1025.8306983499672
38,1779519581089,20.107448960970654,55.3968909769025,1001.166947519623
176,1779519581524,29.926522613398607,59.72575296998204,1016.3767032526579
248,1779519581152,28.98601411459469,67.29298425019705,1041.0583826591103
52,1779519581183,24.04348122384865,61.56857744555015,1017.6877673907507
290,1779519581431,24.99524470157076,61.82941301490018,1047.9421474041822
131,1779519581808,22.90844605198269,61.22549538326243,1003.1206837221849
80,1779519581277,26.78513265127813,69.8909324305892,1043.061990009725
260,1779519581463,27.210507935099578,52.81612771457912,1046.5209865683842
5,1779519581402,20.722201937894205,50.40112224446022,1036.6946482290036
110,1779519581933,23.132226738165595,60.16591500236599,1031.9730002228318
292,1779519581587,25.634807758323667,56.405827402678014,1000.7385410780556
73,1779519581554,26.825423802664417,57.282947702406766,1042.9624009510107
119,1779519582024,23.768174412791502,66.10006729852662,1013.4381178954704
271,1779519581744,21.630140618229262,56.55275600217575,1027.375549647108
116,1779519582056,27.813222849415084,64.18197824243727,1006.4255367786695
91,1779519581618,28.670860032530946,68.16444777131336,1011.8935589217168
224,1779519582087,20.141859925041924,66.70136887866273,1036.4450819988672
85,1779519581713,24.5669422749935,63.62370138566288,1021.7114833944055
155,1779519582120,22.57451958794951,61.77097528444298,1014.0219064913954
293,1779519582150,21.129177488859565,56.04260462580423,1013.2139185094138
90,1779519581839,26.883104248574828,58.437078523479684,1025.9864846175678
181,1779519582183,21.020464809758742,54.27295444596358,1044.118774945068
285,1779519582247,29.77626100145013,54.88284270488184,1018.1944277785593
161,1779519582278,20.019030092255335,57.67815300116305,1045.4840395407691
40,1779519581964,21.178920843154444,58.378627139687765,1001.32600714683
282,1779519582340,20.412458918790573,54.78794770865767,1033.9916485207661
159,1779519582310,22.16058216606284,56.47357437596389,1011.8304115221869
40,1779519582214,23.5837958946673,52.55563869081381,1007.9263216034285
225,1779519582377,28.544376237921206,57.78973935240247,1032.5943322788887
12,1779519582560,23.0438777188608,52.09536329633551,1048.9207233550178
167,1779519582404,22.635862660896066,50.60868489900342,1040.1042512573579
214,1779519582434,23.21024976485016,57.862272194607456,1036.311306244327
123,1779519582623,28.248221440826768,58.64978862883026,1027.0830097641835
24,1779519582592,25.458143110781418,52.574364788845,1032.6134969149432
262,1779519582465,25.416750338350234,53.02787801483274,1045.7159611940206
15,1779519582688,28.778933506081373,50.79308261879273,1010.4209593281358
164,1779519582811,27.098430550420325,65.0996726507939,1037.5876766025556
272,1779519582497,29.142698173540552,69.50572423651977,1035.967997160761
134,1779519582845,21.047851000992093,57.13688730489492,1027.1891201514927
24,1779519582718,27.109911746558044,55.595918186460565,1015.7749583714987
204,1779519582532,29.645995789560615,54.59957519674666,1009.9338316275649
183,1779519582873,23.97624255758399,62.65748726296595,1049.7136466415375
73,1779519582749,27.500766366915293,53.65728790812991,1041.6993573192226
240,1779519582653,27.841574837478866,62.92638838843466,1041.8654094921849
185,1779519582903,23.219887535252603,57.367200095747904,1048.1045715374166
32,1779519582779,21.88971169045359,57.846701349296204,1019.3434713987003
271,1779519582932,29.81325831594513,67.46917098807603,1025.7289590318137
133,1779519583054,21.09967021183218,53.92942715683576,1024.5821684477924
79,1779519582964,22.61925526774362,60.62768910953229,1045.1970896325354
242,1779519582992,25.128141824215938,55.89285354809403,1041.3510573724209
24,1779519583277,23.006091247865314,66.12093689677381,1019.9400887658585
187,1779519583147,24.495285271325606,57.80746153958231,1028.5085278156184
276,1779519583027,20.04534453988758,60.55163303816597,1033.7759995584097
56,1779519583303,25.065248812432948,51.94795554990704,1003.9882704521837
191,1779519583243,25.254235753162842,66.07021334913686,1014.2073346261863
246,1779519583086,28.5188299904881,62.72244540233812,1009.6946847007797
170,1779519583370,23.551633338802567,64.49973697308732,1036.0489920673774
4,1779519583525,29.14872530306871,69.44915260186811,1039.3216876248905
293,1779519583179,21.08667177144888,53.17496914444595,1003.6406149829796
20,1779519583649,29.86254376236692,51.787048095490604,1008.1270869434984
114,1779519583401,28.35842854462704,61.24196543126629,1046.5319400476128
270,1779519583339,26.17504951431412,55.54565332481755,1032.486416739378
10,1779519583681,27.457445714648816,52.73153986783485,1030.252651373503
104,1779519583430,26.431139113632884,62.08629761286992,1039.895235426899
281,1779519583462,29.60655365442093,69.91600372512183,1025.1253778105963
30,1779519583774,21.10702444569917,50.53443665932799,1015.5330537789964
141,1779519583867,21.776285069788177,52.846959904700626,1014.0771231264782
258,1779519583492,23.53998608260837,68.89003080113677,1016.4198630561839
1,1779519583804,22.076826981793026,68.33946117555162,1028.9769540144491
174,1779519584088,27.937644933230303,61.98077309422468,1038.3976043674784
269,1779519583587,27.0247749468125,56.30336492396535,1039.6473447395026
177,1779519584120,26.68686139300987,59.2283560833735,1046.8567200839902
21,1779519583899,20.71181121461844,69.0447391636538,1041.0177665590804
220,1779519583715,23.865943325701302,52.81647757816983,1025.4436252553767
9,1779519583930,25.756496005113434,57.16728027551318,1018.8101004189946
113,1779519584180,24.880133205261437,54.995726976302535,1004.7145413964164
266,1779519583835,29.78448491979357,52.303122336607224,1000.9122562207127
131,1779519584334,28.349433273706936,56.016630711859975,1005.2818255757005
7,1779519583993,27.60511796290965,59.73020482799624,1043.2037926166047
269,1779519583960,20.0306364319848,62.889964173217436,1036.2153489573639
200,1779519584368,22.935681043293098,57.336419449842886,1034.2635131354725
214,1779519584025,27.2933676335789,55.844851138733105,1040.3319953752648
99,1779519584254,27.877307739135937,68.49318703920386,1038.253924726956
197,1779519584707,25.161605338205085,65.4529431819605,1040.3766166383443
299,1779519584151,25.185834956211682,56.77218245522515,1007.8422205984656
57,1779519584771,23.34689549335984,65.6695808945828,1005.8126598793316
163,1779519584838,22.364820489917783,54.446794314216675,1047.5228961718205
244,1779519584303,24.28074789148389,65.69396405842485,1016.6801508216992
63,1779519584898,21.129521530299424,57.65151442898314,1018.2328723571435
182,1779519584868,21.581983176000588,57.239034468687,1046.918806831344
281,1779519584589,25.32905659900422,66.84657530534767,1033.8748238097312
34,1779519584930,23.712116255236772,51.50283048675261,1049.44033643111
196,1779519585052,23.55493115690681,56.91913671774694,1031.877134266944
250,1779519584638,27.914973970204045,56.64819857597725,1028.999738071247
94,1779519585023,24.60916350510379,56.819597331720686,1043.5825998028986
198,1779519585115,29.24943466759545,54.66844899050943,1012.252701024005
240,1779519584680,23.253517355323737,52.58952515760873,1043.084309272156
61,1779519585086,22.076298363034496,68.7160396912525,1000.4881207274731
185,1779519585241,25.903618130540842,67.63930042947032,1032.5063895310773
240,1779519584802,26.872672313470854,54.62317526105223,1025.4589009751817
51,1779519585146,28.35142256142582,64.16284530345472,1015.8619467755922
172,1779519585397,26.78042074353936,65.37566061619606,1041.1607992380766
292,1779519584958,29.77149472025998,61.68505672035114,1046.5727191743672
78,1779519585211,20.682822681456337,65.55791142673951,1040.901634732451
141,1779519585430,21.161174199473514,58.283081656138826,1001.5160086528372
209,1779519584993,28.539350242100966,59.80521725515196,1033.6359921716523
60,1779519585302,28.873417820094044,57.76554291101549,1015.4932680415866
207,1779519585178,29.584877997700037,68.03582159982098,1013.8710034054125
77,1779519585334,22.88875515685811,59.90578857725286,1019.8085099253294
163,1779519585708,29.92465715453805,69.08151820519501,1043.5280836385302
247,1779519585273,23.243275640467377,52.83409645564944,1019.3220561197116
61,1779519585366,29.95488385290222,52.72114448430034,1012.4817310888089
180,1779519585804,23.570611347507928,63.76868865706663,1013.649147864808
204,1779519585523,24.280996559059137,62.87299047369599,1018.1277380061621
7,1779519585460,27.557708318674308,69.5851142408383,1000.6180382950644
252,1779519585584,27.520479607053346,62.239344241902344,1033.702387338696
19,1779519585491,22.160279423183624,56.43985547433205,1012.2876654145973
186,1779519586023,21.166012073744863,67.13314485317377,1024.9655189266039
214,1779519585647,21.847228262613303,54.948141222277876,1026.6225033801059
67,1779519585554,24.26400698842024,65.5878875329659,1005.6542207269973
244,1779519585677,29.982609091030845,69.73458502061484,1009.7534743571039
17,1779519585739,22.640228975224467,55.21393494439524,1022.7856273172483
183,1779519586222,26.46651855040048,68.66325907256366,1047.399321174613
217,1779519585771,25.42123049031486,65.9736529269822,1014.8325459132409
10,1779519585834,21.895479032709947,67.00366945743768,1035.8252657363478
144,1779519586254,20.353213519469666,69.12525438440073,1020.8694176360117
280,1779519585927,21.69181692803247,61.611288971936084,1019.7108207373556
21,1779519585895,24.564521170448845,63.051466403425266,1042.811022751603
190,1779519586284,26.407305533350502,66.19479673647301,1014.7311126965889
280,1779519585958,23.04401923028783,66.30410759147065,1044.7559240131995
88,1779519585988,22.413960867299753,56.08919798956722,1006.7087173917375
195,1779519586566,25.133390330477724,59.59016813988475,1029.3246171759718
287,1779519586063,28.538445130111057,65.99407856329739,1044.9802778375158
91,1779519586129,29.534381376862864,66.48094657296485,1010.4406469205344
136,1779519586628,26.572863431849637,52.21510782165237,1040.168697118811
239,1779519586191,21.14887627124675,51.60562228693826,1020.3938038776184
66,1779519586347,21.956937629640837,64.68715328792962,1041.1767469816446
146,1779519586657,26.575819989627472,58.794740195779205,1049.226766447023
220,1779519586317,22.808883937581726,65.10947490142159,1015.8978508213073
22,1779519586472,20.058718260085275,65.7034776321325,1024.8059753712773
155,1779519586751,21.065604388516068,68.43655654711958,1026.9282147027714
295,1779519586409,27.447023305443324,62.15956557632139,1003.1586826737274
42,1779519586535,23.342478776142567,68.57906406649258,1048.4547595621925
172,1779519586814,23.4712371525898,50.658447203649175,1033.3128690934197
215,1779519586501,27.380318924307485,57.6081213891057,1026.1215891516158
50,1779519586720,21.536865181843304,65.74410909629535,1027.4463506612728
137,1779519586846,21.821849164953566,53.47731284202381,1006.5645176205978
294,1779519586688,28.77260220290942,58.858286447147236,1019.2470466579383
53,1779519586880,21.504324221070945,65.01326286220724,1048.8288046861217
119,1779519586999,24.75856675034473,67.54106228204903,1041.1122189836524
273,1779519586781,22.285776959911402,61.68372821703655,1008.0452047953096
19,1779519586912,27.282892677565698,51.004598984426366,1015.5732132295379
137,1779519587030,24.570067632399308,52.43867181216819,1004.815080478483
219,1779519586939,24.236103995176457,68.90612501625364,1003.0291881450023
27,1779519587248,27.651447102494096,64.9833919856858,1015.9387471800528
197,1779519587067,27.270530039891305,56.3796521459587,1001.632121058478
217,1779519586968,27.25563404448538,61.136937857968896,1039.7903971445999
27,1779519587285,24.297587862458744,50.03561608805425,1019.4797554303462
184,1779519587097,20.787536055158967,63.43309618709884,1003.9422029802092
246,1779519587126,24.64453932790857,58.92189255720622,1004.9953754777729
35,1779519587315,25.55429112640988,66.74533790635185,1040.9780672100487
120,1779519587156,29.643925832533736,66.78668276249283,1038.8488429721642
215,1779519587345,24.069770173109294,61.6418175473772,1025.3197740071882
15,1779519587373,24.087936749341377,66.1554453047003,1015.9865750795324
115,1779519587217,24.140871271774365,51.03898973454613,1032.2147275743016
259,1779519587438,26.28029285121997,55.92868558817858,1019.9480388953226
17,1779519587530,25.200372449054512,63.26336102447813,1001.3204667607891
163,1779519587406,25.685113855173068,62.507479402100536,1002.7707846547823
207,1779519587468,25.235514746739824,62.41525270858997,1019.7734285071676
38,1779519587625,27.883992002600515,66.0085979562882,1014.5599051003156
157,1779519587563,23.443139348486156,65.80251227474497,1042.6235855625773
266,1779519587501,22.57421407514501,68.46641503615395,1028.2104612793294
39,1779519587654,22.145332564555417,56.5224235889191,1034.5086286699905
118,1779519587718,24.345444896124263,53.677453808934,1033.6598546503828
221,1779519587592,21.17380611090742,56.540418444110074,1015.2465388214088
43,1779519587686,27.680053174098006,54.92432857168601,1015.0588298916209
198,1779519587749,20.907857295469537,57.4412284937364,1013.5281731725689
282,1779519587780,29.31049948550063,64.16422764042075,1032.3512748865792
24,1779519587810,29.44335961203098,53.31367768536942,1008.1000888582224
146,1779519587843,22.98305891196918,62.7502265429725,1025.5498688365906
224,1779519587876,29.428812316706136,68.25712484582368,1007.8254004253912
41,1779519587939,25.125888447725107,66.65991671850398,1044.546493164959
153,1779519588161,21.933576953874297,69.62749954739212,1026.1361259405987
274,1779519587969,26.72710255526764,60.931417666503016,1022.3683613204084
72,1779519588001,28.77828543336294,62.83043847574297,1013.2772570934867
187,1779519588190,20.76558748959516,53.25854647220435,1012.831493270016
298,1779519588033,25.51723962789442,68.8875544988374,1016.8703975255839
74,1779519588064,20.21392337555359,69.23321404894779,1038.702619873252
165,1779519588379,26.977225983330776,58.67673736719578,1027.9757883119494
222,1779519588220,22.651280989289116,54.24695374493971,1027.9340968892525
30,1779519588253,25.656009605734162,69.59356219196647,1007.246073098128
109,1779519588410,29.701568868001317,52.274656907604495,1041.4534605714166
222,1779519588283,28.402648054075506,62.65126234589525,1041.0049924106627
88,1779519588315,28.5982927588065,59.46139521546489,1037.2546785569812
195,1779519588473,29.007587599586415,50.680613507965255,1028.1856101287417
226,1779519588441,28.487001228159034,67.12124459761078,1033.369586908118
43,1779519588728,20.88163753550561,61.97307471911874,1048.6891562777478
160,1779519588504,25.637187446646315,50.942536335920586,1015.0657580472822
287,1779519588599,20.282279473275985,66.50515648560537,1032.0157466415471
98,1779519588914,25.23770299084584,57.56857926351552,1019.2710752622863
109,1779519588535,20.999096282828823,68.63265105785246,1010.7744717326129
300,1779519588631,25.323111532035178,69.20786429893775,1016.5083332691904
56,1779519588944,26.998171117799814,61.10022537142186,1026.9927676634861
178,1779519588791,29.30168851020199,50.39475403620053,1020.8009577913725
262,1779519588693,27.631356452903955,59.1291333165271,1041.2075442532491
95,1779519588976,20.242129127847683,57.909310720234785,1027.995252918877
128,1779519588822,26.361024217815853,67.66427985253951,1003.1966020701713
243,1779519588881,26.004618454881268,58.46222707738578,1041.107700222727
15,1779519589004,27.31166407846808,66.80379184100572,1002.8235927346457
129,1779519589268,22.51752385187337,61.27110667819206,1016.9171402869367
275,1779519589043,21.495460898043177,64.11472899726023,1029.086476106866
6,1779519589082,25.072118658343513,68.93924668762608,1018.7768099954609
195,1779519589331,20.92172097808027,60.41592058088681,1016.2550537401498
242,1779519589176,25.650172699646216,57.158887333829654,1011.7874493031663
81,1779519589113,27.013235124060557,54.71932527111778,1012.4411299671368
141,1779519589424,25.011622755877752,67.12825012252078,1001.0429158395218
260,1779519589227,24.21959646890845,67.28050595695969,1036.9421278758823
62,1779519589298,28.528475721312766,67.04257424655165,1031.9422560472906
166,1779519589553,21.523275542728616,60.44062552471411,1044.3034523143301
291,1779519589705,27.255256826637968,64.99628767522566,1043.9582316870974
62,1779519589360,28.095758465892807,60.979178135604585,1044.1628503660393
224,1779519589863,22.37273904450322,52.52380273484742,1021.0988173331931
12,1779519589393,29.961731279866825,64.78706530517434,1021.9420304082644
142,1779519589643,27.037853188531066,51.1290500191925,1047.8394107731551
88,1779519589485,24.498019096345356,62.01225174341295,1028.6366587461082
188,1779519589736,21.304274359465307,57.46080854885687,1041.3075614513991
231,1779519590286,22.496172298205423,60.00805727931788,1040.0952460502465
41,1779519589610,26.430585264874733,53.63108381613373,1046.7410887227754
251,1779519590399,28.70683881956618,60.41545859715213,1033.0491915274438
170,1779519589768,22.908987521806694,57.90332628935708,1013.8537665754291
41,1779519589801,28.198107134130574,67.10301127074355,1034.9135843499646
161,1779519589896,28.730630861594758,55.978428866522776,1048.6976956885915
87,1779519589830,20.740179573817354,52.68383768329772,1010.4208562196824
142,1779519589938,29.413066216295324,63.72365972387361,1012.8792370403675
56,1779519590322,29.92483749502219,56.39433763969046,1031.5153356268872
193,1779519590656,26.65973376373151,60.72948498425869,1043.46330492508
20,1779519590355,28.081965652783975,56.22122889410631,1043.1344395866658
157,1779519590700,26.02157495204213,59.58873097929068,1002.909051945747
47,1779519590449,29.68111096851895,55.17509151523314,1044.9083220100488
122,1779519590738,22.724875008512612,60.49931575306505,1040.797635100014
46,1779519590483,28.849606121389716,64.19761209341834,1030.6659681971576
198,1779519590825,27.229606445791614,51.07475687141243,1045.413471952428
76,1779519590610,21.59928567657308,67.52715266774243,1040.5236200351055
281,1779519591160,28.473811755938165,58.39139482057104,1002.2367697289654
150,1779519590864,28.256876772758183,50.81730842208629,1001.0982703688767
7,1779519590783,22.292186425939143,59.97637038647881,1025.9671375775347
243,1779519591204,24.547268961158856,55.186252019237074,1046.324625175327
134,1779519590987,22.773389962367222,51.61114976444854,1027.3687229428788
71,1779519590903,27.406531741385137,61.530027480239546,1022.7371461191096
210,1779519591291,23.220213902528464,61.37613194570895,1022.7806774062379
153,1779519591035,28.119286903479562,57.859127808393886,1015.6722609440586
60,1779519590952,24.780660228665887,65.7703380147308,1012.9794045420934
299,1779519591329,23.88347295520755,60.14104343676914,1049.196469611771
143,1779519591248,23.655832729930413,61.36841541157041,1015.1641572091856
86,1779519591098,22.660055327847424,64.57786047616926,1000.9728170492899
206,1779519591433,28.069492386376073,56.63110935892095,1032.8339813764337
175,1779519591387,28.31459266669554,67.39037946586608,1038.5784635344135
14,1779519591542,27.041935334989542,54.01307033237483,1023.5555285269581
169,1779519591470,28.923530142592192,51.21123002241279,1045.3349598250165
254,1779519591797,25.655517984182396,69.08713080662349,1029.9624460519717
96,1779519591579,28.482465796644348,51.349703221359434,1002.8617513082927
220,1779519591871,24.29925593720613,56.98679748012931,1047.5522241207668
109,1779519591653,21.459763187616566,65.26754456382723,1006.9589085962544
31,1779519591612,20.277387346037344,62.52330530662987,1021.9548884852927
256,1779519591957,29.9511778902447,57.31493567681473,1043.2391034109198
143,1779519591686,28.014947240277184,62.687284758825015,1045.7641134774535
86,1779519591828,27.380331297601643,53.667215306486646,1018.5784949820799
220,1779519592061,25.278029315651906,51.96166752277547,1016.0963662642033
142,1779519591714,29.365918901078807,59.38093322504106,1028.2921370988695
26,1779519591908,27.843251147163663,68.12052637878936,1035.2091121701328
270,1779519592095,24.33444614069363,50.53009199021107,1018.5870048831404
139,1779519591753,20.11515514841599,58.979997272332085,1009.3485949632438
6,1779519592000,26.35918327201008,52.047026072889096,1024.2429282955036
271,1779519592246,28.42324986659937,61.13475591102468,1031.3668407616665
153,1779519592123,21.37143198839304,61.17674472542603,1028.7860611237584
35,1779519592184,20.36621031729925,58.870648231883756,1021.7801704343633
124,1779519592155,27.089413586118503,61.33312245435471,1046.9776110462924
20,1779519592339,22.713945670379076,60.88189221349512,1014.3036786896838
243,1779519592592,28.900652493437,50.26704557011382,1047.4177664151687
114,1779519592215,26.262960534579307,54.631360497105526,1009.1460107519076
91,1779519592374,23.180516623655798,66.31067023174823,1048.9238586040294
245,1779519592623,24.4420968553004,68.9572547768996,1045.8925830764367
192,1779519592277,24.837975653373842,56.85579507738801,1012.5156400608904
48,1779519592433,29.788216426390896,56.899635355674505,1009.6288718484363
232,1779519592653,25.970464559316873,69.44125268355454,1019.0888902286304
114,1779519592307,28.329423122708977,55.32032598428949,1036.0717993082708
256,1779519592682,29.93472055056936,64.9769763411914,1037.0385718717512
6,1779519592933,22.524508314228363,61.992065112830616,1033.6122176292943
163,1779519592404,22.244834149043854,57.71470253634781,1020.3134805057342
218,1779519592808,22.283457188060694,58.21377913538679,1038.5002825563274
23,1779519592993,22.490957762201603,64.79347360826719,1047.985895705828
165,1779519592506,24.622680770536753,69.67164851475681,1010.3039134295002
211,1779519592837,25.73946074511663,62.06167548367428,1019.5938704351278
50,1779519593057,25.320293864226805,51.69911326393387,1037.5747474709651
161,1779519592719,26.300150924799972,63.61498064492367,1014.3406431835942
216,1779519593025,28.255674172444383,69.2175567740815,1025.8924295719996
30,1779519593152,22.026960825628493,61.15830963811146,1011.5958885699691
187,1779519592769,24.48914961306252,58.583276636237954,1026.5192479746613
248,1779519593086,26.728178315724268,51.991213756495064,1026.4713042108958
44,1779519593211,24.18396846886069,62.40730587688403,1008.5555484708752
124,1779519592868,22.195406467622234,57.86111730057775,1013.3650294912277
258,1779519593119,22.16001436084754,56.61405931555986,1007.2740090326914
160,1779519592963,20.798643445831072,60.68294854562032,1015.0470406778254
76,1779519593243,20.389568990274885,68.65380490015629,1009.2788529236938
252,1779519593182,26.015994152004943,54.18356844781893,1037.7974535718377
13,1779519593564,21.491459497762115,56.0872803974354,1016.9344090087917
160,1779519593702,28.594490682700524,52.79698643142409,1014.7605387034511
246,1779519593296,22.25534281820946,67.23753647667897,1024.9896771925019
14,1779519593746,23.01382650575426,69.47938378460879,1005.478435178545
220,1779519593337,26.688225188182336,62.58643604886804,1023.621542302464
193,1779519593870,29.162935144372547,51.18666258236174,1026.6517173758116
89,1779519593904,24.111710299897467,69.62781419243306,1006.4136472418047
258,1779519593390,22.588307914649135,52.54969214479306,1042.1147898112488
170,1779519594030,28.040598094725425,64.22244673654028,1028.625819888491
232,1779519593484,27.655279146189937,55.2287599565675,1006.2815844765018
93,1779519594097,26.46676678956669,58.95837821009836,1024.7903945922485
252,1779519593623,21.86533828809779,53.81978207403461,1016.6560668416361
143,1779519594227,28.1708151605795,66.10010713307327,1034.158760535002
76,1779519594289,26.02175464343004,67.53529856750629,1023.3468866510025
178,1779519594258,25.75093757466179,65.08134230671136,1037.9556294390381
237,1779519593780,29.110186998996397,65.1157054965557,1032.440170888833
41,1779519594398,29.61676372219246,57.80562017377858,1016.1585590493944
122,1779519594332,23.5215637722714,66.59157594849324,1006.0111459100688
254,1779519593839,22.7793518144437,57.53362955818627,1039.177374411393
78,1779519594460,25.46895611703569,56.30062309815778,1020.8859983231916
278,1779519593964,27.80675322043755,53.39904612633903,1001.3482493331262
159,1779519594430,27.616511651324686,67.55694125763488,1042.4330600219123
79,1779519594491,24.389650607514913,51.34524650451459,1029.2410280973945
228,1779519594133,25.887386060516775,68.84778360201888,1024.1714399965915
141,1779519594525,29.66433175055726,59.75873404318831,1005.1465340416268
40,1779519594554,24.48775689886531,67.64446481394323,1008.8531837245932
101,1779519594618,20.145426030241026,51.125739801336444,1015.5266604020799
215,1779519594364,24.431429210204943,65.98086138407216,1017.9460751922229
72,1779519594589,20.680605308453607,64.11616864700524,1023.621201773283
171,1779519594648,28.77548444852554,69.0747522763773,1016.8517726743123
264,1779519594688,25.299391697377928,50.13631182130549,1043.1471256250982
73,1779519594865,27.474361679737513,64.73163806303742,1037.5008943127407
183,1779519594747,21.17149483099804,69.51609319697988,1024.7323793567543
299,1779519594964,22.794096980568497,52.0415825741917,1030.8740845997204
17,1779519594903,24.777605430044098,54.48896876234599,1006.8698382596077
102,1779519594793,23.211446778154933,60.53702734308415,1044.5619087599828
251,1779519595002,23.19041617311243,68.91997605301387,1041.887754550738
3,1779519595043,29.670126777033616,55.32217466016161,1024.16366702841
164,1779519595183,23.203216319645914,66.75601545732124,1030.8995844604335
232,1779519595120,22.988877412835226,62.461044823902625,1030.7751495333835
90,1779519595075,24.16189423608961,51.40526406825907,1008.669126312093
131,1779519595274,26.212188501852047,62.89155345154143,1003.7236741256556
298,1779519595312,26.94136734458341,50.318165094483525,1001.4320649212775
77,1779519595236,24.95032694137867,67.07623501068413,1011.814051504365
221,1779519595383,28.189568052856863,56.891015591329825,1009.3933680730154
114,1779519595476,26.04163930650554,60.54201031928443,1030.2099363317818
95,1779519595353,26.036708142954293,55.195401625685065,1026.3076277181478
264,1779519595416,24.294351328987208,51.91092399185177,1043.8616465166028
139,1779519595539,20.02789836882968,50.55292974577163,1036.272385337914
49,1779519595509,24.138709167696888,55.899187844141345,1003.1811098785311
248,1779519595447,23.72013670235185,69.057460686896,1010.3617166895884
165,1779519595571,23.572854015555173,63.12116654438436,1012.7442915067818
19,1779519595678,27.43197765093781,55.794875138585056,1048.048250947956
185,1779519595601,26.30000785295951,61.80757492572567,1007.9917460255007
236,1779519595633,21.977168476490984,50.795970981175074,1002.4348458429282
15,1779519595713,21.64472058235385,65.67983380020229,1031.6344778917833
152,1779519595822,27.208194539287064,56.536038044309166,1008.9306031541435
34,1779519595745,27.64760933009952,63.27158377687979,1044.124452398233
202,1779519595779,25.797145970646536,66.66507766530533,1019.6728275127423
207,1779519595851,28.253753888870904,53.74962475846777,1037.9844378369917
81,1779519596098,22.60531057783447,63.88283975170591,1040.6319811191458
184,1779519596173,26.181979069105168,50.733398174737886,1045.1106098493565
8,1779519596213,28.954229600846716,66.17579355930586,1030.63395364198
259,1779519595889,24.7755358738668,64.728982436552,1047.6687718885746
184,1779519596283,21.91952841972314,67.72831477861536,1040.9274463262154
262,1779519596042,24.114312589897295,55.23793754471032,1023.6510229088972
64,1779519596391,29.124947431642845,58.58849372428867,1048.3983305814402
128,1779519596515,21.30314914390648,65.44027536054412,1011.9346200433636
239,1779519596130,28.27824347143097,50.553309574990976,1027.7497623803768
63,1779519596632,24.057963273106566,65.48466560840775,1042.0241691159613
298,1779519596253,26.668418517404355,62.57549549519913,1033.4834812365318
158,1779519596768,22.836521476827258,54.60907695688918,1048.2048400998153
238,1779519596318,25.384461111822418,64.79332587282435,1027.0142938162476
171,1779519596822,25.247213105093714,53.12827227160381,1039.5536048254442
15,1779519596865,27.0054923247731,56.32465170308875,1030.8592562181125
285,1779519596348,21.255669244896623,61.802763415672345,1011.1731619637217
113,1779519596895,25.84600052686511,62.294189428360085,1048.4885005907965
222,1779519596701,29.388039422001132,54.3999904641462,1008.5792824485331
133,1779519596925,23.87781675050025,69.2880361195818,1029.2081834205712
64,1779519597086,23.713386227913656,60.5413630586395,1033.783212960391
213,1779519596988,29.807295053610808,69.71666427546049,1037.2222588887873
39,1779519597132,20.451545843856675,55.187795435020526,1046.5998983679103
110,1779519596955,21.701082165265415,52.4297437580111,1014.8621233409056
235,1779519597037,29.724520170570287,60.073396499403955,1019.3599957460955
84,1779519597178,23.18985536556208,54.21712468718323,1006.7982596472647
115,1779519597211,29.67528842503069,68.8112066667214,1032.9701180346958
294,1779519597256,25.546981594132983,60.12290989878386,1023.2413095191092
97,1779519597335,21.50637505258415,52.87673983456172,1048.7830931391356
241,1779519597296,29.78758998047352,60.14775864442346,1039.601220075454
1,1779519597462,29.95751777211308,62.257241541724284,1004.897658998191
149,1779519597568,28.689241352969972,59.86384901443576,1037.8435725429417
233,1779519597376,20.702516046668105,54.588397272325736,1014.6575788056887
13,1779519597504,23.97077720115297,64.73826719455627,1032.4086170237517
103,1779519597673,26.52528963308096,60.18876563362615,1018.6926066108672
241,1779519597413,22.224936642272116,53.237965873553705,1027.9829911985619
55,1779519597534,24.593409637357446,54.21522048070051,1041.4815606765935
141,1779519597740,25.935483170584817,63.163994452743125,1004.9349076079934
98,1779519597621,23.961105193758875,57.0859647317818,1041.3600535374999
276,1779519597914,24.378989852295526,59.41052931420699,1041.82423397715
179,1779519597841,25.98102314347382,51.907343473322754,1012.1422277690889
30,1779519597784,25.094245846680344,55.11203160637208,1048.8291768746635
219,1779519598096,25.614560295890715,55.520216823956936,1035.3610985627347
169,1779519598152,28.526988725715004,54.99940297508317,1043.392108254171
76,1779519598002,25.70753950043076,65.54256234909762,1044.3547297709306
243,1779519598241,21.220595269290865,53.634871548360245,1019.7338283645654
44,1779519598194,22.606719802932496,69.48355750627915,1036.1102569383652
146,1779519598338,28.066860176139222,69.73216580841373,1023.7344384703878
28,1779519598291,24.56536871208163,62.40298693321872,1017.4030791548452
278,1779519598434,22.82491890495181,65.20304511835144,1043.8930772088918
134,1779519598385,26.86365365810013,64.78307345254211,1020.8791067641307
86,1779519598471,23.708622706841126,57.80437175216296,1005.112214324152
152,1779519598504,22.943739492233444,52.45347069590007,1046.7723575620946
233,1779519598565,24.10417030892194,51.4209802952673,1045.6558734540997
83,1779519598628,27.088421908017477,68.94424664732422,1033.5154149094255
191,1779519598535,22.713397769266113,54.39527470899443,1024.0156874675783
290,1779519598598,29.1016414456748,63.36079902880055,1026.072634398207
65,1779519598691,27.28057185431222,53.96541784401095,1018.0931687616818
256,1779519598657,29.59349265941534,53.7376965415836,1023.4434143220781
195,1779519598845,29.659704143569833,55.03727185533607,1026.1548376050275
42,1779519598751,24.262305599608162,57.60392538500367,1030.2760524832036
240,1779519598721,20.224573274818205,57.36158821899598,1010.8530532930306
115,1779519598888,24.10598384435098,66.30085318376678,1010.5852801725999
19,1779519598984,25.64227334298316,65.85183262394708,1013.7353164114546
254,1779519598782,20.70191339244173,51.9993694059646,1017.6649025843149
126,1779519598952,23.604015302189225,65.76573267935811,1034.50618177398
55,1779519599014,27.39076072478017,60.17268783065144,1017.3056152902601
219,1779519598812,20.008041164623176,64.33669670003071,1020.4974472761444
190,1779519599105,28.306519918773297,68.24921293731595,1010.6191167065058
79,1779519599076,27.754702461666508,62.87126610159881,1004.8331518203087
208,1779519598921,29.57582841005859,56.17984304630812,1040.9209016340485
141,1779519599136,20.81058050426047,69.2167060782277,1015.9530413698658
26,1779519599168,28.681579499847665,58.547692203198174,1022.1594359428391
224,1779519599045,26.687310779450563,62.36217379906485,1004.3490493183588
137,1779519599263,24.115437200096082,55.336129121544005,1009.7115494583962
8,1779519599201,28.730951700761654,57.28478620553667,1013.0769100956963
253,1779519599357,25.800180127884737,69.5165593780078,1042.4893049103875
125,1779519599328,29.799764738604246,50.41990265494435,1049.8506434687024
35,1779519599233,20.453163358939133,55.52047961639985,1027.8347130888442
212,1779519599420,22.00219871784111,52.52932946803237,1042.2473481641412
169,1779519599389,25.04803845513454,60.10992514417992,1035.5090340829913
73,1779519599296,29.957056408746034,66.24175353351063,1045.9508862885193
274,1779519599451,25.655395142308524,65.02596482346988,1010.4013971166465
140,1779519599484,28.676092794326806,54.82083867626228,1020.8462371347516
274,1779519599577,20.888452018625625,53.66757567337157,1032.4377022322954
103,1779519599514,21.545934944185593,56.87141212568845,1003.4411358331791
287,1779519599607,24.2962970446524,62.391853297520214,1028.088183415144
26,1779519599907,27.381901649642433,66.89890777701196,1028.672149047822
190,1779519599545,23.47460167964755,55.32417977576071,1018.7334113762906
222,1779519599643,20.122812328920226,67.09434742276444,1045.7429735295445
98,1779519599965,20.570308268638918,58.58572233777786,1006.1924145208797
162,1779519599735,23.544627410537444,69.28496690458333,1021.1353060310712
218,1779519599690,21.48989773229489,63.71005735128156,1005.8263351167861
130,1779519599781,24.544241546339627,65.95213117468717,1026.4974800086306
80,1779519600186,27.557620721281907,60.029425909398455,1042.9671035660706
284,1779519599997,20.223845489551717,65.07279551452334,1025.7497741662603
143,1779519599847,23.825252923631798,53.41038737719815,1008.2240667984972
99,1779519600222,29.466893475539127,61.7714783258335,1045.4569846083377
207,1779519600036,23.54540526807517,60.57891132805061,1043.6474444136763
104,1779519599935,23.19858287470759,65.92515710914648,1035.4069360390474
71,1779519600359,27.1178978629845,53.40549951432773,1020.1298380680724
246,1779519600264,26.315675455387613,65.69027891906947,1012.3158416412763
135,1779519600094,22.403839582251308,67.9380436908126,1045.263652078831
59,1779519600524,28.306079878275508,60.481292476046306,1044.0414276996692
230,1779519600295,24.062023794548296,51.65631833622823,1019.5270061284258
159,1779519600140,26.62552108229467,62.85235589970878,1037.6237579498163
91,1779519600612,26.60652219469629,69.05288492524929,1042.5996690615693
234,1779519600474,21.455432638592484,57.65749388122801,1020.1801856166493
177,1779519600327,26.394761429998745,58.102257532518955,1043.3719629451314
276,1779519600689,22.652269337784105,62.76893264250536,1003.8272525148585
95,1779519600845,25.728059389917533,63.27271939166528,1038.3051612035526
169,1779519600390,27.379264938099553,63.385543694458946,1002.6085533117471
48,1779519600939,24.193015853124386,54.91367654820576,1016.5943344983384
202,1779519600751,27.988262970959227,52.593360109964614,1024.8216439820753
169,1779519600420,26.14861410938706,65.23624303729761,1049.6789302583509
114,1779519600876,23.504071655904742,65.6942973004619,1023.7233461688597
299,1779519600811,28.96962746427741,60.955299836104516,1014.6527366295264
155,1779519601595,22.715783952495112,57.78813980595038,1003.6818469480035
296,1779519601097,29.72400108096923,58.536740370173945,1049.3066271273542
252,1779519601870,27.37249273356013,59.14529467689198,1021.9324792164794
30,1779519601912,23.49969894501256,61.47292187337015,1015.8065970981385
273,1779519601960,25.03316377683928,50.843585683399915,1020.2191695608863
95,1779519602003,28.36014654432397,69.76988820799848,1005.0169563538846
158,1779519602051,28.7746559560307,52.66969668586912,1035.635439980321
219,1779519602141,22.00585239487986,55.076991312212904,1012.3614451817169
75,1779519602081,21.37879480598885,50.98925832242808,1003.1570887131284
162,1779519602111,29.330520725104734,56.39949216269411,1047.0344032334986
14,1779519602267,27.671690118813036,63.229217693508396,1029.390081006253
195,1779519602331,22.918736819966348,64.06838489200318,1025.8040875140234
201,1779519602171,25.2267138351347,51.31034915252908,1036.049683653645
280,1779519602204,22.067336633872124,61.87977234161657,1008.0542721317921
167,1779519602465,23.2034914391311,64.34429877613957,1002.9480348669962
238,1779519602236,21.252060964265745,66.53518669550476,1019.9758280768592
165,1779519602544,26.97121858997656,55.10757485120298,1000.4365372736249
23,1779519602638,22.756950249029632,63.28043685638104,1038.184035027048
261,1779519602300,28.721381238726906,62.305600237386514,1024.436073787354
155,1779519602734,23.94614475515422,60.57931165778914,1004.8565529949107
216,1779519602504,26.79343828058173,57.767358619838674,1018.0994551517654
271,1779519602788,24.14181233754188,53.94555078571993,1021.6624565119163
70,1779519602987,29.207040510754958,57.936562705280224,1015.8354172127705
232,1779519602821,23.911470478705606,66.70620504930062,1047.194813989334
66,1779519603030,24.050908181592924,58.69219418832992,1019.3020318298446
225,1779519602866,25.842799510775944,57.535223157166115,1038.8058106988294
52,1779519603059,23.01592415535922,69.08268731924451,1016.1221973688484
207,1779519602939,25.278508636556303,56.09017209846208,1021.0814744490339
20,1779519603119,25.85363108943546,60.53383752113596,1018.4468767086321
150,1779519603388,26.84272283737524,52.10042603177287,1016.9516023407091
233,1779519603090,28.5805122694766,59.62570543929736,1034.3376723464373
64,1779519603184,24.902418900231496,65.84446035513358,1045.0763796677418
194,1779519603423,27.727640137038986,55.09591236037859,1009.4983389607494
204,1779519603151,25.621713182055874,65.08066345551599,1041.0048807540356
26,1779519603216,23.689094835937347,68.24335461081773,1023.1771374695545
157,1779519603588,25.801162986114058,69.77709846449498,1046.689495014142
300,1779519603315,25.932233809880067,63.32491342331794,1000.7093611322446
63,1779519603268,29.397658081876404,57.23827593202979,1035.663184535235
294,1779519603357,20.38713752727662,52.89137279609139,1007.6859826639479
12,1779519603494,23.920917460835664,53.4358703847233,1042.6067119938066
122,1779519603794,26.691406094755312,50.34709626474023,1045.2849089910692
202,1779519603464,22.785471390242467,67.53975870730788,1033.9686166994484
1,1779519603557,23.680810149584442,55.114922915351826,1011.079387316904
228,1779519603525,29.169809784200687,55.11200798199106,1042.1893355527982
87,1779519603619,22.71548046061591,60.492338283311405,1030.5817374240341
274,1779519603651,25.145549381332664,54.126583186329775,1047.800859392468
23,1779519603684,20.81991043812705,53.88449660280139,1039.7543624735908
263,1779519603854,29.01063414008371,59.521583533359106,1002.6351798246169
14,1779519603717,24.573852599044386,68.9910220697032,1037.0278823931467
149,1779519604252,26.079266130967795,57.60060098766505,1004.1873232318607
260,1779519603886,21.659930421948257,50.466661796557005,1024.8693204133235
72,1779519603764,24.990025187959546,53.45259721266215,1013.1472176546638
267,1779519603923,23.073055380315537,53.357378834077394,1036.8477885576071
38,1779519603971,26.539544448253835,67.58246831756225,1048.103071385165
239,1779519604074,26.74130767368942,58.13345803821421,1034.984550626535
63,1779519604012,24.21132580872925,62.62874454238273,1036.8038681632586
210,1779519604111,27.59149587719846,55.41541563508191,1049.2236240497293
38,1779519604151,24.76548090678446,51.62159044999065,1045.3439906377637
125,1779519604731,23.49819446325639,56.95761654682704,1006.1538219759074
294,1779519604302,24.323331591793657,58.94113167420087,1046.3783925620248
2,1779519604218,27.87564444781559,53.84585688938648,1044.226062508074
273,1779519604532,27.323812746974912,62.34351243064741,1018.8153276426785
50,1779519604349,21.213549814221913,51.0244276602555,1040.443206933176
246,1779519604582,28.41398686027908,68.24888792021787,1020.2268389102765
61,1779519604419,25.094313633884937,57.29959726670174,1021.2777585108631
300,1779519604639,20.89512942714262,67.90777116464082,1007.228170773486
188,1779519605104,27.81791874832564,59.6351417691301,1010.571363370693
48,1779519604696,21.729986552037598,53.957122479033615,1034.0942020316352
300,1779519604766,27.690189345919634,66.14755761566565,1016.1989000342321
157,1779519605137,20.88380428753557,68.1661087506058,1022.3419666375252
70,1779519605001,26.73164854892354,66.26001434191731,1011.270692365971
277,1779519604812,29.537584484879382,51.73425929111253,1012.6713247930071
11,1779519605168,28.82059425639786,59.89237626820951,1040.1957113674432
281,1779519604875,24.14887836319392,54.24329191406269,1040.0433710637071
78,1779519605198,20.209651066776654,58.49973936771015,1019.6348653222933
294,1779519605041,23.763749874080677,63.14102732800026,1047.9688459241577
165,1779519605527,20.58023389386108,59.1813393804461,1030.9264824947165
94,1779519605228,28.199320969058924,62.453876429771306,1043.9532744915202
219,1779519605073,24.0646321324774,56.33760737978231,1035.007674805934
83,1779519605261,29.128773658771216,53.36934812848597,1006.251521200324
171,1779519605714,29.238735493221093,64.97521615167157,1044.5995402766457
258,1779519605288,26.371465578803495,54.34718522801172,1041.0075730064125
78,1779519605322,27.22848238317288,62.843867641892615,1017.8182649806104
224,1779519605352,29.872207313916,54.832988433249305,1018.5474898283015
1,1779519605387,23.216501827817897,60.31156539906847,1013.8564528967784
129,1779519605929,29.241916758751664,52.42926531220617,1044.0078867040313
280,1779519605418,23.094887894034937,64.94251678369929,1005.3956258973112
57,1779519605556,24.93373882837905,51.05752983549202,1046.4340127871335
176,1779519605965,26.047966335641235,68.22078242170882,1013.560437182661
233,1779519605653,26.82297605456791,59.48871204919344,1010.4067808391816
45,1779519605587,23.762712846671207,50.72566459372426,1035.287089420859
114,1779519606010,29.943731877509848,54.74907060488739,1012.3870527214058
207,1779519605681,26.290109046011903,65.25248576327465,1031.2705405199738
42,1779519605775,23.227955641655154,64.90927043884322,1047.7777866723877
200,1779519606040,24.395434086979336,61.99202325363523,1018.3275079832335
264,1779519605745,24.525292199119875,60.292021491985494,1023.676290549222
35,1779519605804,27.017408352750092,51.698264104434635,1026.0784030405175
160,1779519606099,28.253838223988232,64.79169458340806,1037.5470369745226
288,1779519606256,20.439365876204953,68.04259299428647,1023.8484496452643
59,1779519606071,21.095155118897114,55.13639307569439,1008.6046846331291
180,1779519606164,29.79164290624862,60.59979803970961,1006.2439340382564
256,1779519606287,23.794039217692763,62.949551379841225,1005.873167397146
49,1779519606133,27.29799187854468,67.22245787304828,1024.0136971600894
130,1779519606443,24.040867577160345,60.28237467327655,1028.716442545955
275,1779519606347,29.610986146160904,66.26081849538168,1031.7551493773046
41,1779519606195,27.944040101264687,61.02401406515384,1023.1660688155514
158,1779519606477,28.505470036463592,57.00036828948893,1017.7097737837486
222,1779519606737,27.05468552286836,60.127110959456274,1041.8636456976312
85,1779519606317,21.099441392184676,59.429917230690386,1003.277295353632
183,1779519606550,20.642239753357167,68.10195044444822,1019.3932973537619
267,1779519606800,25.373958035812407,52.343396357572445,1023.0538236341944
31,1779519606381,26.7070354306733,65.95300956339271,1030.4067304235991
118,1779519606612,22.904283024165444,51.02430277649608,1048.7021598437518
232,1779519606829,25.98196428716989,65.77853121354359,1006.4397653958674
84,1779519606518,23.951904525439463,57.06870115687128,1042.5874156180585
166,1779519606641,26.96410318433069,67.41478083597084,1039.14260145208
228,1779519606921,27.30430239163561,68.34759255964873,1011.6451666431352
38,1779519606583,21.534703596296275,56.062962623737995,1032.1633088779367
108,1779519606677,25.66493374619155,57.040545761060116,1005.1311715019943
281,1779519607048,23.004836552032618,68.6036525124644,1026.6152622951054
48,1779519606767,22.692052032157292,56.36174103767065,1043.9296491339244
105,1779519606706,24.6086051952941,53.96486725476337,1045.0427983087245
212,1779519607080,21.292922108755054,59.32856409362239,1014.3217589907583
33,1779519606859,23.28456548766914,59.693456398834456,1027.5978316861535
180,1779519607017,23.37571896580744,62.697327265382505,1027.3602160238165
299,1779519607111,27.453240020873174,53.940878612975894,1015.892938676916
24,1779519606890,27.953285570622043,53.00595415678323,1006.0111662530169
150,1779519607205,25.971686591716537,50.380708320805304,1017.6890721397994
287,1779519607496,23.543992707705012,65.5039819145944,1045.381996390728
8,1779519607140,25.075421228134925,61.00948469422956,1043.6058061487379
102,1779519607265,29.520469424095463,51.407285005933545,1030.435342106726
234,1779519607593,28.67447219926676,65.07698033177657,1003.9777346743615
22,1779519607171,28.41252240128077,67.65281389481882,1029.0657014117683
191,1779519607298,26.05528852633047,68.9462364888987,1030.0973583568464
64,1779519607234,20.449325125453143,67.78990755658609,1017.9883499855503
166,1779519607362,23.954833601749932,67.04210282167698,1006.1199731817185
3,1779519607325,21.420968998294118,63.04305494431955,1015.9100619595279
147,1779519607435,29.711165650497595,54.0202328346312,1014.63104630041
231,1779519607969,20.868191685142566,58.01843189780807,1034.1162514945129
80,1779519607466,26.82639572702639,55.59720157414803,1038.63866262558
120,1779519607529,25.15936707494493,67.42834150919089,1006.324929798249
281,1779519608040,20.661108603241544,55.300345645397314,1028.239046375505
47,1779519607624,27.73663458699367,58.016277063361265,1001.2935747724671
126,1779519607562,24.196767574737308,60.44375159062072,1021.3019339589295
266,1779519608075,28.732170462003626,64.67294358642594,1014.9163609260004
81,1779519607654,29.303221878795128,58.37653059068543,1038.3255387001848
122,1779519607717,26.945813413590546,50.81793495847723,1045.4609575283987
222,1779519608389,23.740484133071078,52.307619952528455,1005.3146509340824
78,1779519607779,21.368398815152155,52.71970625971316,1009.0516623280562
112,1779519607902,25.294701393072184,51.10110462898162,1019.8372038372675
257,1779519608425,25.28996605051496,50.832437405766335,1016.4810267500592
2,1779519607872,26.20305331478912,53.52583759438179,1039.373415742881
169,1779519608458,23.225062352739513,52.24191465774146,1013.5014236401464
271,1779519608488,20.326310997336936,51.349641736587834,1027.575262560843
69,1779519608012,26.506638638532,53.832339955862906,1044.753683738862
200,1779519608520,22.190932380346517,56.43755789860958,1032.2730229787906
268,1779519608551,29.647484884956476,61.46965281895503,1020.9819844533846
94,1779519608122,20.248759272843156,60.52824283299486,1000.019158593869
131,1779519608585,20.288586148503562,67.50084477952078,1016.4606343852568
289,1779519608678,29.0201126951846,68.40905469374069,1040.7420677748717
81,1779519608615,23.064909835548168,63.66717167244533,1024.936072298517
179,1779519608755,23.582435549673843,60.86270406448555,1015.982655183735
259,1779519608882,21.70389404403653,55.995987469017294,1021.7486748339791
40,1779519608644,29.028208667238363,54.79109188729925,1046.3778548294292
197,1779519608818,28.741760404487444,65.80575644804455,1011.3819653455884
224,1779519608914,29.931396797733978,68.60724532718882,1015.4621812625098
30,1779519608712,28.67488594858441,51.96843121633105,1047.7553277227464
151,1779519608975,27.36938886569589,65.44384600995123,1024.1330523486668
212,1779519608944,25.572366761694987,57.30833376258352,1029.4511476027865
24,1779519608784,22.965037979962645,52.33391730394571,1037.1848214281445
142,1779519609102,27.363235463368483,61.83717952030976,1025.4301498098314
283,1779519609070,25.359432077445007,65.20177945155196,1022.9260155266805
23,1779519608848,20.596736114375823,60.330264461185166,1006.6166428872612
134,1779519609285,21.59664725428418,55.6909337015282,1003.3608036785263
266,1779519609131,22.84007865961593,68.6658493850138,1022.2397693753163
29,1779519609008,24.571941386204948,65.63141860232659,1009.5166635569495
170,1779519609383,24.649819800045147,65.89479802877241,1024.788504830078
294,1779519609164,27.03481890720912,57.912864356718366,1045.412784812678
88,1779519609038,21.570409066384897,69.49186883369386,1007.3822142722018
181,1779519609630,24.532256705652195,58.045446056192525,1002.6050353520382
203,1779519609195,27.859281460769154,55.2786642125736,1034.3321756347168
92,1779519609225,29.142888104845447,64.7117254088651,1006.887407867037
153,1779519609696,24.193925656162662,65.57102201497551,1030.6018710333872
227,1779519609256,27.754430757267407,60.68627336621937,1011.724042235332
79,1779519609318,22.915014009796334,57.214828878384836,1001.2258974527402
189,1779519609755,22.683438507787393,60.21846710766907,1005.3127868402621
219,1779519609413,23.468726350120804,61.58214758447046,1041.3346702718466
69,1779519609349,22.54077054992721,61.750516924863234,1019.9168670297543
161,1779519609850,26.558486047607346,68.8380332240137,1002.3130037045875
276,1779519609445,28.054062994869557,65.86961501712177,1019.8678512690086
93,1779519609664,27.86531042868476,57.384375299974394,1004.9115195617311
118,1779519609975,27.29767421005679,65.80707960362918,1009.5141881733366
247,1779519609568,27.66951178483767,68.34753657438253,1042.921069215117
73,1779519609789,28.434226189019892,54.34392750054805,1021.2570906287933
166,1779519610010,20.65272399198422,63.178812091201,1028.3530612605925
268,1779519609726,21.635239148056105,56.06819533194292,1029.267311232677
41,1779519609913,27.68420482332916,53.16262883633247,1003.264583608488
128,1779519610197,26.36468382753887,58.573609923105266,1011.3333233926592
223,1779519609819,24.68950012865775,67.18260270522478,1007.6984260940147
84,1779519610071,20.69704023118008,65.69736728001064,1029.7419700318792
167,1779519610229,20.485101500744474,67.70113181164301,1009.9744151996641
225,1779519609883,27.017682850682363,54.4944815833238,1024.9186109703082
76,1779519610103,23.28979721654849,63.27126702112098,1033.8824903662764
110,1779519610512,26.61455229510922,65.71112712808696,1026.1582803709082
210,1779519610038,22.15907076867859,58.32459747588297,1037.9240023959803
35,1779519610135,22.12564209068146,53.532140933897075,1040.3546161942286
141,1779519610606,22.711224318687766,61.136287952792735,1049.4407923533952
290,1779519610259,29.414812876088234,58.237104480429416,1014.7399801124611
11,1779519610165,23.67088733790399,56.360616841979535,1032.044951044486
181,1779519610668,27.953792270000775,55.90607524668942,1035.6735453213473
290,1779519610416,21.924723238378707,62.95167844191245,1045.5481885025988
82,1779519610290,20.22734875035141,66.22679770025096,1048.0657984492661
198,1779519610840,22.473841811161527,52.077044244559794,1017.21154255212
223,1779519610574,27.458565095479674,68.6662723579438,1016.7125775307135
17,1779519610353,22.06754120792918,60.34106955454703,1016.1408178773701
122,1779519610869,23.50745112851609,53.375256700527935,1013.554457270402
207,1779519610730,25.466559321925807,63.262725787251256,1037.3218846229793
13,1779519610449,29.5578103418284,52.95505246360092,1046.3506806445441
176,1779519610899,21.55946196936982,59.19768769893947,1029.5174580748032
249,1779519610760,25.434166498815706,69.47425634094893,1014.127478198865
87,1779519610637,24.348098760339134,59.96161449496195,1012.8051572035608
137,1779519611162,23.673030430589204,65.27239228018247,1005.9172935293986
242,1779519610797,22.349268927984554,60.362980446464086,1029.693862652619
2,1779519610697,27.132906750895465,60.34145759873073,1045.5230013298442
117,1779519611191,28.6455287197201,61.91945441679131,1012.3248445580622
272,1779519610930,27.181518571079373,51.78971201729843,1036.5206599818496
89,1779519610992,24.117727524841087,54.76484170867967,1028.6885697713478
121,1779519611251,20.317558221726557,55.66257410577315,1019.2718793531278
210,1779519610962,26.794334627562293,60.73394172141077,1021.8086321461379
29,1779519611085,22.52384111750534,61.63221487869038,1026.3331508293124
133,1779519611283,26.513026699189883,61.95974518159346,1034.8102654167312
241,1779519611023,20.27569985714938,65.62709344506834,1022.8539700453405
59,1779519611118,26.769446576419767,59.89965779616025,1023.618944713862
284,1779519611222,21.29100618443062,66.8608007189234,1017.2794645957192
24,1779519611313,28.554982812324603,67.33783820797667,1023.081640663134
200,1779519611659,23.029385080923984,64.83146406921374,1033.7305270087263
237,1779519611376,28.905403411237586,59.227567229644144,1030.4534039439945
68,1779519611343,27.39135572386603,69.99835295426816,1005.6924831750308
117,1779519611688,23.319482131842094,68.40727878885629,1006.5636774442842
228,1779519611438,23.092040236462147,61.707249722002004,1003.2777878481693
55,1779519611408,25.33144165169326,52.37319185003349,1042.129101791179
189,1779519611719,21.91355157083167,62.39463202659627,1003.0283955960086
205,1779519611469,22.752846740881797,68.77484842880119,1036.001374916324
25,1779519611503,29.68012485088193,52.65415472689493,1005.6377206319273
183,1779519611751,24.31033119352806,57.433105932472216,1043.1057633535363
223,1779519611534,22.148815598751277,50.82377734826605,1008.2524825779722
27,1779519611563,26.10823852819368,57.36664244760617,1043.0833255300192
121,1779519611814,29.113925522758294,66.5691515533077,1035.8341387549742
222,1779519611628,22.153560523835512,69.76176725721561,1024.0589603178664
26,1779519611782,23.010666513076316,65.78676721341768,1016.2876046071174
137,1779519611875,22.495419681974653,63.48767181808734,1011.662484881592
217,1779519611905,23.06141654382271,60.22836408224062,1042.6799493835713
81,1779519611842,26.695813125515997,64.66838263965559,1019.0929862159929
128,1779519612032,20.35696080560845,62.07127842596043,1049.6899167399986
283,1779519611970,25.443206901033616,63.62710919286542,1009.8423722355769
89,1779519611936,23.462936409769473,53.43740953343033,1008.6614746037999
109,1779519612064,22.773297446965067,56.306370140906274,1011.0616175569196
244,1779519612001,24.93706667942527,52.65210199488119,1045.616543368044
42,1779519612097,27.209497397542208,61.509723711386265,1044.9296528913928
163,1779519612159,21.899478290088098,62.8265535152343,1014.356338938734
218,1779519612254,26.83024492192813,65.98881350741958,1015.0290049724426
83,1779519612127,25.299532195319387,63.60849292591022,1027.651281543744
185,1779519612192,24.936379120362453,60.778244965006394,1009.6222515334788
274,1779519612379,26.976801000204237,63.55356897499812,1042.1696187031814
43,1779519612286,20.436802418473718,52.28400752685309,1040.4413964156847
128,1779519612222,27.24130199797267,51.36950388207029,1017.3608304616599
277,1779519612413,25.79547333725334,66.53862189288245,1032.7691802854133
17,1779519612318,26.34073755977928,65.29757640553342,1000.1570389705536
176,1779519612762,22.690358975631227,67.16297290484493,1009.3605125665263
282,1779519612473,23.10510843561273,61.22323865597825,1028.1143228295184
11,1779519612443,29.96259443077905,67.66009010306746,1040.6262266201265
193,1779519612898,20.872144860057407,59.834491962183726,1046.7450836996202
219,1779519612505,20.404740737807277,65.38440506400866,1033.2453891307134
75,1779519612535,29.659745456145316,62.31973250726481,1049.9337531351387
159,1779519612929,23.497789016334277,61.55835254357697,1021.7259802880851
278,1779519612633,27.34425710836015,62.159039308628145,1018.0093932146516
59,1779519612683,25.984319570296538,68.45941045355602,1007.8029647307436
158,1779519612964,23.880491337470822,67.68087310422437,1007.3547808271679
272,1779519612727,29.02101990139338,67.83020431165264,1022.6573257929585
37,1779519612836,26.579841667102492,67.57862473544608,1044.9201872796611
145,1779519612995,26.13167628101033,61.149718160604586,1046.603800050835
236,1779519612866,29.047542343504148,69.21895029095545,1010.5897375791458
52,1779519613088,22.884860233973995,66.76437211083754,1005.6428388489568
196,1779519613025,28.120611287465877,60.68895620882702,1048.7558040198014
279,1779519613117,24.682165746978466,56.742655025119845,1041.2281156436438
34,1779519613181,21.785311492417645,60.43335439284177,1024.6467250455376
103,1779519613054,28.413428494099257,52.47141413235093,1047.0396510406904
286,1779519613149,27.582327910532765,68.47397382326133,1036.2878062760908
54,1779519613242,25.668724128396896,56.10164452525028,1023.5016387423017
110,1779519613274,24.978629646401394,66.15104756693216,1003.7463027531963
262,1779519613214,27.116131108576035,69.67450830565681,1033.4052662661873
38,1779519613402,25.90297077259077,67.71914568528858,1008.5144397198613
158,1779519613339,20.005370200658508,69.53447979414499,1024.0872653409967
258,1779519613307,26.278182782740593,52.71099040564595,1005.6957291342283
3,1779519613495,26.360081666954017,53.99843282455557,1007.9832130960968
276,1779519613433,29.95038877906515,55.76499960988562,1032.6132950768229
193,1779519613931,20.21938960567778,62.50423398184578,1023.2790238187713
46,1779519613528,28.72758133764283,56.967905799379906,1015.0684430674518
190,1779519614009,23.88260759392056,64.49410695359035,1018.1661215858337
286,1779519613588,25.81969179904774,55.15301732424543,1006.0282061538085
43,1779519613557,25.192761282143426,60.94565953282892,1016.3562806804562
249,1779519613621,21.60254090881766,52.24555337264699,1047.0798522574962
115,1779519614037,26.97878305163509,69.08658998123596,1012.3232999029068
91,1779519613652,26.16074723482771,58.45880374997438,1006.3212467999249
149,1779519614259,25.64858751338631,56.33790495561233,1021.5519684176121
294,1779519613821,22.588914899675256,56.90048595713003,1028.0942428543594
74,1779519613745,22.279924097127463,65.25954777626737,1038.2767960568817
185,1779519614289,25.42134707351791,68.19550401113742,1031.7347866817677
274,1779519613868,27.229566509108075,62.04998286407181,1038.4312784766075
13,1779519614070,24.27621851292916,58.12045007648878,1008.9305661499599
135,1779519614318,21.470911267161405,67.18709684130917,1004.4747032905486
275,1779519613967,20.66228348608702,58.47604811382378,1012.8829191286351
64,1779519614132,29.117707289559856,52.82037310932963,1023.8631044191372
275,1779519614100,25.51618209114514,58.22726675011138,1045.0914051644722
151,1779519614571,22.27086443235063,58.155910942609474,1045.603242562201
12,1779519614165,29.978322659438515,59.67662058336241,1020.5001161117256
101,1779519614694,28.933121977578978,52.6712112149602,1013.5862335729465
288,1779519614381,28.372230848966613,65.69993634254521,1015.8378170185061
18,1779519614196,27.40288051699762,64.44729814560584,1036.2718960833238
173,1779519614727,25.080192587955352,55.76110464477687,1046.7144900186909
209,1779519614601,21.11554667520551,61.954107557638984,1005.0587236351333
62,1779519614351,20.783858462856383,53.446256702822446,1016.5198298410643
110,1779519614819,29.74401460019407,59.23405409145498,1010.3420275934748
231,1779519614631,23.274298385226736,51.933510891570144,1013.4907333415961
57,1779519614412,26.275171840526113,57.36445553327439,1001.8745024618546
178,1779519614849,27.057196824610905,60.12572844468201,1006.1643794396331
246,1779519614663,27.620442733298162,57.44502534918606,1037.5012412829328
70,1779519614506,21.22347123939165,60.729110712772965,1009.4975477275427
154,1779519614944,26.820852939487096,67.4004995968479,1049.5321350241836
295,1779519614755,21.136863664056893,50.130122859640174,1033.7083094190548
96,1779519614787,22.7122203393565,64.50194823170685,1042.6953302151333
160,1779519615038,25.458897558755233,68.3729341883223,1021.8105253031279
222,1779519615008,22.89719199753887,69.09003633001657,1000.7516904072706
53,1779519614881,23.594114508384685,68.70574450302301,1040.6203972173555
142,1779519615068,27.939275168886244,61.257634625092805,1023.2146910913443
230,1779519615102,26.576805722058438,63.96355964262153,1014.4783838247969
45,1779519614911,22.37573153916011,65.6311723859337,1009.4461672061182
178,1779519615132,25.226770680486386,69.43290223316126,1042.9780890547486
18,1779519614973,29.47173667328303,51.25664019961054,1001.2973488206836
125,1779519615196,21.970315631053428,62.15848090769092,1003.7249563928073
25,1779519615164,27.838241383140655,57.35079223048331,1045.361741371533
204,1779519615632,27.633164600431776,63.15338796122366,1000.0643616864616
143,1779519615225,25.124484517889556,55.338514833327196,1046.713936754786
80,1779519615319,22.94360854273981,63.13855485903464,1048.0101611241803
209,1779519615695,25.939906649752416,67.49375524153642,1042.1591197216792
128,1779519615258,23.27775808189775,60.147611902196786,1028.714679100501
76,1779519615352,21.178714259000152,54.54853113057026,1006.4643445856751
280,1779519615725,29.280757777842073,61.8871176923799,1002.2996653123886
191,1779519615415,22.767540245735468,51.613877872594685,1048.2917259116034
82,1779519615386,25.123240101605806,67.21837099297468,1038.7092742386744
214,1779519615790,26.661631979104214,57.99358167586978,1044.473959513387
117,1779519615478,24.40836747946122,64.46218169673244,1033.7438142998158
13,1779519615508,21.743125979283544,67.73040479706832,1003.2680556920551
286,1779519615849,21.0378548797041,53.98481747609418,1007.2797333831755
9,1779519615602,28.927702555959854,52.722758486246164,1029.5060186489095
106,1779519616161,23.81624715419761,65.95865716646367,1010.5882338324932
273,1779519615884,22.174897356102335,68.89840941894579,1029.896538254094
61,1779519615757,24.477211464713488,69.1241459076485,1039.3064405653097
135,1779519616255,27.00103417347497,52.27679868695393,1004.1444991155458
219,1779519615913,20.303032390923768,57.11751550452717,1017.9939279849555
92,1779519615819,24.752531526603953,60.237233477946404,1034.5526595806377
171,1779519616286,26.616068349164184,64.91328774144395,1048.3915494137045
267,1779519616038,27.017587570993772,51.77573811179696,1006.4097161157824
91,1779519615948,22.17633762594162,69.17387873005934,1019.6242179103638
185,1779519616474,20.508179033127796,68.17131105293495,1015.888036990417
283,1779519616070,25.370885391481124,61.238505866369586,1004.9447647437094
22,1779519616100,29.628425059255072,63.50420358514499,1039.2316289419769
149,1779519616567,20.05839746599747,67.06704258947346,1029.7306766796557
219,1779519616224,23.912099570599334,54.84985739489995,1014.3172781980569
16,1779519616134,24.384598450887776,52.60945338208633,1024.0523283337677
146,1779519616694,21.879741292571058,59.881634994692895,1021.8739209726729
256,1779519616412,28.269054179101076,66.23752634551853,1033.2601115815944
27,1779519616318,25.940206409632054,67.73509020722503,1008.4615257027543
158,1779519616726,26.338554053919033,66.12809593682249,1005.0078906696011
208,1779519616506,24.383902465326898,64.25598116268931,1034.1485079959457
54,1779519616349,29.883703065280432,64.46238245862683,1038.4453038278227
170,1779519616787,20.634333555851406,54.03587864653096,1029.4311680928433
228,1779519616536,21.563448850256645,61.0443972265552,1048.6678028836795
60,1779519616663,22.504304661668,60.51337506694939,1043.700967123261
148,1779519616819,29.091520022800808,63.63550855204923,1025.9013255127334
235,1779519616600,20.176149342310243,50.6036059106038,1017.0780060849692
34,1779519616917,21.054960471152228,66.31441909929417,1033.749965584382
152,1779519616855,28.7218245047327,55.92945437497492,1041.8736372634119
271,1779519616631,28.40581916489875,55.92918267126264,1028.2911811409006
33,1779519616975,27.00751372061311,62.50634206695057,1026.4143775675234
181,1779519616946,22.134698972793146,52.92694960114694,1039.052945093457
225,1779519616756,21.649022962065594,50.344941724055786,1040.1371434585565
16,1779519617036,29.2702417834827,67.20931804701303,1041.5404264266888
110,1779519617008,28.81835824789549,56.923932390409966,1009.228508607527
259,1779519616882,25.356517493123693,51.38654396435925,1002.5957330708379
94,1779519617287,28.657720059643903,65.93728222981123,1027.3683787887255
164,1779519617068,21.974106219532697,65.81050358505978,1002.8821392279915
298,1779519617099,25.034413324793036,60.89684569510597,1044.0283705776255
14,1779519617314,21.390512811572304,63.80528640484684,1006.4658569562172
115,1779519617255,20.113769587953595,62.039642552539846,1036.554492042894
279,1779519617132,20.298647388227895,59.42127335185494,1040.399216196356
8,1779519617406,29.953156732567024,64.82706163313387,1035.6299644610917
170,1779519617379,23.238587202841636,58.13182761679886,1007.4634371523532
291,1779519617166,29.465793945052305,67.05030547439745,1024.3201174846297
80,1779519617597,28.098255001273756,53.0329138826367,1031.6129333427666
157,1779519617438,24.77775377314309,65.2301837197732,1019.5430837084422
250,1779519617349,28.82890492741219,65.28003627529505,1027.8897737959708
3,1779519617752,20.20384881252153,63.63783827191658,1001.2089812756222
174,1779519617500,28.716792536599698,66.2692025978287,1034.7998177607583
221,1779519617470,21.47283369596555,54.76804478563338,1020.1597100708474
68,1779519617971,24.636947497793635,51.579772241327525,1035.1027273688096
188,1779519617565,23.916363286565087,54.80332882332394,1033.8867124865722
209,1779519617530,24.448570118538655,62.71055185067772,1021.8696718560357
47,1779519618004,21.276454141280297,54.886933521984794,1044.1774756037355
109,1779519617629,28.883007160001064,61.25947962967546,1049.8748344830813
277,1779519617687,26.024394522877575,51.56347999671019,1010.547523962087
48,1779519618034,21.032527666188557,50.06869198774434,1017.8019464462312
166,1779519617782,28.835267009648906,65.35936598926878,1017.245375094179
289,1779519617719,20.26493949510813,65.03941393143856,1009.1274765190243
54,1779519618223,20.2623843545081,55.92548978418148,1040.4175120465377
144,1779519617813,24.951065246709028,64.53404820085046,1035.2733284880205
215,1779519617846,21.8461249596355,54.03867099792503,1049.9771049974468
19,1779519618414,21.189181920676027,65.07265919814448,1040.6111749910888
169,1779519618064,23.46185521562324,64.27863092945876,1018.0632170933533
243,1779519617939,29.209214098574037,55.129196166370384,1020.3283183999051
78,1779519618445,22.980155404851157,50.881926741999536,1041.5955704312541
126,1779519618097,21.406056459858515,51.559720488444704,1035.0840450127362
283,1779519618255,25.611074976164726,68.45565902540996,1001.4753288340063
115,1779519618130,27.190225266474368,55.7688638586899,1015.244279480062
203,1779519618319,26.686768909092812,68.94742025812327,1040.7359695697378
154,1779519618285,24.741387904143142,51.1595655477027,1048.7603550962053
290,1779519618350,27.412206160385754,52.501505786511345,1044.6142134565998
66,1779519618819,22.21217019034399,60.633337241465775,1029.8400220548679
131,1779519618384,27.55353457821205,51.93299316091955,1044.0438388770667
294,1779519618475,20.444531813877347,50.69609561126881,1038.1480707193182
1,1779519618881,26.440132558322794,60.77403597140824,1001.8589378063404
194,1779519618569,21.008387180687762,65.40551136324751,1035.2007922792181
255,1779519618506,22.29585473282272,69.48073192303309,1029.2701374084413
78,1779519618972,29.44155737441091,66.63953396579527,1029.8412395737241
134,1779519618602,27.30902939540103,50.27963173079241,1009.709641847726
251,1779519618726,21.837365284244292,68.45095037543715,1035.3213303269442
84,1779519619007,25.751290834239125,63.719173417000185,1022.0281920487322
129,1779519618695,27.41499067080574,64.93673695578399,1046.9871907264471
278,1779519618788,29.806019679022558,69.01563682564984,1041.6902184727062
26,1779519619035,29.202408471700352,64.39108007515587,1029.460557695439
163,1779519618850,20.797069882229096,67.13052688287853,1045.3823355099566
213,1779519619161,24.302568356315536,51.149040079722006,1036.938195800707
22,1779519619067,26.282631616880423,56.594203045065356,1007.5637953961509
163,1779519618912,22.654962433648283,51.074360134043125,1034.0865863975603
230,1779519619193,26.65731119968011,59.574855045259426,1038.389113771827
16,1779519619286,22.35573743608687,60.557414226780246,1026.2137790612521
122,1779519619101,27.809278194115777,64.13162618393756,1025.614648693227
283,1779519619254,22.909925822062355,69.07965812365634,1040.8375055235015
40,1779519619315,20.767572353115508,52.84086236725782,1025.2720407617305
164,1779519619131,21.218747340741142,67.66311010160962,1032.2400066225978
300,1779519619379,26.717204725297343,62.57886757141348,1044.9319188778566
12,1779519619533,25.666633705144903,64.67778078762713,1023.8505686997742
155,1779519619224,22.701413053914802,60.51486081032302,1011.7242176724502
288,1779519619408,25.392146794598194,58.15693089856157,1001.7712138327278
69,1779519619785,27.164265649292147,67.59744082405528,1029.5026669743022
162,1779519619347,25.497041253099475,52.99784946475321,1043.0231452786406
286,1779519619441,21.762769660327713,50.72051823166235,1007.7199685297527
52,1779519619846,28.252540744647334,58.07692542417305,1025.6265441670407
144,1779519619502,26.80414983818239,67.182393725228,1001.1024613993458
216,1779519619472,22.507119214657706,61.367801970213144,1014.9068791157109
73,1779519619882,28.406130634164263,56.46586160566579,1018.0101736117437
179,1779519619597,27.277381919074458,53.89693047377269,1019.1000643901695
278,1779519619563,26.555032311313575,68.9284089695748,1042.8484944109684
21,1779519619911,28.49278480939988,60.27688332211109,1040.56918022809
184,1779519619720,26.57270272824321,57.30338863181315,1005.000439016266
258,1779519619689,23.691051592672224,61.85367973316844,1012.7871213423776
3,1779519620001,23.668691154528233,60.63314033699694,1035.2369093054556
153,1779519619941,23.653820405386078,55.81756243404698,1020.1008800237237
256,1779519619816,20.65958605352657,66.61088854358883,1011.2274503471765
55,1779519620031,28.493726480531365,62.84552724931392,1005.3195778892131
158,1779519619969,28.01361679951134,68.01845019922129,1000.9151142776955
227,1779519620281,21.910827453193644,55.132355980953555,1022.4471354997307
23,1779519620091,27.260428665705316,53.025023126237855,1020.8693799867076
115,1779519620062,22.304047364668353,56.584213575463814,1000.1774677881815
272,1779519620344,26.44919688940391,51.177553014588774,1045.6281371853272
49,1779519620123,28.351303442615087,66.0220321373072,1043.8322413355295
194,1779519620155,24.355714797767742,62.783827194490435,1004.2086369490944
208,1779519620436,26.105934237694388,65.6520720687878,1026.965785564671
19,1779519620314,27.20961339905845,56.19810291371887,1007.2372826835448
169,1779519620220,28.98887915764495,53.65321292975742,1014.264109555185
294,1779519620592,24.5914416051205,50.876867536967616,1014.09203765635
54,1779519620467,28.001211062269697,60.77777398939594,1049.8806230054483
189,1779519620374,25.78441483702123,56.07593057269205,1033.1832968788462
229,1779519620656,20.468420484662186,59.43775198265333,1049.3689463349945
35,1779519620528,21.02667132189266,55.17763234195425,1044.5650782480102
104,1779519620498,26.269988115485017,62.846663616791254,1037.4187904486753
295,1779519620780,29.44476858865906,61.78690416088065,1002.8839278620864
19,1779519620623,26.143231230772574,51.6429884065206,1010.682472280495
123,1779519620561,28.571921628880354,63.09494013780265,1029.7176725654238
44,1779519620749,20.169888417414377,65.25135447083257,1001.9999186497055
223,1779519621159,25.640730707744833,50.015953712141254,1036.7059651528155
150,1779519620686,28.55234786917641,55.29804528005927,1027.9140981846429
42,1779519620873,23.000263829885164,55.264413023822186,1042.1049838486758
296,1779519621252,26.264312020707898,69.68643007165002,1045.6862108954629
136,1779519620812,27.702454526789854,65.14358304030469,1001.8490519101498
3,1779519620905,25.5374410256181,60.9130301383006,1031.8256704736991
109,1779519620937,23.570266224160918,57.780184737864374,1044.9367505783953
27,1779519621001,22.12171809108309,59.23382348194283,1016.3096860129638
213,1779519621471,25.253378898554253,58.06966724471974,1048.0260380608283
105,1779519620969,21.45250481869146,68.92086235939485,1020.0991312970857
3,1779519621128,23.67753917793951,54.983164879038334,1002.4781431115294
243,1779519621505,22.353489646252786,67.49177861217535,1023.9808650445028
123,1779519621097,26.511135623314843,51.68226222525301,1037.7336145715346
58,1779519621381,27.932400892685408,60.91821162364105,1030.1540155620476
277,1779519621535,21.273876664250704,59.2396129887607,1004.8770977191152
119,1779519621192,25.845880867473106,55.92001532115662,1044.8092552551584
77,1779519621409,21.52207424001321,56.94452907689066,1026.7281233229521
170,1779519621318,20.327223488928016,61.35740406918973,1040.4976783232405
21,1779519621442,24.210348383846796,51.1029879482558,1024.7980876190609
160,1779519621658,26.344613506671415,52.50051160661188,1012.3743400429955
83,1779519621565,22.06498894408992,53.9864298299975,1031.5829531007794
126,1779519621689,22.8535667649831,63.95229390508864,1005.0821711968271
246,1779519622077,26.420698981748114,62.634522083641514,1045.9763395641091
95,1779519621597,29.012938882172243,53.50817396013954,1013.0824191482461
173,1779519621783,24.04194838174273,64.23187008240049,1030.6331775884594
296,1779519622108,27.122218582852074,56.53493372610302,1033.9021790679042
99,1779519621720,26.285104743201387,58.837438953923424,1028.0567516215565
131,1779519621984,25.925923526743805,66.71596412966105,1032.5018199076565
207,1779519622172,26.955554397848296,57.497492661409375,1034.5329108470244
49,1779519621820,26.602761610949102,64.57063241176097,1024.402426098822
131,1779519622045,26.737861122086933,57.720527616105926,1019.4373511638526
215,1779519622204,21.961540838011597,61.334407595990506,1000.7772522371456
1,1779519621891,21.599808948147466,66.88254581103146,1003.43276955447
102,1779519622235,23.20789817260778,66.11304360712091,1026.784622058603
297,1779519622298,29.7926958001579,52.04269230793635,1033.27523965105
48,1779519622016,23.317391882662974,60.51664191637721,1011.4763949396647
129,1779519622266,20.246455142291993,58.64364990561487,1044.4446591002861
253,1779519622486,27.719401095889435,51.05608000192715,1046.1289459024686
30,1779519622140,27.169847874293303,53.731559417949356,1039.7157007816136
188,1779519622330,29.27973533282144,64.51607530089379,1039.8257723452743
285,1779519622672,23.765074704650615,54.957512793738346,1049.0889094229562
42,1779519622361,26.424640169384332,60.32828310174459,1018.3638717302343
151,1779519622423,28.827495491152867,58.11429964946683,1009.5390535935725
258,1779519622799,20.254008952862655,64.7503691570064,1002.9141046091681
35,1779519622397,22.92608728123103,67.98169986178394,1002.0016951228556
121,1779519622548,27.779898603573816,50.642131621135874,1012.2278136293859
266,1779519622894,21.16310948815511,58.11814037372013,1035.2481803483936
24,1779519622454,23.66009542268516,65.9426841933075,1040.782743303058
123,1779519622610,28.32065024938082,54.93716752362389,1023.140526000983
235,1779519622924,23.299427429630118,61.1342981779486,1009.3065927381203
21,1779519622579,24.983543567628722,65.87354264159951,1045.694301393082
116,1779519622643,20.25588814423769,55.67274501831115,1032.5832250872945
17,1779519622705,24.33178763646233,59.655495511559735,1037.916421055034
226,1779519623269,28.569759793898267,58.277034548839076,1018.9386530455413
183,1779519622738,22.049837858015763,51.82493559336514,1002.5919355614208
29,1779519622768,24.981976620139818,63.220804988430075,1024.2791743488506
272,1779519623302,29.205430392571998,63.30354520222923,1018.812824783881
123,1779519623050,21.721862760819963,66.13866421880184,1009.1778311131287
99,1779519622863,20.379910385709405,56.868805249027204,1009.569498652754
108,1779519623176,22.58272667703379,52.81158314266347,1001.0164954783198
204,1779519623427,29.392296560284375,67.39035024679919,1016.6075884886102
15,1779519622988,25.145179639057897,56.184263735895726,1011.1049520173425
282,1779519623459,27.46848176533099,56.796950168546054,1016.3107289809883
155,1779519623207,27.201668276750567,66.63919874355462,1042.0786277491977
35,1779519623081,27.107896898343448,52.76028915518075,1023.2402474412922
256,1779519623552,25.31835420119564,65.65559184062391,1001.9678009800006
190,1779519623364,27.569374978227206,58.14460159007723,1022.2081835978734
93,1779519623240,28.556417845573186,69.89732580412726,1028.39290045213
227,1779519623649,29.074887658152637,65.10165833433828,1001.398426190496
139,1779519623396,20.778671104377157,61.43437726978313,1047.7882620165506
8,1779519623331,25.186656650507985,59.60437678870117,1040.7685358650826
224,1779519623710,20.966774398835227,57.75184105936292,1047.90577302998
113,1779519623584,20.93114605814332,50.18784106252334,1003.7796426497375
81,1779519623489,20.541573666061474,56.691575277024135,1039.316395252226
300,1779519623931,23.906885343485936,53.37993971489457,1045.0736652024789
134,1779519623804,26.428629737757515,56.86320953206361,1004.654259496514
99,1779519623520,20.384559560544137,63.07634959632546,1011.2882248956599
277,1779519624058,29.317772263790967,54.460151589048465,1024.5019702042218
165,1779519623836,25.213274847781104,60.23846293531369,1036.644704146013
76,1779519623678,25.201004015214966,54.944112480487284,1029.491834926965
104,1779519623869,24.13069503168518,54.42300050514409,1014.8134621647441
297,1779519624245,22.5964629756073,59.95380173905259,1008.5491274418475
100,1779519623743,25.64791318066597,67.70958560215959,1039.2924693382492
158,1779519623994,29.754527872096244,54.717165902135925,1048.998343499645
284,1779519624278,29.80306284463115,55.56408263355954,1014.7607151208526
85,1779519623899,26.11281480209962,50.52194517126211,1036.7996126250935
163,1779519624026,27.00703081693089,56.409416489758776,1009.0101685303598
223,1779519624404,25.607517806874796,50.661877597476824,1004.1842291715396
52,1779519623964,25.888435219593212,61.32450379314595,1013.8050226948396
170,1779519624119,28.181663406784427,64.17710914099273,1041.0107270468225
37,1779519624088,25.351411968575228,64.13454841991056,1016.5299191040365
122,1779519624151,22.634343118394305,58.14531775162532,1030.8999547422038
273,1779519624703,24.44148603755813,54.92230182538917,1049.7640350313845
44,1779519624182,22.49660510824964,50.92494452016817,1007.586873563528
206,1779519624735,22.974078123686027,60.329776420352765,1015.1448872519892
172,1779519624339,26.250656604513395,63.80004216233195,1040.1792854145222
37,1779519624308,25.77219831237103,68.1575932084281,1005.5647251865187
133,1779519624372,22.171370945230642,57.08950396008644,1037.9558459103741
247,1779519624797,23.975288738379888,61.40726344671141,1029.0342671030278
42,1779519624499,21.520085672178663,68.49882786527121,1032.7641214912867
266,1779519624829,26.21021834504989,55.65469717916406,1012.5772209198756
156,1779519624639,23.379162457360483,64.34877601616557,1025.0922837465148
92,1779519624544,20.374832121834324,56.78585105953337,1045.9741262749794
237,1779519624862,21.87714309267478,53.40475133385182,1042.9173627624664
87,1779519624953,21.716641602202845,69.44933638971531,1012.524010842655
184,1779519624669,25.051388368877063,50.6998276464358,1012.2964813291437
291,1779519624983,20.045984774874434,61.23798068523562,1023.6064375559644
175,1779519624765,21.635406257717364,56.390036525630926,1016.997754501638
10,1779519625125,29.39085275366989,63.32512031250354,1015.3962141120536
260,1779519625017,28.63457561140479,69.46968436271369,1014.3099692755786
52,1779519625253,29.797141177767685,56.21851525695129,1022.9139917799531
131,1779519624891,29.362848946545874,55.23636615314501,1005.6134723688823
246,1779519625082,29.1272344522122,57.34189711644105,1013.3475729323962
24,1779519625283,23.354592937629644,54.82833572186067,1033.396799860726
185,1779519624922,27.91443322367742,54.08105069507794,1039.459282125314
208,1779519625224,21.04116797075717,63.08914476168191,1024.8743375417935
67,1779519625409,25.888362913050702,54.683433820689174,1042.4136669015052
128,1779519625049,28.489642309366637,65.6624194888972,1024.1940265171318
291,1779519625379,29.293042744090535,66.22432281761371,1023.4014136069849
59,1779519625473,24.685369549486904,53.208771784509125,1041.7745444331422
183,1779519625179,23.509716714391434,60.25389722560493,1017.9315128472107
219,1779519625437,28.02742606331463,68.86371201401914,1047.6493179132328
37,1779519625598,23.133484243558776,53.10588665583302,1045.7444084219342
152,1779519625315,21.336804336996817,64.04616884541396,1009.4872588860503
80,1779519625627,29.09211712911815,53.68216352012327,1037.7538999150452
168,1779519625504,21.232324378950246,65.9098092449514,1034.4212955386686
210,1779519626036,24.317371022350507,63.12671225084638,1025.431267621339
50,1779519625662,28.168941602389076,65.44245074837255,1010.0879936618558
109,1779519625535,22.815222346681875,65.44870661123491,1027.3053817999548
211,1779519626098,27.350196411964127,66.91798540347345,1001.954847414559
24,1779519625844,20.765548668442467,68.75040872495099,1009.178728673993
165,1779519625726,21.410627478149816,62.80392809078134,1004.7221568509193
234,1779519626149,27.856007458357823,62.0513919341251,1021.6413529390817
97,1779519625904,28.430951629485357,62.35176533270866,1017.8650966941509
192,1779519625773,20.8896824378603,57.67409686235483,1029.5105007124068
281,1779519626187,25.51744329760773,59.26141920823281,1011.8043393326636
47,1779519625940,28.59309151647684,69.40918929168667,1044.3876752909996
112,1779519625971,28.686668087299516,56.78129291866302,1032.8889082682174
265,1779519626228,27.11975251794229,56.46627524513844,1042.831389536471
88,1779519626066,21.178889163181463,65.49008546921362,1027.5746725165777
146,1779519626392,27.120915543299958,54.64254110551347,1020.5957237139356
297,1779519626297,26.852073929832756,53.40100339919188,1033.4488857593553
94,1779519626267,21.577814246062434,67.23887602300779,1045.7893576688493
174,1779519626455,23.752203719670725,58.17395469769279,1038.2843884475808
232,1779519626363,21.128793733583205,51.94126047787809,1031.4569746945385
91,1779519626329,20.400200762516693,67.10485143242357,1025.3735407892996
199,1779519626486,23.53878631982694,51.154826359511,1004.7213989558863
254,1779519626673,25.290050979081236,54.15973918258238,1049.9449344091017
61,1779519626424,20.37021896159608,52.09621922349664,1031.3020602442152
191,1779519626547,21.613545091199068,69.84302907673776,1022.9116618125464
224,1779519626767,25.239022833188322,68.05706385474659,1049.650140245694
32,1779519626516,27.644645596714795,51.16427496267181,1011.1818992506251
139,1779519626642,27.686866250188533,58.73547586024037,1027.9659994148092
257,1779519626862,20.099962931858563,52.045544510474734,1049.5512576419253
73,1779519626580,28.86897374061688,69.0333166772187,1036.189701211076
157,1779519626798,29.85782893633391,69.53235445526808,1028.4215639935248
251,1779519626895,29.54592057746368,63.63570048235033,1036.517848500061
98,1779519626704,20.298213667802013,69.56857368413807,1004.7451431072285
200,1779519626923,22.84078289899511,61.33092445062126,1013.7498119286264
253,1779519626952,27.535078523816388,50.67467325864015,1005.7544170880317
100,1779519626828,23.94477697672063,63.76314081067257,1042.9771541408365
116,1779519627046,28.85003131204459,67.88949938066908,1010.4687053753014
258,1779519627017,27.754446225363857,63.06895812547836,1038.2797143511543
82,1779519626984,24.248206772936992,58.96237742025829,1001.9732608100627
167,1779519627141,24.488236326256022,51.00543703948479,1009.7026025236206
274,1779519627265,25.710033470074524,55.852089251185454,1040.434964066925
3,1779519627077,26.260424651488684,63.42154951299642,1011.4984761138435
184,1779519627235,27.12984037886277,61.65979743320389,1043.3384912054307
203,1779519627297,23.988815019735966,57.00126657899848,1029.8863375145731
61,1779519627110,23.562560857931473,58.310421400659905,1022.9027473896659
125,1779519627394,27.24855056084045,67.69506162925421,1005.8537365527761
221,1779519627331,26.976029558196668,64.66535916357427,1017.0566964146709
80,1779519627205,22.15153371259136,59.7908499176877,1026.515748085914
145,1779519627485,20.545122733618516,58.96161828074908,1016.1341168558265
254,1779519627364,27.871560712352156,64.61662205777253,1015.8893224713578
21,1779519627422,29.77455774766573,68.17185396683273,1015.341834117034
137,1779519627583,20.460680566459104,53.263260911120305,1027.1118933105665
272,1779519627549,23.750984421036136,66.5038438361701,1022.1417380894494
60,1779519627455,24.511364473331067,67.8732894948256,1003.6369577874283
182,1779519627873,28.855821497013345,55.74064419940389,1039.5710907979153
234,1779519627688,21.13038011315097,63.99078653634366,1031.4962050897711
74,1779519627517,26.973429606723478,69.92114435935953,1009.1198524912714
187,1779519628072,20.49611349355419,65.96077885095971,1032.0666172235356
287,1779519627730,25.520180043577096,53.488709145615516,1043.3962711276004
28,1779519627645,20.716599053572892,55.29791012705902,1028.5421761465911
105,1779519628108,28.760282473148163,51.35867086603361,1028.0326535924767
230,1779519627770,25.300481304515294,58.708846847792756,1031.3964669669242
68,1779519627810,25.256553050943474,65.33616770114156,1008.4820226132255
199,1779519628169,29.12787022820302,58.6591181005104,1017.0133952599339
236,1779519627903,24.447385735869243,61.19926476920372,1006.0762967700471
67,1779519627936,27.580037467299842,62.53094801699565,1026.2236626684671
102,1779519628199,27.320404526349805,59.399706252491754,1012.1411106645088
275,1779519628290,21.0811692815159,57.43246497924097,1045.0212764131602
85,1779519627968,28.562523412880097,61.01420158406501,1018.9182555506867
141,1779519628260,21.34707594946591,53.8966000767879,1003.2422309278655
244,1779519628320,25.66977452217315,59.22275212297273,1043.8630559517
43,1779519628138,29.57723256521104,64.9363058979795,1003.2540195762904
138,1779519628444,23.883538362780577,53.97140071769146,1037.0917728725597
217,1779519628352,24.21556655551249,53.94359856921517,1040.6075390495514
11,1779519628230,23.333609675467486,52.708537108893594,1016.9502561545266
173,1779519628633,29.542746676572904,68.39466615763311,1005.0795243354928
219,1779519628383,28.09560391228108,54.67146338821452,1038.545339723873
10,1779519628416,20.374762127197847,68.86780045473026,1005.0191000411563
155,1779519628791,20.122353156875956,67.12832472565587,1019.7593738434975
219,1779519628476,28.893669241540902,55.16837160880638,1022.3564526770834
56,1779519628601,21.772756562082186,50.787697612493126,1012.5100786896714
144,1779519628915,20.259996501730747,62.09270344095347,1027.0219219288974
276,1779519628508,22.59450566474784,66.97992037694104,1026.8187580321733
10,1779519628664,24.622060967969162,57.60689346410166,1039.4674200511704
182,1779519628945,28.738170483570855,69.48211011383655,1003.0347073018894
297,1779519628697,23.58490389355588,55.49866731691056,1000.8594052313645
20,1779519628726,29.140792315522326,69.92221253064011,1038.9289612545347
116,1779519629099,21.17102948403661,64.93530374942287,1023.4924035575015
273,1779519628821,24.5674423828193,61.64936517621132,1025.007609819457
93,1779519628756,23.01515969670217,68.8000389786583,1043.5441203395399
199,1779519629131,21.248602235407564,61.21730774553091,1004.652327754817
216,1779519628852,21.205773991461438,67.70961279894053,1026.4005211190565
41,1779519628884,27.722198105120604,67.73256180623689,1025.5285587757162
188,1779519629161,24.057350310643898,65.77830110929911,1022.387242340923
298,1779519629008,28.347905493647303,67.98705850592796,1032.663493229229
39,1779519628978,23.631748261866974,58.706153257333284,1026.0330818202508
169,1779519629380,25.153551286546865,64.679804071897,1027.3206225006252
204,1779519629037,27.33561173135331,53.51380612305059,1025.315065784068
6,1779519629068,24.06003540762024,57.47941049532542,1019.5193507505053
164,1779519629438,20.060396807634604,62.25587122084002,1006.0811236654505
202,1779519629190,24.782188794648825,51.412203884058286,1003.7365564335047
99,1779519629222,21.64161792097353,55.72344105255704,1045.5832628063097
229,1779519629253,22.255429960277166,66.47114646245188,1010.7731190026332
133,1779519629670,20.869781061286293,51.98451799292787,1014.5149903742782
33,1779519629469,27.77110692140274,50.877093893010425,1014.9774177867365
102,1779519629735,26.37217914991543,63.54957634204871,1037.5988112067887
210,1779519629348,26.518260209077333,60.11672326806888,1031.126542030787
85,1779519629593,27.583417825064593,56.58968958050379,1027.8906259785856
176,1779519629826,22.653790151280212,63.068891079636614,1040.4421546934195
261,1779519629553,20.00206127427837,63.511368289034785,1002.0723844933547
88,1779519629700,24.172843419092715,63.57767867171984,1046.8551998042221
110,1779519629890,24.087824315694977,64.00959151200043,1022.318071517705
206,1779519629631,24.734778592814894,66.10219828769118,1015.5861525851604
28,1779519629764,28.978342170641977,69.29441897762813,1042.038289574531
238,1779519630106,25.292667429959977,51.06616739243923,1035.4851782776166
151,1779519629953,26.58081455831975,51.234474468735534,1031.7262718112033
26,1779519629797,23.738867054273136,59.09033558511693,1020.1196283866177
296,1779519630200,20.767484541033202,66.28287687643677,1009.1944246821051
138,1779519630016,29.71210755243134,63.28633281528006,1022.6906915564151
21,1779519629860,24.550758043112587,55.03871119897317,1012.7854300998636
179,1779519630137,21.66631211472498,60.7992056929795,1034.981352089764
201,1779519630232,26.03001105110728,56.54397921548289,1044.9248908824786
94,1779519629983,26.063337808008882,64.08519060348844,1021.0513448743199
273,1779519630436,20.64356988827054,51.80224905661598,1026.5019270723856
174,1779519630169,24.01829355480153,62.425229105002245,1000.7540609062256
18,1779519630044,26.050902541408764,54.48865150476882,1018.9984774128735
155,1779519630368,21.588258163522244,64.02651352307183,1014.126811247819
3,1779519630263,25.892386172964926,65.83860613904692,1002.8267305324215
117,1779519630402,24.14940825439061,62.0435280984288,1049.9057601290842
206,1779519630841,23.362832213643703,58.99315851662302,1033.697784657856
88,1779519630294,27.998902309944505,57.76805407762018,1048.368291397888
174,1779519630590,29.310039028827184,64.53769699175305,1034.489448048548
220,1779519630870,23.518113219029516,56.423535302371825,1024.708946871933
97,1779519630467,28.521837873344474,53.796242753656145,1032.2331032182174
113,1779519630619,28.62354352610167,69.98461390948995,1006.4938002387632
211,1779519630905,20.699963294386272,54.802734380395925,1012.9898270051027
41,1779519630498,27.184825004579704,67.59134175659847,1003.4759641079853
122,1779519630666,20.54108790730637,64.19601914789682,1015.6174312611315
287,1779519630936,21.10610782100591,59.161810418425844,1035.0766739068945
92,1779519630744,27.536423020802438,55.77795167284344,1031.1198497383602
175,1779519630810,21.30629568616433,65.14197042325935,1003.7179787983432
257,1779519630967,24.319189086880293,60.29634111685672,1047.0563380512049
19,1779519630778,29.1896319589817,67.65908163629142,1000.9984669281532
184,1779519631093,24.113309301370897,63.185888862071536,1032.972638621367
297,1779519630998,24.462598959082122,57.53414131799889,1025.4060895286925
76,1779519631029,27.516709252041874,56.668563085785685,1042.232514252885
178,1779519631185,25.95899627097618,60.61345919527238,1041.7650060045726
252,1779519631061,23.877900477235503,56.86068938200733,1017.9090834513242
2,1779519631124,25.80416201745371,54.453327556932706,1005.0100021903378
156,1779519631247,21.114069817874295,67.77779781621442,1001.4660914276357
275,1779519631156,23.484167231298446,57.351920655420024,1036.5947477798086
22,1779519631217,22.237879692813227,68.37099760531927,1047.9486886304896
121,1779519631408,21.112505987169406,59.40667461829662,1042.8335841292535
249,1779519631311,21.350453999228172,64.87151009006034,1023.2390663466762
64,1779519631279,25.068863393994132,53.67551330218,1039.2920675666853
187,1779519631451,27.147715345083352,56.39317375189072,1047.767502830866
206,1779519631373,21.852473797143162,51.17840641205292,1002.5795885446719
21,1779519631340,25.65810439962224,62.51560949767038,1009.0914067347575
162,1779519631513,29.449244788740565,54.31874661104015,1009.5605332794029
50,1779519631482,23.56863376317117,57.086871021440565,1030.6454546450418
132,1779519631574,21.82406273798644,66.83053107204313,1040.6644882358808
233,1779519631635,20.105146576421582,57.0579903427977,1049.0978100450986
148,1779519631669,22.120807693509395,67.00986614401714,1045.971595132417
266,1779519631780,20.723015186831702,56.43782052407547,1018.6855170741046
22,1779519631544,20.63689268174441,55.76478675154344,1011.9903020221329
223,1779519631965,20.62302209509994,56.72418809670947,1012.5106716768768
112,1779519631826,20.010089901462212,68.56552862493982,1002.4705215899351
64,1779519631726,28.12588006265483,63.103568545260146,1026.0462443328367
285,1779519631995,26.971144435742126,62.31694406312025,1011.2481592506356
102,1779519631918,25.421328867692313,51.35036236036051,1040.7493976334813
79,1779519631872,28.99054646905693,64.0412915714544,1019.1191859846277
241,1779519632024,24.371561024309987,69.14172612894603,1037.3689834191155
50,1779519632215,27.489286768581003,54.73476205085116,1008.486786823445
189,1779519632368,25.974051359370222,50.72149435674012,1037.0452484218515
296,1779519632130,24.50418382336464,63.75280216172555,1036.1781182052343
148,1779519632397,23.733737912843665,62.423158208757066,1049.433470735888
80,1779519632256,29.737652785269002,64.02936160790574,1047.3903098324715
243,1779519632167,25.296269844304874,61.342137074113026,1017.9766847476327
105,1779519632648,26.69506179439573,61.965954879320435,1023.0267002833394
6,1779519632554,28.874790532628108,52.00957091602714,1008.5882302566166
275,1779519632292,20.08636012588213,52.97076885428251,1026.214696758336
179,1779519632729,21.05110699576113,56.48833607006282,1011.8635291730509
32,1779519632613,25.153529181152514,68.80625420793537,1041.485607229515
296,1779519632429,23.85400432133041,67.23077340454373,1025.1209165662588
156,1779519632774,22.754349944233407,56.71833451380344,1032.9332509920823
43,1779519632808,26.74697797056566,67.50486354719376,1028.146908359368
222,1779519632472,22.603931754369924,63.00132533303363,1047.8100889579607
200,1779519632855,24.8834521468966,68.80849451861366,1041.9746026860744
24,1779519632930,23.4703267196339,58.663232164473484,1011.7404050996668
261,1779519632584,20.19453269291681,68.45227326386942,1028.6824338187187
161,1779519633054,27.208246392466467,55.596007729201084,1022.6043548909843
51,1779519632958,21.738439970515728,53.82708236610815,1033.2646840616967
294,1779519632687,20.242216305767933,62.09188565691566,1012.3091774466646
190,1779519633084,23.21447868905676,64.66680319214935,1024.2026070676852
96,1779519633240,22.869052147133004,68.41144918011459,1012.6605876656245
250,1779519632898,29.195851558428163,52.12647817671425,1020.8219687289921
158,1779519633145,23.540131736685286,63.368903417651765,1044.7632107167449
79,1779519633362,24.87601079751991,66.40465253653105,1046.303576642998
203,1779519632992,27.013599516413525,64.5657565771873,1010.032434494761
192,1779519633299,26.62212196385392,67.13418871804485,1021.935044049387
82,1779519633394,23.345125645763286,53.96717048861274,1043.2377937149702
220,1779519633021,26.2465366411596,59.647442005881324,1049.3791172540548
96,1779519633552,28.55552365046359,64.21657046300238,1044.9013191719941
116,1779519633644,25.66910690772833,57.23938617257578,1001.4422603785848
227,1779519633117,28.93071290557694,50.623324113995295,1011.4130188159914
63,1779519633580,28.486414511145817,56.04619920750202,1025.3183597164027
271,1779519633268,28.420940267577507,60.78964770086786,1043.6771035225727
137,1779519633723,21.715198530395153,64.77302822831642,1002.7023539712527
71,1779519633612,29.365711605107556,63.13715265547513,1002.2229061258876
106,1779519633875,23.918311459329317,68.49703608522816,1001.6159307124328
212,1779519633332,29.96352911070614,68.40953353528911,1014.3345459896774
61,1779519633771,20.37021006029066,66.7102583433701,1029.4516352665598
214,1779519633458,29.49302749771322,65.55305830021493,1041.4558017599186
126,1779519633967,28.12277593885329,69.75290747258126,1005.5570535811504
97,1779519633812,22.534376832114507,66.032472631845,1030.977230079156
224,1779519633677,25.33431624004288,50.30976557702438,1042.5410558299677
144,1779519634094,23.088934524075764,51.049878920271226,1020.270516458799
67,1779519633905,25.31471382169498,64.0492747855639,1011.1594541683917
282,1779519633845,22.34289500546268,63.326034165993406,1027.1618801285308
139,1779519634186,21.047024779425918,65.01938903880226,1043.511305561906
49,1779519634121,27.572746985519757,60.526847231896326,1028.2016493720103
230,1779519633937,28.837310663484622,54.214619316965724,1015.088056842457
186,1779519634214,23.243882158613363,67.21141216147286,1017.1360757547534
86,1779519634309,28.014172639733196,50.46076408639123,1012.3106624509892
250,1779519633998,21.798585356834288,51.03130820103184,1023.2434029092173
185,1779519634247,22.36801953940312,61.06072614790345,1012.660285175041
19,1779519634462,22.604276489107843,51.697712840806425,1028.7254389293485
266,1779519634027,26.2031420294164,58.03004788648199,1007.2342378706717
198,1779519634280,27.98920000930755,63.18919720397327,1039.9630654296864
45,1779519634493,20.666611621402215,69.64180643951701,1010.3241196037596
259,1779519634154,23.529430378016954,60.34949809947424,1002.4155118964312
127,1779519634337,27.34208478366538,55.03399800732045,1027.0039322773405
42,1779519634527,25.48145369175398,50.73690646873181,1025.2843059349182
287,1779519634369,20.63871521273109,62.63640324554525,1047.6254856575845
149,1779519634399,27.119054725712957,64.52807660680098,1003.6166058488891
11,1779519634617,27.056731418006716,66.67257787916053,1003.1716804249454
211,1779519634586,29.53398687966169,57.51771675371455,1030.348629275291
110,1779519634432,23.439015516853452,65.82112130292319,1036.0610531315697
35,1779519634680,26.97335831949546,63.26154914697632,1035.2678952026338
240,1779519634930,23.785641270320482,69.27007863840102,1011.5155466105825
102,1779519634559,26.582739234368837,65.02929813535138,1040.6045111373405
23,1779519634806,23.00485400380657,50.22964260353058,1014.0647441403991
300,1779519634960,27.50143953472842,62.17610131086104,1021.3419609569594
142,1779519634649,21.672103552018584,52.57962704301742,1026.8254861297162
97,1779519634834,20.743428048475124,58.428663943618304,1016.200269232611
215,1779519635106,29.751521711429106,50.73970002239578,1042.0261816883008
161,1779519634711,21.359796687286217,68.21201644541938,1025.831690774958
67,1779519634867,23.444605689468165,66.46032218101888,1015.0207307414452
286,1779519635153,23.484746561111262,58.372862454724334,1044.8086293096455
110,1779519634773,22.109136118272524,67.51030451845153,1042.3582932058214
4,1779519634897,20.94280328614249,53.69331091874104,1007.5021263826499
287,1779519635304,20.469008066286413,51.0213123123279,1001.2841879468068
156,1779519634990,27.540705372999316,55.7399806085097,1000.5517207300508
42,1779519635027,28.643599853635592,59.42972241123167,1028.4762160524178
170,1779519635243,27.224895061585848,69.47916430512484,1021.0961886764842
15,1779519635058,20.200376557950477,60.40644821272393,1009.2392801474565
230,1779519635572,25.485584092248352,66.11381900844009,1040.8907142240244
128,1779519635272,24.89634277598223,59.11837451025701,1010.3319894910447
75,1779519635199,22.99696676099944,69.02376839871249,1043.9827558715592
235,1779519635601,26.415867493783445,61.94741271637098,1047.3329181371407
148,1779519635337,24.934083990548004,64.38588207352045,1018.1122128532212
3,1779519635476,25.40958365531394,56.097372677603396,1032.270106344825
298,1779519635629,23.310572284137663,55.076384843739746,1027.959991628663
107,1779519635379,23.42174643960876,66.73081707652342,1006.080686906531
70,1779519635508,20.487494508912228,68.170767065737,1002.626065327127
251,1779519635663,21.952157650625665,56.525737280542465,1019.7012603184612
121,1779519635409,20.700556318640288,53.38758683904849,1010.6264454400417
29,1779519635539,24.120640306891268,55.03681777976715,1016.3214506836711
287,1779519635785,22.422992963019205,53.276616357196545,1041.6032442007688
172,1779519635692,24.167525077781658,65.39592323514238,1032.062548693512
40,1779519635846,22.142212521893967,64.87097039995285,1018.1369022134901
217,1779519636050,22.09706052203174,61.04442122013426,1046.6268945597371
115,1779519635723,20.18642574680758,62.22477400284481,1005.2336855791845
89,1779519635911,26.961108829684623,50.23103808821019,1024.1920696595018
278,1779519636144,27.223990228315902,62.89572559936304,1033.5861016264448
185,1779519635755,21.661668995834432,61.765009960886445,1035.8310551017119
95,1779519636082,27.2946779320166,53.46758325893789,1012.6679081367745
293,1779519636209,26.468320634201184,69.32392581537141,1021.4707860421012
158,1779519635879,28.152763667468164,52.12234964907245,1043.7200915877925
64,1779519636113,24.577830905361985,59.52519098460764,1001.134344658556
246,1779519636271,25.193854727871166,52.337155135415685,1003.772691373533
115,1779519635954,24.351068894049817,59.27236342595487,1025.9959333611546
45,1779519636303,25.418119392345748,52.8413406336606,1025.457245133346
293,1779519636334,26.76449069932508,63.98592392142793,1007.6869845579735
164,1779519636176,20.1393737826143,51.007402269864144,1019.3111723123424
60,1779519636523,22.716859724460527,69.85823844114479,1027.2338045600727
250,1779519636367,28.315432696367168,66.34356983912016,1031.0026717774151
132,1779519636241,23.081664450560613,60.38968110117505,1010.498591395896
94,1779519636553,29.502474422702072,67.39673731093546,1037.661980766951
211,1779519636649,25.238244491725244,57.300299380260846,1017.3667848972208
183,1779519636399,29.236390533357437,57.984643291040065,1038.3769179150574
13,1779519636616,25.72724235133616,50.229009803577256,1047.0516492169638
212,1779519636755,27.413952252593607,50.41712740039343,1029.5386138947256
181,1779519636450,28.780581327695366,50.52635260499253,1027.80930881468
42,1779519636833,22.008061747948762,53.68366000655152,1027.718935984855
286,1779519636789,20.695384074531468,55.289550863772796,1040.939042359481
153,1779519636586,24.113498557675005,59.131936604687596,1016.0581557315173
30,1779519636863,22.088449294055877,66.47662668143427,1035.5668841857603
256,1779519636989,20.803091581917148,51.57025731137678,1012.893237738832
108,1779519636680,29.204099880046307,53.04902590655954,1040.026713875535
64,1779519636927,27.45021527888241,55.15698113216466,1004.1528784755152
285,1779519637052,26.367589800682936,57.90918634152233,1010.1016462986448
169,1779519636893,20.908814077121903,64.94959583654935,1046.3500741366925
15,1779519636956,23.539301832984748,57.02452498963378,1010.9270608590589
276,1779519637084,27.145813781585254,63.47900262980421,1039.6878688486852
102,1779519637019,24.564852028916036,62.16046751945301,1009.3362086680387
270,1779519637241,23.148226490186474,64.32790698355063,1044.6040531927222
85,1779519637177,26.531954096746077,68.85704924451065,1013.0527600893606
155,1779519637114,21.81851862938069,60.140077165400186,1011.8284100535952
58,1779519637208,26.872150200719656,68.56011653792834,1020.0397972826945
282,1779519637270,27.964662121937412,65.95385290612028,1022.8377507444648
146,1779519637145,24.585924218287698,51.97687342066606,1011.1884005347421
100,1779519637333,23.45146385791024,60.97802209811587,1031.8824752457283
229,1779519637303,23.237360362572215,58.475955068561376,1001.308392188159
177,1779519637365,27.446456216913525,61.84831054694024,1043.24992502965
51,1779519637426,28.354270414879075,50.94863828615123,1001.5109624123232
267,1779519637561,22.026251020124302,69.1585482646619,1044.354997808674
110,1779519637396,25.53826120275844,57.3398076356213,1012.0495010772727
2,1779519637458,24.957051463111366,52.74929697047518,1045.1077441407815
219,1779519637663,25.297676710130336,63.525829202296975,1028.4969698179054
136,1779519637600,28.150386543486977,58.597265359606,1000.231159801532
17,1779519637631,27.37785566545294,54.45381865756891,1025.2156169171417
259,1779519637725,21.845719954614896,54.78578622551582,1017.9263526408218
128,1779519637785,26.084433414334335,52.109342572397,1012.6048016492305
47,1779519637693,21.186128680110492,53.90241502217661,1009.5142405145789
230,1779519637755,26.79251928652842,56.29554255115923,1002.6098227548625
140,1779519637847,28.77872265470149,55.59317796157789,1046.8774717194135
273,1779519637817,21.97354709423787,69.85292044839191,1042.7528869894306
65,1779519637974,22.381021516675638,57.691045671799515,1015.1445132669679
167,1779519637911,20.47220465241077,59.43725002764221,1035.0601208187952
66,1779519638008,27.23378097647391,56.58981310256363,1043.378120246197
216,1779519637879,28.332504596150393,63.548489128219714,1027.2589750433508
160,1779519638038,28.661270533398845,57.032636782124264,1020.3189156429048
218,1779519637939,24.13787286852047,56.26689646932787,1025.8569093094777
84,1779519638099,25.187202600174565,58.29182159599916,1014.2701400839729
106,1779519638179,20.953455055692324,68.02526501838521,1018.528238990645
217,1779519638070,25.467332077008656,58.252501815509135,1000.5486859214767
66,1779519638134,21.58174764603666,52.70234284568671,1044.3988850561022
153,1779519638301,25.055276623763977,61.57859050925779,1041.6508717381234
21,1779519638240,28.545261053834125,65.7851072142512,1024.5557696461526
273,1779519638209,28.05917553848773,55.53587531030913,1033.4653257343073
195,1779519638333,24.154445108685806,54.93107117715898,1002.6522994128513
24,1779519638457,21.011512648107125,53.8404757345946,1048.0991175465024
208,1779519638270,21.75522905277857,62.308451541609294,1009.3867200806429
128,1779519638363,26.807734873455548,54.30719052829444,1037.302983861344
5,1779519638612,26.440046183317236,61.21782867763751,1006.3755197470465
230,1779519638487,27.178699171780917,55.91225238687925,1015.4901124420319
178,1779519638394,28.111117565615388,57.20768672936075,1025.3794025800894
61,1779519638675,22.74955823991423,60.962820827638794,1005.7525051696114
248,1779519638550,21.416811768237256,60.494218211440014,1015.8388125102675
132,1779519638518,22.275874677200086,62.760561887319625,1037.0200805117295
138,1779519638831,28.010388935366073,51.79119211793428,1045.4047639140192
59,1779519638708,27.11864176734576,51.79592603020089,1048.2596591215156
245,1779519638579,28.647915071619984,56.151385296151204,1010.1329140831385
187,1779519638862,24.55855086072999,58.42970978185575,1019.4757625909126
2,1779519638740,29.651369494414322,51.22883955988575,1048.4957352860474
214,1779519638800,29.999198824110167,62.74596883465597,1044.3828249591656
176,1779519639472,21.679684622102762,61.31682344270554,1009.4293961901723
16,1779519638770,25.845200448910166,55.75022769153334,1020.5253785539526
264,1779519638895,26.351023280367958,66.82770934124888,1026.235404252513
123,1779519639629,20.0210337276097,53.355839791658504,1019.2902466431452
91,1779519638924,29.266975794113204,54.05773360547199,1010.7833112778902
267,1779519638987,20.897851496290482,52.786043499204204,1010.9768987759151
238,1779519639020,27.531021951836163,61.134291790519136,1018.8413852733287
98,1779519639118,24.492277416247358,65.61492358154781,1040.9459145775459
160,1779519639768,20.065669580884073,51.552027381703304,1019.9471132660781
84,1779519639546,23.400774359660204,57.07161367669873,1002.0561847522777
246,1779519639156,27.514205470694883,57.78044771377881,1008.3079897470267
167,1779519639799,26.676096136925214,52.31426338003739,1047.9915198430174
62,1779519639583,20.131417711109588,55.288065043209585,1038.8596363518761
284,1779519639695,25.607813387902734,51.37338877357171,1040.3570029619061
112,1779519639846,26.35775870519393,55.36833233242411,1014.9905342138684
204,1779519639876,27.35127011292858,57.283183627801726,1043.187639617097
56,1779519639735,21.10524955819887,57.18311809074727,1037.2971135822638
128,1779519640061,28.910206769521555,57.70376444211177,1047.3896299767457
17,1779519639968,26.918699674079893,55.79922349795959,1008.3493507429818
291,1779519639906,22.16237771680657,54.72751060625284,1040.7394250335865
142,1779519640172,27.40979849513523,53.050406620992895,1023.9204382368866
214,1779519639937,25.768722991846776,69.23549834861794,1022.8737209937727
69,1779519640000,25.90004872124421,65.15632161643657,1041.545655700496
164,1779519640268,29.818218717125987,55.884364412075456,1035.561533587762
217,1779519640033,28.187369114495368,57.50953266182796,1007.9394475791248
46,1779519640204,20.94604833364636,63.86940459363174,1043.0691948349
194,1779519640395,20.717086513106747,54.76456791775438,1042.2599331692281
96,1779519640237,25.77920724621646,56.46005700459985,1017.310630098077
203,1779519640095,20.605900742715786,66.05948063084483,1011.3731584813218
151,1779519640440,29.027592477221884,53.64373437512362,1039.5088678107854
97,1779519640297,21.83990850923433,63.359378846177215,1021.6799222455514
211,1779519640128,21.487124849775817,66.66523149423935,1025.8471357568533
105,1779519640578,29.500496254560876,52.278751738150085,1027.550638015546
33,1779519640329,29.42632908425034,69.19970172854676,1013.656172899572
229,1779519640485,25.22981121613207,56.96497341907766,1018.9636666264264
195,1779519640843,26.183161598447548,51.62760764996665,1028.6796224042428
203,1779519640515,26.661950308442343,50.101479374038476,1035.4822322368286
58,1779519640362,28.45467199075184,52.526685472265605,1036.1835872738186
157,1779519640906,22.298754140494765,65.98375976225606,1012.187106919237
76,1779519640751,20.29670526841204,61.67645549036588,1010.3351627087422
223,1779519640549,23.530452156307877,62.40081142272742,1002.1802344049718
68,1779519640812,29.37844946773275,54.79895852740748,1013.4965523713691
267,1779519640612,29.22093768650791,58.47130908459847,1009.1801673957337
79,1779519640876,20.166831179553853,52.64556028883263,1003.753743511239
255,1779519640655,26.96445822345791,59.8655438694178,1040.5132245053244
167,1779519641173,29.30288046772239,69.90962992951819,1029.0981874464037
279,1779519640782,27.50099011370199,63.09914823118464,1022.1920892586047
178,1779519641265,25.5034992424469,57.41872194507989,1011.6579983889334
49,1779519640940,28.7357798068307,60.31641733946407,1040.8313563579648
205,1779519640995,22.78191484625528,66.63527838072484,1025.87402390336
196,1779519641294,21.46935021433967,50.45725983019902,1046.822910149079
100,1779519641030,26.23896983991679,51.291411962024256,1049.415301367752
143,1779519641423,22.685893592444707,63.42533711381756,1044.9457409073632
66,1779519641095,20.426703270977402,67.49043738848823,1019.4636810126913
279,1779519641062,28.614664784267674,66.38911709496823,1016.7948243239517
245,1779519641128,26.96007958386305,67.86246881782591,1018.736895660145
13,1779519641486,22.827420034635463,54.47719781419002,1002.584223658436
149,1779519641454,29.458584956579287,59.65202485932507,1022.2761094605581
58,1779519641530,25.523263800229486,60.83292385785024,1015.4255972562979
106,1779519641559,21.5823019984029,63.14313920665859,1039.0731614765693
286,1779519641221,26.44397153814073,54.42927825489808,1008.8376439028925
258,1779519641325,29.794133103108607,55.01060473187933,1027.5500821088783
181,1779519641593,22.641712738045108,50.61122815747721,1017.0808813335434
74,1779519641891,24.70919527011359,56.56854178269723,1034.8711041531753
138,1779519641674,24.57922870534336,69.56318373694256,1031.2945328096998
215,1779519641627,28.21611442398929,52.51072656553897,1045.9826613183884
11,1779519641940,20.521524031832936,59.81173943821808,1036.1129269445007
277,1779519641860,26.61054070249206,64.72800675130857,1034.1578878420464
192,1779519641718,29.142991134239846,67.31609926256316,1037.3511289330233
18,1779519642032,29.50733150192418,64.20132597543594,1036.8266564814287
158,1779519641751,28.318848923069126,68.96550491548787,1004.5275083556045
253,1779519641987,22.085918918990792,55.597328111498584,1039.6470075199725
8,1779519642215,28.564557532748175,60.59164300888799,1002.7464510492149
189,1779519641783,21.438623596060022,53.99731173771005,1025.6482519342267
287,1779519642063,28.942584870541523,58.05757095350561,1006.7647773478773
51,1779519642249,29.41675411313575,53.270629831519614,1045.839785700816
124,1779519642092,26.100152143403495,69.23740964371206,1017.2194434755706
235,1779519642122,29.620905268148668,50.245107227447534,1011.371068981317
43,1779519642311,21.594461574756483,54.711948802357725,1022.3464735039684
292,1779519642155,28.31394769396283,50.98939943171486,1012.0154782785587
165,1779519642340,28.262663793299218,68.64574898462308,1006.3130670379027
79,1779519642372,23.18447972449228,66.34059228305742,1018.0635612380939
114,1779519642464,27.998936523382532,68.96786855537115,1047.472679075767
296,1779519642185,25.056570139834136,57.87114670886265,1039.6950095005118
49,1779519642497,29.50438599316589,52.20992195474616,1027.644364244189
151,1779519642626,29.53230987906361,52.41716513812569,1041.8219176628202
232,1779519642281,25.903561921273173,69.43190588674203,1040.6783620479152
93,1779519642701,24.222373781092944,58.6340323540084,1009.6051679118085
223,1779519642404,20.074052209586792,63.394218006601406,1012.955055975575
173,1779519642918,24.90262637992067,53.603422393825745,1013.4436034353256
49,1779519642732,21.824634503865067,55.46381630832827,1035.6857416482435
240,1779519642435,21.473145451481802,68.30028274390459,1021.1836982907765
16,1779519642795,24.40587759471979,66.47408380415956,1022.6978824758537
188,1779519643013,21.40949736320881,52.27974311564705,1049.2818552798583
282,1779519642588,28.874799725473462,69.23647817851133,1032.0181898326339
101,1779519643104,21.016281482771277,64.1986308592431,1015.8552896857111
17,1779519642950,29.408118598731615,62.61373051220486,1021.1331612618087
220,1779519642657,23.1148663669664,55.219398752263714,1023.2191719155477
98,1779519643137,27.241083038787963,63.83188358032542,1023.9306118346776
217,1779519642763,29.422327420052124,57.353691629699156,1033.1892938237909
33,1779519643168,29.142466089951625,64.27916320338934,1032.7770091691943
183,1779519643387,21.768708553522515,51.247315516254226,1021.7646412290777
289,1779519642856,23.836602157139165,66.62716392377327,1017.3318505909261
26,1779519643201,21.71018457724796,52.00442475729602,1018.3961488164325
212,1779519642980,22.823297044616385,51.49415211110005,1000.9370181166743
73,1779519643232,23.301293983940127,66.39991556409443,1003.6056765911491
203,1779519643072,23.674536435963127,57.76790510456999,1040.609020146679
29,1779519643292,24.36501923759382,63.26983214276105,1042.122000895605
135,1779519643673,23.011507465755216,60.839315426413606,1018.7952315060605
259,1779519643264,29.225073881714458,64.84768253601429,1022.6345699089861
15,1779519643326,20.96832958544906,59.34910110853116,1028.360090431678
209,1779519643419,29.89320565758897,57.66816527788998,1030.3018142757267
82,1779519643355,29.997865196959104,55.021044616057914,1024.5008834356877
107,1779519643932,26.987111453284538,65.32797813026446,1027.5996565396215
282,1779519643483,22.99180413792689,67.65859464609304,1005.7105338524516
73,1779519643530,23.829299764152374,68.51500373938816,1016.7813090679007
152,1779519643963,25.402726347562968,68.76297442294778,1028.741322143352
255,1779519643624,21.799645621591775,62.22200609505948,1023.1389998332544
98,1779519643591,23.168527428155837,59.84707399584199,1034.1404392709846
180,1779519643994,21.66003898856735,52.58464591696652,1032.3077912386186
286,1779519643714,20.415523889466396,65.84155421266634,1027.7584963565341
50,1779519643746,21.681622137324197,50.45306424686451,1020.2560260773636
137,1779519644025,24.313917869320868,59.74346466192297,1027.0327819643007
294,1779519643808,20.89724924897622,64.56311994395934,1037.6466167253056
91,1779519643837,28.88115876846085,55.82234668834645,1001.7758311740799
162,1779519644058,24.23200055221515,65.5576532447826,1040.8517404268136
210,1779519643872,28.923285029051655,61.70426719025998,1029.392415034473
91,1779519643901,20.40539556558767,66.62209751706256,1037.042453870326
181,1779519644118,22.1934108881401,69.38919244969894,1000.5424704338019
231,1779519644216,22.507024561312697,65.6064647122418,1039.6800105286177
66,1779519644087,22.663876765862216,60.66994201819172,1012.3046090607647
135,1779519644151,21.85197640745907,69.93319059705418,1036.240882340926
289,1779519644339,23.807548356787535,67.87516726144378,1006.402952712283
9,1779519644184,25.41416446861816,63.47414046527129,1014.9129032429746
123,1779519644278,20.538364927179742,62.468160568750164,1009.5694590935993
297,1779519644431,23.843888497267606,52.58118104996841,1047.9916042977861
20,1779519644246,24.143729325997846,57.46632597026942,1016.8179677500113
168,1779519644494,27.45272263022884,52.440216181964615,1039.0240222727625
258,1779519644650,27.43244289897204,59.84552488751697,1012.7271050227934
63,1779519644369,20.088291627154206,56.1294477533987,1035.8636176742925
131,1779519644555,25.854089957120905,54.7705746053003,1017.3538806780482
229,1779519644742,22.057052812429628,58.081249094517204,1026.9515927612938
18,1779519644461,20.114146165141282,69.67894122783767,1006.487648324003
177,1779519644588,29.590150863676282,54.779816177667506,1026.567776210363
244,1779519644771,25.217165161932506,53.961546045004184,1033.132521669234
35,1779519644679,27.58276089310398,67.6082419936173,1039.5869860037044
173,1779519644617,20.737876511065842,62.83614546372434,1037.6074495368978
214,1779519644868,24.514622690465746,52.32705349548221,1011.7906585169724
59,1779519644712,27.235111212974623,67.84022161755598,1016.1164919385225
199,1779519644834,22.136970891251885,58.743499459147586,1049.1436972677934
233,1779519644900,22.004672700407085,59.20086436477378,1041.9043509289684
12,1779519644802,23.34715138727136,60.17921685764412,1016.4252218612069
152,1779519644995,28.601286887462276,60.186325128732946,1027.2318189018993
220,1779519645056,25.30770989613716,64.11355748833299,1017.4674645764657
7,1779519644929,20.285143412407322,51.13987166340652,1023.8068071549164
174,1779519645087,28.765998062383694,54.35804392921746,1040.8733017048028
258,1779519645150,25.832145890176836,51.54378030018576,1028.2443627442824
81,1779519645024,20.623704019010155,62.50070598310123,1036.2046937452174
123,1779519645368,26.259070168280903,58.78919136471334,1018.4762583974016
231,1779519645213,27.429768162581027,61.79906066473366,1017.0926992393191
61,1779519645118,25.405637254066605,64.0846465852706,1021.8589045373416
175,1779519645553,26.059048713985746,66.38344283785628,1032.0591569937342
283,1779519645303,22.064630450463646,55.44860323712933,1027.5073380240071
91,1779519645243,29.907830900235133,68.64450570746385,1005.8896227133905
121,1779519645669,25.930412364674513,63.83969869845246,1010.2697376548501
235,1779519645760,20.574379991582397,69.08098731419193,1032.9098283735325
55,1779519645335,28.813741531382014,51.28584063120103,1022.5206655206829
163,1779519645716,21.990151994068984,67.74587627888275,1025.9013292113104
257,1779519645892,21.397380976810414,57.83155322488743,1047.5126571606409
89,1779519645483,23.57486367412749,57.83370787487909,1036.1805927335395
154,1779519645826,21.271772379886492,52.92029630035125,1003.2114864117412
263,1779519646052,27.488310381568287,65.9036431964254,1015.6393280252391
49,1779519645591,21.4123535297461,64.35398694612581,1034.6915620036007
164,1779519646207,26.093195886496535,57.9725371264344,1000.1792525006036
76,1779519646126,27.752996599544012,56.34444915403929,1035.5255695469716
229,1779519646294,21.52154591356322,56.81122270879363,1002.0251156681767
173,1779519646246,28.631089292720276,50.07891042386576,1025.8116128400643
4,1779519646167,28.408114884326075,66.46734786495034,1025.218291071945
162,1779519646388,22.37857190925354,52.804688697196326,1010.7464008083435
230,1779519646433,25.277661073992537,57.103568699523635,1020.1463740347514
83,1779519646350,29.58389043279714,58.39404036672151,1047.214914802144
210,1779519646565,27.533595565046994,60.27103546073185,1003.9934404288254
60,1779519646479,28.184541916832583,69.61093827095684,1042.4744071502694
177,1779519646603,23.34536402866178,50.194429965383804,1032.0254368986948
2,1779519646511,21.93528004807185,69.22680476944043,1009.2340201703482
213,1779519646712,21.419108802551342,63.70686679503443,1044.1820135558091
192,1779519646648,24.188748011632605,67.0093008608954,1031.9473226826817
128,1779519646679,28.445619029340826,65.1901385845829,1020.8280869287659
75,1779519646836,25.00050628676899,54.48430373897395,1002.7225818521546
131,1779519646744,20.564881451418056,68.16497999227961,1039.452200879724
224,1779519646963,29.518918045811237,53.35708068400682,1029.7583344470554
139,1779519646791,22.30581033427773,68.35393805793213,1008.0498731523861
257,1779519647081,29.623460665552276,55.67719378220449,1021.7982111741753
185,1779519646866,29.40959942727957,56.84813508187287,1036.0628595117566
58,1779519647178,29.56252236865278,53.408676885314925,1013.5835998089461
209,1779519647147,29.487709873777902,64.30456560632253,1012.5861370823737
111,1779519646901,21.2008078029718,59.517941015621176,1044.3463103502947
48,1779519647214,21.37568062550165,57.70507305776819,1041.022261284913
124,1779519647011,27.037992243972788,69.69624944134081,1039.5437695079645
291,1779519647444,22.61371677523922,66.25252421103133,1045.6252868857089
60,1779519647268,28.60715215816262,59.89094643806056,1006.717358501117
118,1779519647117,26.105290566130314,51.20934438461248,1011.7162388023821
264,1779519647502,24.20316161753088,51.47863673774781,1003.82861666325
22,1779519647304,28.832566774852282,62.46677371417326,1013.8118837461749
158,1779519647412,23.119009101767844,56.71572633669623,1048.4779767041405
74,1779519647354,27.0927165227912,55.530051857308194,1027.8295404494193
177,1779519647661,20.87258637350778,61.2653063166827,1024.0239066760068
280,1779519647747,24.34223696103449,53.64880872288739,1002.2273571800919
44,1779519647554,22.979770936087125,50.4158791925571,1011.7100106114304
200,1779519647835,20.529641888815643,50.67637532672619,1003.0499121677201
86,1779519647606,26.213418882052455,54.184407962957984,1040.2024897502283
183,1779519647959,22.38278334673997,53.56128159822099,1011.5209638681299
29,1779519647695,23.452073463328258,57.58483480620733,1031.5206830704321
263,1779519648027,27.532997440661315,55.741913321557135,1011.5449277453278
198,1779519648067,26.168507863874723,61.5398402028876,1030.988767848356
4,1779519647789,22.554995220150403,63.33032364512906,1047.7906815351325
210,1779519648134,24.30360426755806,67.00229284594639,1018.4076284119618
129,1779519648102,25.03785001888895,52.0909600990347,1008.2215151151945
13,1779519647882,26.34154760591543,68.43227611258672,1015.5660840306209
125,1779519648181,21.451222248528605,57.100495984352854,1020.2727605912282
100,1779519647914,22.70985859921732,62.489801250935116,1007.0046537957386
245,1779519648351,26.628969137882397,64.86193466079217,1043.654564861352
178,1779519648228,25.383214892438275,53.034114829008196,1040.4521530544457
98,1779519647988,22.320173838925893,63.46279011810327,1013.2201970381805
270,1779519648383,29.09884009282334,67.33845462895275,1022.9359053837674
179,1779519648275,22.738891340662192,55.620931918880686,1002.8004100932839
98,1779519648319,21.828819142679492,50.771175011699285,1027.981575633481
272,1779519648443,21.195518872162683,59.19313989565896,1038.3922260019322
133,1779519648476,27.81652204635798,69.5071879178835,1025.072830269336
64,1779519648413,21.822910856364118,52.7305341638642,1032.9394810962508
243,1779519648505,29.548750134728756,57.478675700829314,1039.8863749902448
109,1779519648538,29.731322472256835,61.24626616009822,1012.10805226226
20,1779519648570,24.52479260117567,69.02716992467876,1001.796399681796
256,1779519648727,21.42609617799384,55.21702274518755,1010.6230191514937
143,1779519648598,21.323344152939963,66.73789482591121,1045.6021902944067
43,1779519648633,21.330406072049655,56.692561838484856,1016.0606501590357
241,1779519648789,26.16282697517131,52.59008366780848,1000.7875684319928
193,1779519648758,29.641256171462526,60.7741415543179,1031.0098400368502
47,1779519648663,20.248548627526652,53.294496054511946,1014.8065268548999
211,1779519648818,21.648659550053562,57.59033223719234,1002.3123034706581
121,1779519648880,22.935686592592177,59.040832252539175,1008.8841130514129
33,1779519648694,29.90565825906348,57.026408343795815,1036.285240698781
214,1779519648913,23.252245054993484,57.07988911534156,1008.3792101013518
110,1779519649200,22.30959913136495,59.48134470488538,1040.4180681164312
62,1779519648849,29.254958681866288,60.55150110876477,1003.3453664066109
256,1779519648942,26.126608560802364,69.27286611331473,1042.8097207568162
181,1779519649227,25.58656464628005,53.36551741689784,1016.6742010915054
90,1779519649006,27.909745560278065,66.69363167210952,1012.8248998222656
232,1779519648974,26.22727270477738,63.35675837601667,1038.7295722961753
134,1779519649370,26.76270594549898,64.70599671370398,1021.4771280184887
23,1779519649038,24.031541992469457,58.332300834386665,1035.3737001788465
249,1779519649098,20.046953115764033,59.758308466266314,1008.8966331194048
149,1779519649490,20.332100393045106,60.235700633799105,1002.0934282903419
55,1779519649068,25.358776746493817,53.24106062219821,1029.8393577107595
294,1779519649141,29.80934319793454,55.69392889092875,1004.7958695803126
199,1779519649551,20.228454142172183,63.56230807905452,1026.482701638424
65,1779519649255,21.172881894585352,55.52040545445788,1004.9275777616942
286,1779519649169,24.349172595521416,54.7176930309621,1044.140645366628
161,1779519649670,20.826287214515002,61.57469621512195,1048.502358440012
89,1779519649427,27.581177998365185,63.11174123447425,1040.0248802410508
231,1779519649285,22.11558653919309,55.823341065712874,1033.5344538696554
195,1779519649701,21.711852362914485,63.927434742932945,1034.0953629765793
88,1779519649521,25.781176754847284,64.59060715895023,1016.5784631109107
285,1779519649340,26.01678132018364,62.67954147724447,1018.9564151176272
160,1779519649730,22.574978208789044,61.73101821793814,1029.250838828367
43,1779519649642,26.669443887648555,52.341873413121256,1032.4523839642754
206,1779519649459,21.589312928980387,68.34059767320747,1004.319219814508
131,1779519649858,24.073292976100728,64.5281407701357,1022.1290300831894
78,1779519649760,20.005168437469653,52.735752877941124,1046.8950850595847
210,1779519649581,27.10215301966665,54.0363166406996,1017.2984988717832
154,1779519649921,25.47136729217744,57.42783568256457,1041.749996339483
6,1779519649890,28.374861673556865,58.76839343667237,1004.1109896162972
202,1779519649794,26.053924239000047,52.183921113848086,1031.2421484262948
137,1779519649952,27.487474290574863,64.15934871039454,1033.9464066662306
52,1779519650011,28.80019551971477,69.1762403698493,1002.9624651510762
216,1779519649827,21.18181125457377,60.931515992960556,1034.6296889601153
146,1779519650040,24.1040145234016,52.20629070788992,1028.8557075435715
31,1779519650069,20.901671521548476,62.429092412375944,1011.3347193974523
220,1779519649981,29.140862647273547,50.854303172086084,1027.2906709302108
119,1779519650100,22.823794611593932,54.57628707972402,1025.938694001185
86,1779519650160,28.456199163832473,55.54485123159317,1031.8318835108817
294,1779519650188,27.062859088489066,53.48475091919345,1049.2129808578877
34,1779519650220,25.397718123680928,69.25962704556014,1017.2021710607812
120,1779519650130,24.026679288269822,62.90593747418953,1030.519296773767
220,1779519650338,22.40795893694282,64.20892878914624,1039.2147188795573
21,1779519650279,27.892719784223353,52.634438925819794,1019.6099887227437
207,1779519650366,24.07660838302131,52.10094082782435,1011.1254490720694
186,1779519650247,21.115343919833684,50.48546044043573,1017.2638128871256
3,1779519650423,23.00453139623799,51.42650830183165,1001.2836178711389
286,1779519650454,24.79361117685368,62.06513325301961,1036.7536025556765
137,1779519650308,25.236003408721228,56.90011759134528,1031.144452101003
36,1779519650831,20.438806465949934,61.64469718389382,1016.5253671374369
102,1779519650393,28.275771067635567,67.51511754067297,1007.544115235512
219,1779519650626,28.319968479075712,65.69941548669846,1007.329832303585
205,1779519650740,28.365289096159746,52.900204684159085,1048.6243203577549
161,1779519650514,24.857562046150793,51.26146306499349,1023.5947478897009
66,1779519651008,23.23903617154607,69.37961711320771,1048.8204133536105
295,1779519650770,23.998197368322902,53.23416051288202,1020.352056326636
116,1779519650598,25.99364434402407,63.28251151812296,1029.6332598781157
17,1779519651070,27.151180147896973,59.59549767015547,1038.0288057807243
195,1779519650685,28.867108374920225,57.12793112785497,1042.371848986812
277,1779519650889,25.597402990021884,50.523805337138924,1028.6161671346197
66,1779519651192,27.31563967480505,60.28642283329273,1036.8361659542347
123,1779519650801,26.938777202808087,51.505141753059185,1029.8246410233887
217,1779519650975,27.858445655444285,53.1750582487232,1029.518604332688
105,1779519650916,28.32332133653994,66.44928358020756,1038.9220683298686
294,1779519651133,25.72463864221357,69.48841622910565,1018.985373067495
231,1779519651252,23.46450527829583,69.3518400059966,1031.6204569612657
152,1779519651039,28.20094961425532,63.41447849896628,1000.1924645245265
88,1779519651516,21.200346513469093,52.02040295492214,1001.839616655735
126,1779519651104,27.901920121147032,54.80630414620698,1008.7306368480406
277,1779519651282,27.70606810440881,53.30225517849804,1047.6727196356703
49,1779519651572,23.106294929774656,58.62655246564937,1000.8567331906496
267,1779519651344,28.33463759215507,62.51439678133156,1030.3968474155147
161,1779519651222,27.013116093663037,51.79329246338353,1015.5081995494829
67,1779519651629,25.660065179455845,56.39573024987655,1024.3109832519356
163,1779519651314,22.486599200533455,52.987584406827715,1025.8720042074415
237,1779519651375,21.902188120676517,55.800662214326785,1012.8239821850271
97,1779519651655,22.027436008466335,67.81373094643186,1040.3897976306569
156,1779519651405,23.07015928153953,67.93807654468753,1001.3372728850435
290,1779519651432,29.239857619721313,54.763283664858704,1016.2999241046555
94,1779519651739,23.57165690113161,69.32495671647052,1030.9877370161923
224,1779519651544,29.071973026682056,60.594383303093124,1018.8787435622861
187,1779519651683,20.390826290406096,66.08388847402931,1039.0003175885247
51,1779519651764,26.67559496487211,64.09844485950228,1013.5880341335941
225,1779519651600,22.095871506562325,65.27936608985507,1023.1576509392456
112,1779519651711,26.102416866655638,67.94982437200932,1030.9449861057258
44,1779519651873,26.401980823945337,60.57642511132467,1011.6176533971508
245,1779519651957,24.816492448071024,54.041348071289946,1009.0350075846956
139,1779519651794,28.695894259792333,68.06627632283525,1020.562054095854
20,1779519651929,25.4300924163809,65.37666249695172,1009.8413294458619
196,1779519651820,25.66621345832881,50.92022935954046,1046.055185287324
289,1779519652288,22.601165329997734,51.44757240981847,1015.3481787919452
13,1779519651988,29.831646485323628,67.9555446277849,1036.966677039551
124,1779519651901,20.59591128870143,61.304195430516444,1045.0402961414823
207,1779519652382,22.71591182465089,64.93278522366394,1027.467444363392
94,1779519652048,20.203767513500555,66.41888214991152,1036.0817865952527
213,1779519652410,23.265395919571887,51.87536777903445,1047.9663785204925
200,1779519652016,28.35745489342003,59.52905352903845,1014.8191644827369
71,1779519652079,29.535484971210984,54.46035523308143,1008.3115575133769
163,1779519652262,24.00170607434542,61.151300797796594,1018.8217294282994
250,1779519652437,20.105079440731437,54.41248705575414,1014.9991107078754
96,1779519652137,22.712869069406064,52.275368220202374,1025.5003512953494
125,1779519652322,23.240036394342745,59.36607207381402,1030.3657479101732
261,1779519652525,21.57472384845094,63.0671980227245,1009.3242788884111
97,1779519652352,22.636363483326047,55.82890912497947,1048.46684546203
143,1779519652464,29.822437673325453,60.28267184869997,1046.235978755398
216,1779519652583,22.0667695765445,54.13823379331855,1008.4744770204658
18,1779519652553,26.095149179995385,65.79137443499451,1024.5384573322774
114,1779519652494,23.17872432273967,64.22377752408487,1008.8493315386378
229,1779519652642,23.500588273083487,54.863337294673784,1038.4640777033935
44,1779519652702,29.11980523792252,63.272207894303016,1021.2394990354809
132,1779519652612,21.27876055633835,67.14910762586395,1013.2780064303882
278,1779519652672,28.735630026206636,69.57345546139395,1021.5009706369351
53,1779519652851,24.755482136090247,62.84573981513422,1018.7521452359839
260,1779519652732,25.89510122922753,64.93906538093059,1035.5020291621324
166,1779519652792,27.138850071311346,54.81357417726406,1048.612561802268
30,1779519652910,29.467658749867738,53.37098803221071,1004.6695376275434
275,1779519652761,21.319139840571125,66.50406606490994,1000.0958133227734
138,1779519652881,26.747765276721204,68.09993708184348,1024.8896537842618
38,1779519652967,22.180859069217732,62.30728647889988,1027.780376841313
278,1779519652937,20.44181018904944,63.408643479180355,1026.0390904092949
156,1779519653050,21.265702047988995,59.99053980767144,1039.059245309969
17,1779519652995,24.38701101241909,54.24339173483976,1039.9395372571305
130,1779519653079,26.54227185514955,56.54223668311406,1004.2451971766723
206,1779519653023,25.053395241681798,59.49578130533569,1029.322677003911
39,1779519653192,24.69048105800034,67.89373640928216,1010.6973686433959
117,1779519653109,24.561517668954266,68.73505437671938,1024.1872052133037
251,1779519653223,26.230619827297907,64.98922589237068,1024.9775112487791
11,1779519653281,22.156203232617074,55.86555876005668,1041.4250178065822
277,1779519653367,28.860187307174833,58.014677575322,1014.3147878069313
144,1779519653162,29.616421760285597,62.71531352188497,1022.3767449298767
46,1779519653309,24.359426243570056,52.522735563898266,1041.618139517911
163,1779519653252,27.912842201112376,55.69378313138247,1028.8141669054628
265,1779519653393,21.78802282721018,67.78358508039054,1029.072006889172
86,1779519653448,24.1266237467852,63.513156434017574,1040.243129808344
208,1779519653420,21.179056922030565,69.92665526141627,1013.9232191742176
122,1779519653506,28.306007064093535,59.133313853222916,1000.9063411422899
59,1779519653600,25.839547543388885,61.19214041126259,1012.5995517011326
184,1779519653538,26.893143144675278,61.8805167333805,1039.2615603145898
245,1779519653477,20.506772404008885,53.74718869675504,1002.5237156163273
7,1779519653628,29.266857587336787,68.58400916454518,1029.4430811280404
175,1779519653686,29.4249969708306,58.761761613906664,1003.7513679028015
252,1779519653571,21.182128726157387,59.52018485343541,1027.4013187472285
33,1779519653712,24.025015387924874,54.31106674239413,1043.0844106715103
114,1779519654038,28.201909008351315,64.11870486264576,1045.002426718842
260,1779519653771,23.324675978958496,59.15884092887812,1002.278601218624
80,1779519653743,26.91425669281852,50.233218933122984,1041.7548464121335
135,1779519654098,22.371828230957355,59.48353082230449,1007.467293902843
240,1779519653825,24.670155414594277,57.38731961551847,1037.195975939884
20,1779519653799,20.709416534506847,54.54009188203283,1025.6249973421059
299,1779519653911,24.221770694388585,60.81548753790997,1008.112984659934
125,1779519654211,25.414215749674625,64.54155271332372,1037.1177801186095
53,1779519653973,27.58020768110498,58.41126069490222,1017.390485217191
204,1779519654005,21.549758758479957,58.138222494481795,1005.8404727614956
168,1779519654267,21.07363607370494,66.33659675201741,1008.9201117632515
24,1779519654153,21.650825412052594,67.38923912800573,1033.8671812460566
290,1779519654126,21.718277994918,53.17251571211842,1000.7201543093764
193,1779519654323,20.71761206360462,55.97373045880426,1031.4196905025829
11,1779519654491,22.97574968689618,50.90772434397868,1038.7248707128585
298,1779519654181,27.815809336881312,61.58540895609816,1007.264014748726
136,1779519654384,23.02318782366157,67.53766080059242,1039.0294781979555
69,1779519654519,27.76156214117182,54.50057776326786,1021.8711244546346
223,1779519654295,21.473229728635186,65.38737887854735,1003.2062184901313
168,1779519654411,29.74025218407774,61.81802398491919,1021.5604472721938
59,1779519654545,23.10406666070299,61.24819926053377,1046.1883178216428
280,1779519654465,27.461221536632372,61.896898398132834,1029.622776352897
165,1779519654437,28.20257663626694,50.96931367680442,1023.1004892598195
69,1779519654573,29.67640582690975,53.320248978838784,1034.0559804371167
164,1779519654602,25.012992963154517,54.07572012096453,1014.3613400016005
291,1779519654710,24.24956809908477,65.15330217577744,1007.7587578657063
91,1779519654630,20.827340347638536,65.25017420953763,1023.5322198598443
221,1779519654823,25.997466640286532,66.94787495468108,1033.5653537760654
140,1779519654658,28.38640859823019,50.20327576574963,1001.664208772448
99,1779519654852,25.531625417345552,62.215206931837955,1023.9640839791639
157,1779519654738,29.380350514596024,60.79714614480088,1022.9173699822784
239,1779519654941,27.58024290492567,59.30407332386314,1020.8821350273762
30,1779519654880,23.31984859796613,62.351935652547134,1000.4280708741917
101,1779519654795,26.76872037787115,62.17363196567765,1027.5641570496603
217,1779519655005,24.12766125855037,68.00806517645333,1016.5880437901519
12,1779519655033,21.342809793143946,69.7384004495693,1015.2603954158924
241,1779519655092,25.641924092408182,69.17414114029339,1013.4511742121771
157,1779519654908,28.617265967476605,53.17486930778033,1013.4853885962343
91,1779519655062,22.504000807048236,67.37675325931806,1021.994507171759
223,1779519655376,28.664442373141817,59.69937771453423,1000.6519880002871
167,1779519655264,28.254334210735642,58.72304380031647,1016.3244915849805
33,1779519655124,28.41541088122612,61.13945572855228,1007.385837659461
300,1779519655406,25.52010058142433,64.97752572724862,1037.46177358791
178,1779519655462,26.157943180166843,56.39642599072398,1028.4647845103284
36,1779519655152,21.8909842121397,58.9635011956596,1015.9810411568067
228,1779519655434,29.280463710905295,60.21434256217913,1030.309909729232
127,1779519655548,22.32081681463342,51.85467748108456,1028.7477479662273
5,1779519655237,27.533211419226312,60.47468161660555,1030.6448897269718
157,1779519655576,21.6381473272821,64.6682428021046,1020.2732830659473
232,1779519655492,28.740283720012457,50.998961389987315,1026.2421045104784
27,1779519655348,27.3644384970505,50.153444731615316,1049.8633307902478
229,1779519655519,21.986535314891324,68.31109669362631,1043.0930434913819
170,1779519655665,20.03012384976012,52.78637867885269,1020.1928655184613
61,1779519655607,29.05458552170439,60.60303377488067,1012.2951818506444
123,1779519655782,26.945157155812257,67.5497044350205,1027.2369660651325
201,1779519655693,28.566354859834213,61.191664588324265,1036.2097548445029
73,1779519655636,27.9112477773129,63.73126159656551,1014.8965811826383
132,1779519655813,27.929851920681365,59.953741302706355,1011.7703275801254
224,1779519655960,26.815104588746433,54.71227615173639,1021.6259352757932
99,1779519655723,29.424911424567064,55.48344885105399,1027.820471755885
296,1779519655990,24.74452205624664,67.47854094924229,1021.0551006538847
110,1779519655900,29.510925871529192,55.816299088723774,1041.557462441825
58,1779519655753,24.998797137785274,68.28436665502925,1046.523892769531
256,1779519656082,22.211103811402133,56.56000999703759,1011.9502781096912
134,1779519655930,23.266616042418576,61.88258597539706,1047.4458216711666
82,1779519655843,20.227016797751176,57.29322047753658,1000.6729597892793
137,1779519656023,20.029113996053777,67.12893370430525,1039.6374542400063
266,1779519656343,22.742221298063793,54.80833375432833,1023.4447123636688
50,1779519656051,27.091530989461525,64.42118696788113,1030.2779940925695
161,1779519656143,22.7800095534992,52.23424147156915,1016.5118608132628
213,1779519656371,22.046077129190245,61.66608727124158,1005.1911517664239
28,1779519656111,22.081043949599945,69.33320479247004,1000.8958709033084
126,1779519656225,25.104175116714725,52.240280657523826,1006.9795196431248
220,1779519656541,24.959913899788496,60.300516875143025,1004.9476786552639
27,1779519656173,20.242486886882606,53.47316847842464,1044.465202438221
170,1779519656398,21.2368095692028,51.21423329213544,1042.3374735336288
213,1779519656627,22.1102453137643,63.91366933272467,1046.4047277672444
68,1779519656255,21.096975349677738,53.32648387192497,1006.4423495904899
113,1779519656427,23.710841286591744,66.93131884060578,1009.7536912115387
297,1779519656655,21.014055254158308,55.30656250132773,1007.7855934751897
22,1779519656456,21.219849580457517,61.793214169190335,1041.9823240190563
194,1779519656483,26.93274453407126,55.149928883307524,1012.9951818994771
285,1779519656801,26.877736293950253,59.78534452080887,1038.2243655233633
67,1779519656685,25.291809722400664,55.062458424589465,1032.6241007055896
123,1779519656572,20.295147157747277,51.411803628215154,1034.294895420424
220,1779519657012,22.843054902051684,56.567607871435705,1043.758471348465
62,1779519656713,23.228947574328778,52.272822595396974,1020.300482656148
245,1779519657074,28.66772706392196,50.15401036352965,1049.2421338326699
153,1779519656772,25.829868911543684,58.95422593787066,1028.5151337667864
62,1779519656741,24.34792726038678,64.28536082500116,1029.5272821385533
237,1779519657133,25.49671222382006,65.37984986308334,1029.4000313326865
199,1779519656833,25.232726506454448,57.16466099050751,1005.9687100233193
60,1779519657103,29.79661262255409,66.05689101291844,1043.3202632331152
116,1779519656863,28.772749146744072,69.95381563575091,1046.2111411287349
30,1779519657160,27.666039498878483,51.087937336083606,1037.3506603730434
290,1779519657188,24.772200411297376,50.85691867316168,1048.8417713359615
101,1779519656982,20.90792151097111,57.258759142832695,1042.3384435928244
36,1779519657342,23.868726422213065,69.09328015935482,1027.1237303793312
216,1779519657251,23.23005186462048,52.66503629093898,1035.9036096462712
87,1779519657502,20.468013094650864,68.70931313948499,1006.8006185957771
199,1779519657220,23.876184550737005,51.00903164526292,1025.1455686340285
204,1779519657283,25.84381121297815,57.40965738353436,1010.2228412566236
69,1779519657558,23.989065769931827,53.02221326512281,1000.8937025601746
208,1779519657399,21.037410243006775,54.67560637989054,1043.5133337618665
115,1779519657313,27.08872301350165,50.22973696939607,1013.7658849830325
62,1779519657649,28.726044486788624,63.356371268961745,1021.5829742071692
277,1779519657590,21.766591087371715,64.83014439447389,1029.5315050971424
110,1779519657371,28.259842612184418,65.76148130037657,1038.2303009396417
46,1779519657678,28.860151141856566,60.19794455174835,1020.6190757827862
202,1779519657914,27.427114647761478,58.0660468422286,1045.388275384925
131,1779519657531,29.160704554297936,53.494067604007135,1004.987770414439
24,1779519657708,25.642786036944266,59.76652702712893,1022.343018811052
162,1779519657621,22.486029653619696,51.10147379057158,1040.2332011898195
292,1779519658092,28.777291870942047,60.560457637911696,1021.9174639149262
37,1779519657738,29.589150384128516,66.19926032035988,1010.1800531490238
176,1779519657768,25.257622596912334,63.73544002005625,1026.0591269487734
207,1779519658208,21.968337542560604,58.53247828372807,1024.2653029683115
69,1779519657800,23.815223285357575,59.05726916016126,1004.2007419051529
149,1779519657886,20.142060289104556,59.73156310145715,1026.870931833883
99,1779519657828,27.83943875845926,65.74256868227454,1011.1320446642694
195,1779519658061,24.026560858188887,65.04659004894705,1034.0193674469047
236,1779519658351,20.434732722680916,69.79919076799779,1038.671761655808
15,1779519657944,23.126853602801003,51.04718884939907,1001.0005221036818
197,1779519658148,24.186166508925975,55.61915141321573,1046.7011663858657
207,1779519658411,25.076185348623273,52.6986827312031,1027.7373649839271
178,1779519658178,20.915219793813023,52.65961803382556,1005.620768898244
68,1779519658031,20.192000763641442,51.39698891206711,1031.4337019839545
271,1779519658438,26.748443018030592,66.35383159795884,1015.4368735232545
51,1779519658121,24.893433366693593,69.06596272642749,1023.0936083079412
151,1779519658237,24.37720680651117,58.4035491014271,1019.5797330301709
232,1779519658531,22.42032105055005,68.4107552367804,1035.090246946609
110,1779519658265,22.467236312300912,51.26989860450186,1010.4169961817807
80,1779519658379,27.769622187458644,59.47095744537253,1025.3797314979633
251,1779519658588,26.245590615709755,69.5446364395313,1013.5508517841389
100,1779519658467,25.61129259558893,51.183609636940034,1001.9632939124431
144,1779519658499,25.574063237633016,59.33498387608809,1048.1337038232086
239,1779519658615,28.234873909061974,59.826614707042026,1041.8316572362596
144,1779519658561,21.894016973553562,59.84447816379738,1006.6578793068177
7,1779519658679,22.7155715313826,57.012027590368355,1026.5417205697597
256,1779519658647,26.569938795745518,62.671652025003326,1026.7215767170576
138,1779519658821,27.488390373539644,61.81438399516761,1007.1828191071297
31,1779519658736,25.08249753383714,66.88682625977594,1025.5862545510852
263,1779519658706,27.66199350653425,59.6706682530743,1014.9412493940256
69,1779519658962,22.480295563266328,69.08499377698377,1029.2229442943303
167,1779519658848,26.183594739697387,62.08360958436175,1047.5702867675936
268,1779519658765,21.36232919112359,67.21258138943767,1014.8943084413651
189,1779519658876,28.869488000107225,68.31344132017453,1039.4805369322803
92,1779519659128,20.177329657370784,54.42457030252658,1012.5659131746974
276,1779519658792,27.726127272671583,65.04426016786398,1035.642232077608
133,1779519658904,25.26720144609424,63.00539965865376,1038.968576771426
87,1779519659200,29.98209851335801,63.9375355514716,1019.1118484252577
238,1779519658933,25.624341877131023,54.7837449359129,1018.1776474680765
85,1779519659291,23.997397798221616,55.65502342466631,1046.7406965799973
162,1779519659045,20.72593832302601,62.459972722357996,1013.1860961810415
290,1779519658990,27.980322123945434,61.25396023713451,1012.0660984761761
42,1779519659355,22.530691401266267,53.33902228891859,1041.9307502167735
101,1779519659100,27.720846666010388,62.623634504808834,1042.7317492852885
271,1779519659073,22.4323254602313,57.319386621868254,1049.6253147322143
10,1779519659391,20.166192904156855,51.804812546346945,1030.1035910141813
143,1779519659169,23.343136807585864,67.40848342941825,1023.0921819627832
269,1779519659263,22.85907184627563,69.36185202921752,1018.7896717286627
194,1779519659482,29.303089544474496,50.79985658652663,1037.8597048704194
42,1779519659419,27.446002305364566,65.84940264009128,1046.6095817592059
228,1779519659326,22.92896976379504,53.45220852782021,1010.3939722623284
86,1779519659542,29.537095150534867,66.37470109753636,1017.1130924151853
173,1779519659578,21.04135207989591,59.5062818487059,1004.6719119907822
226,1779519659453,26.753761260541534,54.22547929186103,1041.5144364354683
92,1779519659607,23.52791988506842,65.27806558100951,1044.3760104481398
154,1779519659640,25.53234188560111,51.34094231918462,1007.1398410762986
218,1779519659513,28.538431554938114,58.43549807331861,1015.6544573588947
103,1779519659747,29.52125458271379,50.07972979955314,1029.1708327861768
6,1779519659673,20.777586557376853,61.3594847245375,1030.1558194485262
223,1779519659840,23.963139786295415,55.4317138026698,1035.7299240622606
42,1779519659716,23.21415919404464,62.387243691809665,1036.9193576831785
191,1779519659779,25.809400315135957,62.32324372419605,1034.7203591531104
215,1779519660121,21.789073117407522,69.32438738550128,1003.3670963569381
91,1779519659809,26.844628988087635,65.33086399196434,1036.2309717103467
185,1779519659878,29.441229054000097,53.09133792137645,1012.1499843664278
201,1779519660156,26.968049160723798,61.92465791189182,1033.3774133707493
87,1779519659921,27.63583250982483,66.54129196167281,1027.2285548518298
139,1779519659951,24.569312424830372,54.16103560964971,1031.7792480790795
284,1779519660188,24.18730309810405,55.26057392873392,1014.0132236842363
11,1779519660060,20.766059981739208,62.731909283052396,1014.9250097768544
155,1779519660091,26.676047165401155,63.20067899227614,1044.9408980428948
279,1779519660279,25.49262707556679,59.70614111679693,1032.2881253552785
48,1779519660216,27.009169064585844,51.68817150079297,1044.8314330109708
135,1779519660248,23.646820577915896,69.78843562874798,1004.7833635140341
260,1779519660345,22.82468642814118,63.74036773113319,1011.4822239602419
76,1779519660373,26.805580822395477,62.66038467432485,1018.8729739845074
151,1779519660310,20.681912729048232,66.54602709015444,1044.3569797580608
281,1779519660405,25.78086246727368,62.349289179340865,1047.7918197506992
117,1779519660467,22.64361453371144,61.97267881337632,1009.3865554389179
23,1779519660437,25.15122764060963,60.28974507871317,1026.8026761688416
289,1779519660593,28.296586511048975,60.00467325618905,1021.7985713781926
142,1779519660499,25.26680360154182,52.558512938166864,1039.1458955075975
85,1779519660532,27.894069399917818,55.438538347226526,1020.545992585028
223,1779519660686,27.612648961768052,65.29424134208378,1014.7100915870546
26,1779519660624,26.724505895687983,52.30410784775637,1024.7707260139628
143,1779519660655,21.22514369754205,61.636224728204965,1014.7983353937731
215,1779519660747,26.250324111037855,54.76564422158627,1020.6953322160307
29,1779519660715,22.248732029586492,68.16140842890853,1012.5099388560897
137,1779519660813,29.387758065468113,54.36269617652244,1026.3425947684523
224,1779519660843,25.65923486856566,54.39652824663878,1038.5835152614582
148,1779519660968,26.450367278840716,65.09477110794808,1020.6053607181019
83,1779519660904,21.208862031871668,56.049249250242084,1019.105825541797
202,1779519660872,28.956804125785354,55.56879239482815,1001.0902816856577
48,1779519661031,27.954914316934858,60.908982638700614,1013.2118000074983
128,1779519661120,20.06448221659856,53.46532625682427,1026.7566705741951
267,1779519660934,27.185211887885366,55.880260347722455,1036.360611150046
148,1779519661183,23.57971683161024,51.50261828983997,1024.7348562421923
53,1779519661428,20.395066025903013,67.84318154261636,1044.2562249167736
206,1779519661079,24.088468303842134,64.47024380391477,1028.3565173687675
181,1779519661243,22.454331789650883,57.93202114564555,1047.5341704180485
81,1779519661468,20.402731626779527,50.68877630615841,1021.1769279852803
250,1779519661214,24.066685105924723,58.30410599994592,1020.5734900249956
199,1779519661506,27.5528484955288,62.10124113505502,1027.9090270969061
276,1779519661276,28.453046778707467,65.69230495171237,1001.3774787813163
118,1779519661540,21.755058167737037,63.58268858755388,1024.4398050788275
285,1779519661399,26.609135538881112,54.10606713153279,1014.0237715189056
24,1779519661976,23.48807074420351,55.58637493737877,1000.0514982334669
116,1779519661568,20.496143603741004,63.36356049783628,1046.2010544114842
215,1779519661701,20.40795017930635,68.72759810624491,1039.0435754309995
36,1779519662102,24.964899315448704,57.265366002130826,1007.1662079721499
143,1779519661600,22.84307171429586,55.27650425339416,1041.9996006111
280,1779519661836,27.682151697224672,68.98199612266748,1028.2803604485034
75,1779519662212,24.71164190027472,52.07219672684885,1021.8319598646855
141,1779519661745,24.07392026168106,57.562511025077136,1042.9458865558559
227,1779519661945,23.53224986647389,64.62108633892478,1028.532406618788
78,1779519662247,26.18131951865129,56.48556777644184,1001.5325609989392
121,1779519661866,25.0649155289054,67.42295714660956,1000.6462542008102
256,1779519662008,24.174273927113138,53.26505063315633,1049.557714973859
41,1779519662335,25.092879036922923,60.71115340758826,1019.0166948001274
104,1779519661908,23.008602640293088,61.045459666476425,1044.2237803866126
254,1779519662072,28.973340691855633,58.68306310957405,1041.521522070533
98,1779519662428,29.41482541289815,63.993699566570335,1004.6247777453895
180,1779519662039,25.571665988634923,61.04893080816355,1036.3607037170534
231,1779519662131,29.059289536844112,54.038824441694075,1038.5686263923737
13,1779519662506,25.739655208498434,64.2437665698163,1047.6321750215563
143,1779519662175,25.307109872228743,62.87340830238278,1043.6895326394517
245,1779519662382,21.638265977873992,55.45589657734748,1042.8989777359295
47,1779519662620,21.64652658157278,61.84882583047842,1024.7621448061138
192,1779519662293,28.772170477881755,59.47312800120291,1043.8068546272968
216,1779519662740,26.022001255131322,66.3483798367523,1000.3839771872653
26,1779519662659,22.561924548527834,61.84457067846579,1029.375535600571
126,1779519662474,21.381674420544478,57.178451731359466,1014.4832412883005
201,1779519662769,27.265124050413156,62.94938510482624,1041.0984258917836
94,1779519662695,22.93528725478978,58.109118709563,1001.4365984162275
192,1779519662537,28.548486022503972,56.80771669126355,1011.939100538353
213,1779519662831,20.21712156338796,58.22727480950589,1045.6235623564435
52,1779519662925,27.77340286036196,67.74555118856347,1020.1199197391406
165,1779519662800,22.96658096520807,61.62644422944466,1029.4562945666175
257,1779519662863,27.008568706691456,58.558526735826824,1011.5910068074767
92,1779519662987,28.50187817010741,68.99342159616242,1045.084763820088
284,1779519662891,23.257458547558407,53.98961480422792,1033.8506259991204
149,1779519663280,27.281278684496584,51.744254989066825,1048.4690039780473
56,1779519663016,23.34338604792824,59.21307440909146,1030.8630021387044
230,1779519662954,23.238756478810867,53.2606236175723,1008.0915071441456
107,1779519663372,23.923432440348837,58.12706777310423,1009.5140943264319
93,1779519663141,21.332723953578537,60.19951179692817,1017.0401364523641
265,1779519663047,21.64580880043406,68.86520192221435,1012.6243567330348
15,1779519663248,22.461702989238873,62.32587416979314,1031.698967505111
271,1779519663078,20.319695271191115,67.31208284924527,1040.8358347285705
82,1779519663312,29.009789280471715,63.56614046816385,1037.0936903794711
235,1779519663175,25.67131441837744,68.91200012148606,1010.0125605486805
169,1779519663695,20.23357425756287,67.84244548279338,1045.8495690327677
16,1779519663342,22.06419559866766,61.79873563975579,1047.786522552112
253,1779519663484,27.580698531336306,61.90962746110404,1042.3452618206934
181,1779519663766,22.964689033988762,56.012180845175386,1040.835290425104
56,1779519663547,24.30262190169806,57.389071068388056,1001.8524483873539
285,1779519663514,29.563376807863524,66.60436765063093,1012.2328633148252
148,1779519663925,25.501598289253522,57.159026552979356,1007.6920897231895
82,1779519663580,27.936947785729203,62.89168946720821,1044.391810932931
257,1779519663610,25.170658057854645,50.9784212780931,1006.5226939890681
137,1779519664052,27.025346338459077,60.74316809265356,1016.1332733120796
18,1779519663646,22.973031741919563,51.48036591803363,1011.9441291329969
267,1779519663801,28.789965113577086,59.543347055457495,1010.9243605874859
127,1779519664208,28.47105055753091,59.899061876201884,1038.9732868492786
85,1779519663736,26.124777151087745,58.13587852399206,1024.1054567748079
227,1779519663833,26.78736134869034,57.225612337127785,1022.9997531682137
105,1779519664271,20.722232973707797,51.63518875113871,1042.7731234565813
27,1779519663864,25.065754972899743,59.43569291863259,1044.5627154882206
208,1779519663895,27.48512214487038,56.84678399572259,1019.0674274032215
151,1779519664426,29.608587554126192,67.39329241361675,1006.3416971084191
40,1779519663955,29.430998826159367,63.46694022860396,1044.1589221862557
300,1779519664086,22.205702399376612,54.01058432434467,1036.5520501742467
115,1779519664490,28.16180930114803,50.68465503892571,1034.7582013030174
41,1779519664020,20.07098979122571,62.851517173527284,1037.414636947501
221,1779519664148,24.162002522373225,52.03012887376714,1046.0500799754186
165,1779519664613,26.82463269961882,54.28114417056491,1040.7572093235835
92,1779519664116,23.124486913177986,53.62068295479589,1039.9795907111968
252,1779519664240,25.467086736664452,54.88055813690216,1005.5573820969328
194,1779519664647,26.45577408552964,55.15792034752838,1005.820629128561
20,1779519664396,21.34306876579102,56.17003368964143,1016.1685054481458
289,1779519664300,22.984586725559943,56.577042104472994,1040.453317313438
111,1779519664708,28.05961659648503,59.0507478902081,1006.1585788145558
99,1779519664457,21.858944760245734,62.06185630190036,1014.5261768188805
253,1779519664364,28.04003491999014,61.89210510394979,1036.2910049471284
118,1779519664897,24.654755661452963,60.57946451633983,1028.0965629671375
9,1779519664517,23.794226297040197,50.42269145686093,1043.967980287919
211,1779519664552,26.842711004142462,52.14396943614194,1008.5141450233502
189,1779519664992,28.63560875713391,50.03199551027478,1023.869666285778
35,1779519664582,24.778534261476466,64.69585035999837,1003.1905568733534
299,1779519664740,22.07087625104196,64.90918910770486,1031.4497706149848
130,1779519665021,29.09527739130867,62.044427159154,1001.4966844563537
44,1779519664677,23.675275116912694,66.64815627973957,1048.9192006029666
271,1779519664836,21.64619197980535,65.82370743082824,1025.4699512060283
130,1779519665208,23.02883840241186,63.7927388451224,1022.811644299502
65,1779519664771,22.188605224273545,56.61898211715518,1008.101370031744
244,1779519664865,29.146489621703864,67.13048987061659,1025.785181302033
200,1779519665241,28.22688476735685,59.9038179936753,1031.6846382132271
27,1779519664926,24.61730045120882,63.0385198062331,1040.0922805914063
263,1779519665053,24.382679899436283,61.869952446818814,1017.767096126021
104,1779519665270,22.047765493459195,54.17237893853014,1025.6538471609924
28,1779519665117,26.454640570884024,59.793433290187664,1014.7844516490588
208,1779519665083,21.75638173894142,55.09379153253186,1031.1866736298302
190,1779519665333,29.409419795275703,59.945893369995964,1037.474343593547
84,1779519665177,22.812666557956803,65.62793783970233,1041.9201104837127
231,1779519665146,28.16869397342439,54.72390266861255,1047.9132531690182
114,1779519665428,23.98776958732743,61.93886063796697,1023.7553296712259
78,1779519665301,28.798894166544137,61.64733864112406,1031.616612510284
275,1779519665366,27.7189861699037,50.298360296650024,1024.9796682624294
139,1779519665488,27.715761893135262,62.41815804985007,1006.9991218472069
24,1779519665394,20.810525793156696,56.2748150362482,1037.4869403191092
273,1779519665457,22.61878039541381,52.13508060915113,1001.622854084307
262,1779519665581,28.192771856164057,69.06865808535917,1026.7823637281326
34,1779519665616,27.926575836806464,61.787113730168905,1041.1224299579596
102,1779519665520,28.8312090665236,52.020085803383445,1031.0782683110913
256,1779519665648,22.809400465979472,60.88099499319023,1020.3718701942629
139,1779519665550,21.18317812431579,55.27471894624598,1030.6452607214574
31,1779519665739,29.709491432498144,68.72007146582769,1016.0797788361316
282,1779519665706,23.128973985135833,65.7827226986932,1001.3724481466478
155,1779519665676,27.688468976189846,60.006959607701944,1002.315609286509
100,1779519666268,20.073639150765032,63.251924629332066,1042.656678619915
194,1779519665861,20.992763465373365,60.22710151991445,1000.5391210621681
298,1779519665770,22.046912870936833,61.4481945643661,1040.8300723461891
17,1779519666364,25.570616014618953,62.32922193881185,1030.2646111154522
285,1779519666146,29.172467440049623,68.84420805596267,1033.6186708781433
114,1779519665893,26.210652428307043,69.2630427778956,1022.2644189395633
68,1779519666397,29.452238515689537,69.12037962308253,1020.4069776814216
263,1779519666207,28.365459611525623,53.34335411457006,1002.6799885178921
122,1779519666014,21.739025103913786,61.11283558915031,1019.5961364736703
84,1779519666423,21.67716777578434,62.118794316420235,1024.8286409879086
276,1779519666303,24.971002891936976,62.94354973925547,1043.8349247546894
101,1779519666178,22.700945820076313,64.46343578439479,1043.633088572276
52,1779519666549,29.607815129681956,54.71383898275101,1035.846147425336
133,1779519666237,29.681255788558694,65.01412858314448,1006.006700891521
295,1779519666486,24.527159951302263,56.12254329189223,1035.770554491702
36,1779519666609,20.397629990194456,61.699426750560235,1014.4188211815176
225,1779519666518,21.847689704654762,50.53758011257764,1037.7808433516739
135,1779519666454,20.494746465078666,68.09420741322057,1033.45574765232
17,1779519666796,28.47961838652911,68.24333625716022,1016.3041859230908
265,1779519666580,20.521065639847905,54.14521939108478,1013.5521737880707
135,1779519666734,24.857322013908533,65.80778663413352,1032.1883078342642
93,1779519666966,28.72978083226975,66.03216630386429,1007.4534673578436
115,1779519666827,23.0896589330311,66.39249672061734,1010.9057156323105
217,1779519666641,27.659814675662382,66.70183684164857,1021.5372421522551
96,1779519667124,23.902220088205357,56.113042073289854,1024.6260891774102
241,1779519666673,27.23596240153807,69.16509615001925,1037.0010042373754
154,1779519666864,24.712073211142695,65.64323976956409,1046.939004863912
98,1779519667187,26.51212267692361,60.38764667445611,1027.750901262079
299,1779519666906,20.914876598691404,64.4422910092416,1002.7100157934733
117,1779519667030,22.165291554668492,58.236698714049716,1017.1813364128667
94,1779519667343,28.289000662134335,57.705565783109414,1025.813367860518
229,1779519666935,22.20136434108368,67.18250308717597,1027.6805074176477
156,1779519667062,28.141685580755567,63.05802177479982,1014.6740570914603
4,1779519667466,25.205170383442784,68.83196058843534,1032.8482132948443
216,1779519666997,24.80297475784277,64.76140928424745,1043.786032609107
180,1779519667405,29.963490976599935,68.55488288144979,1005.6922228890854
49,1779519667557,29.37468122692421,59.57646122305128,1001.6695473853375
264,1779519667153,29.81840645274373,58.77953901699253,1022.1622520740898
106,1779519667495,23.883332865873413,63.93692387750889,1011.9167188051985
130,1779519667586,21.612174201571833,52.29372124892649,1024.1837949351118
236,1779519667222,26.492342854093405,57.708275314223,1024.7527219632225
250,1779519667377,23.16625064239091,62.7610556770503,1030.3138687268772
186,1779519667619,23.165076181374836,63.743087708137544,1040.9397139949026
71,1779519667919,26.550832996728655,66.62127388821936,1004.152728795444
232,1779519667434,23.56270797155313,54.45440251668523,1022.9808562051057
123,1779519667696,25.81179307308397,50.96693109416916,1025.53434611879
12,1779519668076,26.13983412582577,62.936014690734936,1010.6920398455262
175,1779519667789,23.424424100957808,69.67175633256416,1003.1515232031255
299,1779519667653,24.637994609005798,56.51857702462537,1042.317410664407
190,1779519667854,25.096686873201534,52.15688889873933,1027.3056919246435
249,1779519667724,22.113258060753132,62.94472092651667,1017.7793950449044
114,1779519667980,20.983345592692764,59.29576528686967,1004.4466869240829
232,1779519667758,25.093560489080875,65.50267611316431,1000.4404335042541
6,1779519668320,24.99744060375635,67.72424901726576,1013.4939636857489
195,1779519668136,25.922675144478617,60.09927915736582,1032.412516241215
217,1779519667886,25.456933810076283,63.36013945209713,1017.8836647273215
49,1779519668351,20.938751784933007,69.46199571093419,1008.3091451590257
156,1779519668169,27.204591067891318,56.304724879004205,1048.8327339656673
282,1779519668012,25.086470250055,57.59067326127657,1021.3147236829545
47,1779519668415,23.01573441275125,53.49327479136056,1040.9753301523592
280,1779519668105,22.12376460806011,51.500902936526444,1041.9453917015792
107,1779519668199,27.433487077407204,69.17691937173865,1032.4590357177037
1,1779519668602,23.006430029075695,50.20814336765563,1015.8883377181465
262,1779519668228,26.012964409559597,54.30907071366416,1021.4949264262833
199,1779519668384,24.986376976684532,53.73283813994214,1017.2002584210782
48,1779519668728,26.34063052349401,57.22940885162109,1032.8579689978346
157,1779519668573,20.323546460330327,55.63698005742701,1006.8380552322856
288,1779519668448,26.87356177164385,53.98563463011015,1004.687982793983
26,1779519668760,28.948131530587798,57.595158822334184,1049.5388225464255
220,1779519668477,29.854255714426873,54.779277866584295,1009.5924896695743
182,1779519668637,29.9691001019083,62.10764486246278,1027.7185396226478
26,1779519668826,28.962746617656784,52.38889472447467,1029.1036581963501
238,1779519668542,28.327645024915533,68.8914343784424,1049.049389525928
161,1779519668665,27.449696862662,52.85097268068986,1030.7957848102528
54,1779519668917,28.291625632212252,65.10739278649345,1003.0287178491202
122,1779519668698,21.520522301014022,55.47231884893072,1040.7341243027727
205,1779519668791,26.111903916459017,65.55214563903344,1005.8548264933431
51,1779519668951,23.825080840422615,50.095223292432415,1043.864377387794
157,1779519668853,21.96258446786891,61.035426033601894,1011.0867440261528
253,1779519668885,27.38433196576944,67.10366365620504,1044.8005196212353
100,1779519669057,24.730785389815473,53.27461125704361,1023.1390164034342
297,1779519669027,27.205700310205746,67.99419913771197,1031.0145661002186
169,1779519668982,29.842242322199205,58.82042455800146,1004.4069923121928
42,1779519669178,28.7145919664547,66.86855635548552,1007.8020455900004
110,1779519669087,22.901857609412794,57.32278503548623,1032.2412983527051
296,1779519669115,29.702038883685397,67.84355768613216,1043.564343827817
45,1779519669301,22.646864503444,66.93547972342114,1022.982530259576
220,1779519669212,22.683744719738584,61.6103367396318,1031.4050378286422
127,1779519669146,21.391847914202913,64.96406880930941,1001.8788153432677
99,1779519669367,29.512521266522988,64.89427329717132,1022.1091539228732
205,1779519669272,24.10171137264257,53.29718569548888,1049.2217064458653
190,1779519669239,26.70162061172622,55.534664833196985,1024.1499934641436
15,1779519669460,23.408134777928247,58.790630821595855,1017.3164627343447
293,1779519669333,26.031319159951323,62.930045464690615,1015.1912411353268
117,1779519669493,29.91371613226974,53.06225126454965,1000.0674393489261
97,1779519669775,23.691221778652583,64.13134528002439,1049.3935920028314
177,1779519669558,20.294090757751825,56.454466477827474,1001.4109241721545
225,1779519669398,28.972430274760406,58.79643314375817,1027.2829703807831
123,1779519669585,26.733670421850434,52.67585670060862,1012.3079219237658
266,1779519669526,22.04788913039048,68.20000301534209,1039.9596991465035
38,1779519670162,24.49555098630154,69.29131631615252,1001.6157648724051
280,1779519669647,22.669086667453026,60.51737274967794,1003.5541305545402
106,1779519669618,26.720366299842446,62.65078734608291,1035.662991991915
215,1779519669742,26.114990176246934,64.901556134598,1033.2221972741054
23,1779519670258,25.83194216155481,55.228530375184306,1029.8929365668823
117,1779519669803,29.382830783904843,58.9231302794051,1001.9959008255952
234,1779519669834,29.300502889516167,54.61136400675478,1012.6127229400197
153,1779519669867,25.05819551730675,53.76607714214125,1040.8790361612669
22,1779519670409,28.496288869089746,55.76642265017243,1047.2875541184458
106,1779519669963,23.357865537444663,68.38603765415411,1033.3385214323712
252,1779519670026,26.689020327913276,51.560432181014654,1012.3448945447342
65,1779519670442,22.579781357130464,52.95863742110568,1002.8676836742643
128,1779519670099,20.66562393139284,50.38404857295671,1019.535411580467
220,1779519670067,27.801845515127074,62.38848524943084,1039.7929523904263
162,1779519670192,21.996455443394986,55.573416709113594,1010.2995465072097
233,1779519670380,27.599085467974376,61.3229344453098,1014.7008087362839
25,1779519670723,26.03177790215081,57.800344608177014,1047.0710849050881
245,1779519670471,28.78621711235077,64.9290839252182,1035.330118453879
160,1779519670286,27.04031271743521,67.58283624375656,1045.9936878439592
74,1779519670816,24.848306110566927,66.71873262994418,1027.9766693675776
139,1779519670507,27.222321951644417,57.21742403021979,1025.2812796878202
232,1779519670536,25.193241723636724,59.60168445180443,1028.9916592200323
39,1779519670879,20.068693592967534,56.4637073770823,1043.8880536744416
269,1779519670568,27.073861721397545,56.270078448218946,1020.760410534496
132,1779519670597,26.003297107095904,54.661999381569004,1034.5635246366705
99,1779519670910,20.172913604617992,53.77752380017335,1004.8102865603074
237,1779519670628,23.572836880108536,50.75465560546002,1000.3056252293567
111,1779519670659,27.704262730495135,63.25488801765131,1042.205109990731
66,1779519670973,25.280185942146463,65.87035841396506,1024.778646044951
182,1779519670753,28.91368332622831,60.60858547570758,1009.8628537179065
281,1779519670784,29.900085774838296,63.83164150016498,1037.4017736497585
67,1779519671006,20.75175262890489,50.804661861982495,1009.3364741943842
231,1779519670942,21.580058301031244,69.23199731018951,1023.2512987656032
151,1779519670847,26.277947774209487,66.44163415260012,1009.4771317718287
48,1779519671067,28.582107514633215,61.15927230836181,1005.2929684862339
250,1779519671036,26.48096997882311,62.138262272567125,1039.9838162489154
143,1779519671098,28.903434230228598,55.81179742123827,1006.6057250783214
52,1779519671161,24.151263778123433,61.45026017723486,1019.9931196438397
269,1779519671129,28.481994673941838,50.538284054913504,1040.7065073089432
176,1779519671192,27.01806204949575,62.23814771555536,1040.958157199586
37,1779519671286,28.784298543429166,62.38542864241239,1016.1360349763049
222,1779519671348,26.383014359998775,61.27078234081387,1013.8191305039718
140,1779519671222,28.31566514283783,59.112444577148935,1014.2026795702276
87,1779519671440,27.525307545126786,66.25946917485132,1006.0319848259786
253,1779519671380,23.76179888094277,60.56620120229607,1024.4007152822273
126,1779519671254,20.96711722519812,60.57284311654404,1030.014894862163
70,1779519671473,20.04023127506898,67.79172831214586,1001.2493216546575
134,1779519671407,28.132674190365314,63.61158777067559,1028.7880453914302
283,1779519671534,27.6963811760052,65.9987677311143,1000.2816542210132
48,1779519671661,27.930550169133344,65.58778720687923,1029.8505291614215
227,1779519671567,26.618726925508792,63.530630250630125,1045.918584840094
112,1779519671504,26.145262989944033,56.5954767794552,1042.9330482599873
98,1779519671801,23.55468849641159,61.86308607869524,1026.6550220610145
219,1779519671725,21.76360007111913,58.92410214847088,1047.9360778430837
66,1779519671864,23.856841574662816,62.89027593511152,1020.0010098914285
188,1779519671597,24.74187909914732,51.307328657877896,1027.9095455340503
188,1779519671693,24.588616939828512,66.36518328125564,1049.7933128607233
288,1779519671759,22.936810824835202,61.276746997642945,1011.4663985472072
86,1779519672283,29.351674939466363,50.30076462897297,1049.2404547360302
275,1779519671830,20.23393497600904,66.18109351926842,1048.0343396100975
125,1779519671895,22.308217449529014,67.63118759173946,1007.404303834573
85,1779519672312,25.24860894417972,51.28826586307443,1033.5996817744126
240,1779519671924,21.362967949672036,60.99719786137811,1009.7596897855248
158,1779519671955,26.860839049907266,69.54213801811059,1015.2039364355203
15,1779519672496,20.276792363477597,68.21544957808416,1017.586720265326
273,1779519672033,20.113601510473064,57.92980419164614,1041.2054199103661
149,1779519672065,25.258617886438053,57.957020997654965,1048.2956831519093
51,1779519672526,25.085072786951343,69.59303918835545,1004.3568753140199
199,1779519672217,28.786548066716588,55.91404003704237,1020.6058042437734
265,1779519672158,23.742844866397096,65.53897028909168,1043.9540081946118
32,1779519672591,26.601907611107343,58.77398299420225,1005.1125906263136
138,1779519672343,22.480278674353073,57.070708353066976,1049.9649836429628
242,1779519672249,22.97721377468427,56.1281758273423,1036.2291487781235
105,1779519672374,24.2318802591183,52.55476060440891,1038.486216398683
272,1779519672405,29.216510157871394,52.24015107418707,1017.7432844123115
70,1779519672936,29.453727414093215,54.886381606010765,1042.1866257216627
297,1779519672464,21.67358198834193,66.29233252784528,1033.1019863768329
148,1779519672556,26.838898933668062,62.72787411397526,1003.0059163998322
91,1779519672967,23.67111143897086,53.63627072152335,1010.5449864055872
222,1779519672682,28.09023186294459,67.08590588176742,1041.3395665208182
134,1779519672622,23.807614923496764,68.13696859735059,1027.114705258333
95,1779519672997,27.123241259193502,61.60411446717177,1012.9559692825316
228,1779519672747,27.712375225334124,61.07606447561359,1045.4938070390474
141,1779519672714,26.633944678127556,53.43605501367795,1002.9698012372396
24,1779519673061,20.00571959012433,61.88710017896027,1017.7126228120851
278,1779519672845,24.975225078634992,58.331540296331866,1030.240857501722
112,1779519672811,28.641160172427835,66.25231501927684,1007.3113770483352
49,1779519673155,24.10056179032837,66.96407065798991,1025.35204592677
246,1779519673028,22.475103849266695,64.61075830331126,1037.4795380637545
180,1779519672907,25.511071454421845,55.24862709455916,1035.820832273893
76,1779519673187,24.24934043211916,58.289167059034185,1036.213005893726
220,1779519673092,20.184053653300214,57.37792104643384,1005.1859478362633
111,1779519673218,25.7317889975127,58.85395024089411,1000.502171687795
11,1779519673281,28.904834018593846,69.23684582335295,1021.1777904875177
255,1779519673125,29.447148605739507,62.05599609005633,1001.6985013155147
181,1779519673253,24.323203405575466,52.17017053520267,1017.8903898469736
48,1779519673315,21.534006050544846,58.30596381841894,1045.9618567260395
266,1779519673351,22.89740614499448,62.97791010803054,1022.677865783881
111,1779519673580,25.780331918041465,64.57472791877855,1041.0044897880848
7,1779519673392,28.67027179067209,64.39856541042252,1003.4535172845069
298,1779519673420,26.486043569456513,62.13701511948035,1009.8771557044275
159,1779519673612,21.13652422565889,57.19441263982536,1049.9344104335478
4,1779519673484,20.768704701030163,67.62847742121986,1025.380684661702
153,1779519673846,25.077497584851635,53.681797998356316,1009.4716085869113
213,1779519673454,20.87021365091362,52.656814050936596,1048.9814451819593
53,1779519673767,28.777004653505195,65.33721096348702,1040.5661066878677
287,1779519673648,27.290297562467664,65.07506039972354,1025.4070686597743
103,1779519673877,25.263063009008455,60.939150274945824,1016.1310912822566
52,1779519673969,29.09948514887988,53.94073302067122,1028.1585546888182
139,1779519673908,23.352047016337096,54.644782716823585,1013.3226666241153
221,1779519673692,26.969906717865193,50.481664439675235,1017.7414094880658
43,1779519674062,28.960507807968433,60.12394260765379,1014.7029431352223
287,1779519673801,20.61733650126107,54.44488865888944,1017.1724518053526
117,1779519674003,21.55129001155299,61.65367697867046,1026.4722575394792
58,1779519674092,23.59215063413955,67.63737236344134,1006.8113299529175
119,1779519674030,24.370367881227082,51.1248424063698,1036.7367733065748
281,1779519673940,23.859679939944108,61.90938378268414,1003.515480049167
3,1779519674127,27.844687850718373,65.84119796304316,1048.0301277013332
293,1779519674270,27.853394712795513,61.18492920284587,1028.4567277180627
185,1779519674160,24.436979443373232,67.87409441551932,1013.4106924385161
48,1779519674205,22.305303771591,69.02733961887333,1013.9669315465829
228,1779519674331,20.802142949544418,62.87049799763979,1040.855410442091
197,1779519674239,22.97018620320032,58.6200967895503,1026.4530055349467
78,1779519674298,28.753946483730836,69.9345425258389,1013.020770926377
146,1779519674361,25.815411321405357,69.1655571297924,1024.9016035279667
223,1779519674785,24.858392410906628,67.50627936685079,1047.6174084610686
6,1779519674395,23.417247278665474,60.50835394109687,1006.1689340058978
181,1779519674430,20.685899009667335,56.17463222221132,1000.4372102581405
213,1779519674846,21.701561701868663,58.11432633532696,1028.9824807110308
55,1779519674502,24.03124030144067,55.68159632645958,1042.9694301356192
108,1779519674473,24.599653484249334,55.4360437422228,1036.6157739979449
240,1779519674939,20.162156422785802,56.92622994245852,1039.3007869366952
80,1779519674532,29.446000920205854,55.05749622002982,1005.9507619109344
108,1779519674569,27.92977090583716,63.56119621283993,1034.7828077252332
289,1779519674970,29.784902591421726,53.94771033080179,1015.8935015551995
54,1779519674597,27.956527129507442,62.37448054615885,1019.9784032713363
196,1779519674693,21.283101323611167,53.65664857919468,1011.369621258293
264,1779519675005,28.9279376774602,52.222291105042565,1001.0993974697593
56,1779519674723,20.439475842745775,53.546204865856566,1012.8209052512736
197,1779519674813,26.636263254013148,64.51028516587613,1034.0716530850668
29,1779519674877,21.07493393096886,55.943042049997715,1004.4672434425586
259,1779519675128,22.635876385429302,57.04801996386711,1001.1488855588756
100,1779519674907,28.260470792385995,65.47081424087793,1049.1765212308028
168,1779519675098,28.374743498262163,57.17078780787701,1034.9631581671827
209,1779519675159,22.126375219228414,69.31618784045125,1043.6167151746295
100,1779519675032,29.93264615945964,58.35823543958921,1003.7787542954864
190,1779519675222,26.348328445132804,62.377837199935,1029.9472260433429
241,1779519675284,23.553420349419703,54.041006859261685,1034.5488753078491
134,1779519675314,25.935076643424786,57.53165381502775,1003.776320506405
17,1779519675190,23.026604736769126,61.65188120288571,1023.952575384976
235,1779519675407,26.849070971425697,52.28500895704857,1034.9433663643654
65,1779519675252,27.842364400810425,57.29284526421428,1038.2844777717098
179,1779519675345,29.923260887101527,67.49356774726897,1012.2613420966026
264,1779519675502,29.95629668306665,50.6022317887015,1018.509264061525
34,1779519675580,25.79616613651158,56.32533671765438,1002.7194794758194
154,1779519675374,23.738294029666807,66.02794427022182,1007.6688858295641
268,1779519675701,26.49724516980195,57.2819721777837,1034.9172819114187
182,1779519675637,21.858563986576264,66.4658173642636,1047.617723418577
12,1779519675794,29.360890725543754,55.48007712430913,1030.1836237853042
213,1779519675733,22.922309011692214,66.76908711982624,1002.1128156086712
51,1779519675825,24.346139854629413,53.41303664226789,1002.8964465718784
118,1779519675669,24.808068507718986,62.25192964884447,1045.2064756716318
264,1779519675765,28.164403811242536,55.01385785808554,1001.6769654655335
170,1779519675857,21.537929366573476,62.09252730696187,1049.8951122126691
44,1779519675888,20.96176497158873,67.42282866802735,1030.2064895594478
265,1779519676017,21.1995021646263,56.10743997921102,1010.7952242099666
61,1779519675984,24.1557999248558,68.85412122839182,1004.8449612901114
118,1779519675920,20.469604461608732,67.40349946154737,1044.7493061961075
275,1779519676119,23.525922076754483,58.39144769830087,1042.6144245635437
37,1779519676061,21.33686159323432,51.33676796309274,1042.6760802984043
116,1779519675951,20.929409452077316,62.25368944676356,1038.2602527429642
287,1779519676233,22.846829735867654,50.959687792304706,1041.1572252034614
114,1779519676089,23.933780865086984,60.392438040892564,1026.9512022872705
22,1779519676152,26.504043882283188,59.82177813903469,1032.5272528478265
275,1779519676260,23.87122226603333,53.43141674901827,1038.57304108469
4,1779519676338,27.777669092148315,62.07561611288692,1035.5376450763488
250,1779519676372,29.37002530149106,59.099223119469315,1028.6968293633745
187,1779519676193,20.415733061675443,65.30904759998211,1042.3321952568865
257,1779519676434,24.592125377306587,58.52803419598907,1014.8609136860027
115,1779519676296,28.05905353645386,64.00984658236804,1017.8949986846976
77,1779519676403,21.475142634524342,59.67903290793156,1006.1851833536226
221,1779519676744,22.293398578779698,50.00975223233341,1032.3650008395894
13,1779519676463,23.255371485861982,63.795025474725726,1029.7378021977886
140,1779519676556,29.59247536311429,63.44640858046192,1018.7674908592885
247,1779519677019,21.306057698944564,67.02766842734995,1023.6104584288922
76,1779519676497,27.914802284282104,51.84878474893871,1020.1974414504475
105,1779519676621,20.170551343109697,53.229604636206595,1033.1405457348396
236,1779519677106,26.559811607864816,63.453026736667184,1045.9076150237295
7,1779519676650,23.336835063100835,61.44016313039707,1046.5437288288747
161,1779519676682,23.10426816207956,59.86139070413348,1012.2700224928915
243,1779519677149,21.693821262603976,64.9441741061783,1047.0522508122874
54,1779519676837,27.270768479763134,56.55269273502374,1038.3322723873807
110,1779519676776,20.731162534032947,55.632963997828114,1017.5330810023206
278,1779519677181,22.677266361906213,69.95467621434403,1011.0855585512992
4,1779519676868,26.95974693025688,58.52382608608817,1045.655129864292
122,1779519676934,26.513173772144707,53.953884096028645,1009.1735508886826
203,1779519677338,28.189047631532183,65.90636192979397,1005.8445421780458
6,1779519676975,20.3886963416521,55.28476474426404,1034.4338317403658
147,1779519677060,21.44260889400786,62.176525064766814,1015.6464255473486
280,1779519677477,23.638068451864395,53.13738995426693,1029.3755474480731
71,1779519677215,25.25763201009996,56.25184262913032,1038.487260512655
179,1779519677272,28.1123040458509,68.85486281319781,1025.2445225965978
233,1779519677510,24.014220525367985,69.99006967152573,1025.953098835648
49,1779519677243,21.686003477603002,65.08309165623822,1000.5767459507247
198,1779519677371,26.314048731184823,67.52714688846709,1044.449099359197
267,1779519677633,20.96065047840032,52.5776126268226,1029.4975168411438
6,1779519677308,27.765326419731785,53.42070289809365,1004.5565715650135
105,1779519677542,21.258612386146496,64.26100704056282,1028.2677585881656
226,1779519677696,26.288205833228943,63.188318093204195,1009.3737092948618
11,1779519677414,20.906899774924284,60.97281841970056,1015.5926961009164
199,1779519677665,26.073928680575005,65.78964323884296,1009.0544105550711
71,1779519677571,28.930045938923925,66.69871762125295,1031.5446587851209
242,1779519678070,23.344512795842686,57.21247692679304,1027.6712243737325
137,1779519677789,26.560843309378296,53.86361700753878,1015.8001336699072
8,1779519677726,24.22109146580259,61.576726064650934,1002.6826231172876
207,1779519678102,21.420806644467017,55.658442171020134,1013.0203095152591
164,1779519677850,22.245003633551324,55.55732031068302,1031.9288705968427
39,1779519677758,26.59512602510408,61.71061453810442,1035.6523604447586
169,1779519677914,24.48188098414617,67.91753754803935,1032.5169682638598
60,1779519677883,20.944669140851303,67.08646549775034,1019.577360099673
170,1779519678165,20.173561519258794,67.23398870334934,1019.1136671497893
298,1779519678428,27.667060435987363,50.91466739365064,1007.2680169265449
33,1779519677979,24.73796288019739,52.47859164544942,1007.3548640131447
175,1779519678208,27.1757888119723,59.70562352883924,1022.6521809679398
268,1779519678585,28.51882632978114,60.73825574427284,1005.3737230578699
74,1779519678132,20.416058619589727,65.21659907027257,1002.4967240797731
144,1779519678241,22.648834448737645,61.071940604230555,1026.440318929957
289,1779519678677,22.22959336470458,64.24496120476866,1025.6754501048176
12,1779519678304,25.563609502614764,64.56473052603053,1040.8745696529902
188,1779519678270,23.856611442063265,52.445410705664855,1043.1898156304892
81,1779519678334,22.954389287245107,57.1704364836859,1035.844181454638
187,1779519678397,28.422341708650393,69.97786171856792,1020.1319956818126
68,1779519678526,25.585024609950594,62.39893563970913,1024.1154348455648
179,1779519678458,28.284974414830046,56.687912422404075,1028.2860928210496
238,1779519678977,29.98788948712554,50.24172706575573,1026.3424408279136
59,1779519678792,25.385723305797278,62.09529345206141,1037.2043035221404
108,1779519678555,22.831051392848913,61.59506976677432,1048.593433501542
292,1779519679117,27.613959442332693,67.95563425584454,1000.4489608221988
81,1779519678869,20.73091603813134,54.94693221758712,1029.4173813920092
183,1779519678649,20.090376947799832,58.29350888205846,1014.2855056994426
263,1779519679241,21.90924897762928,59.93767230110798,1007.4112510076199
12,1779519679209,28.606967287307278,62.18880560041761,1000.8007037602054
185,1779519678759,25.18760564836514,67.67625107680965,1046.9292443369557
285,1779519679273,26.815126682175563,65.60918675635043,1034.6573968893201
29,1779519679335,26.57383283238766,50.00117772851822,1013.1801034751214
160,1779519678910,20.84586397238228,55.34831665232464,1043.1043296001046
249,1779519679369,28.258891289264994,50.799166221414396,1000.7281442652339
11,1779519679431,20.0242878704645,60.29209658788858,1046.0653229465279
173,1779519679010,29.060368312625627,65.53273334765011,1013.2475953993029
262,1779519679396,29.492814171234055,55.70756647823491,1042.8169106553319
73,1779519679525,21.46077228620652,62.11677101176563,1040.624120805425
128,1779519679085,23.834522694823335,59.69827319463339,1018.2685641813704
266,1779519679462,29.395606997585112,51.478203512119634,1040.4934344219052
43,1779519679664,28.888117742006305,68.15609124742798,1015.4442350783577
173,1779519679179,21.290233613108775,64.52919813080203,1032.8549448832575
249,1779519679493,27.376839770915602,59.96594325029171,1048.6020249274359
33,1779519679743,29.496796315902966,61.69049697411058,1017.9314513501432
108,1779519679304,22.901729750334773,69.40693438640355,1022.8309637859991
27,1779519679771,25.70976092931631,65.7426493786436,1042.8949743388737
154,1779519679558,23.764402510506343,52.97843012570608,1003.2027676990483
212,1779519679992,26.589638130018734,65.50155298875751,1029.749737192367
77,1779519679805,24.710359115033604,54.67205717163872,1000.934274089688
164,1779519679604,23.451001368358448,68.04520740077163,1000.9710331545747
222,1779519680022,24.682496822334066,57.1728486240042,1005.351901963915
83,1779519679917,25.826524191760093,63.382768905470144,1010.3958412216118
187,1779519679632,23.917088778403333,57.651749925777565,1024.883550431816
32,1779519679963,29.56666153118082,50.23874200425396,1011.2779728172493
178,1779519679838,26.726433198562255,55.56314238406547,1014.261191558279
213,1779519680290,29.07829324575766,55.63736598955239,1014.5419673705388
38,1779519680121,23.5639430351686,56.85359595956108,1019.8787000039991
114,1779519679883,26.27231284233023,64.18378579030943,1000.5222461475624
233,1779519680381,22.48671816710974,67.3201370541198,1016.8569270895542
57,1779519680194,25.534745536782467,65.04729856266101,1045.8933058564976
158,1779519680056,27.542846504101444,67.08020303534266,1048.55391374535
234,1779519680415,20.697937771674436,57.13220764802031,1003.8051610624105
10,1779519680226,28.492543220940085,64.6566007736283,1018.2834074714992
176,1779519680086,29.281201428624144,53.21721436168992,1004.1807072615754
280,1779519680538,25.508358048797366,53.07540260921675,1029.0024643537172
48,1779519680322,22.483147277051103,68.47452899216836,1005.7584155768777
200,1779519680163,21.654271270725772,67.6722927739573,1027.7940920255346
247,1779519680662,29.64372919178671,56.88319182417438,1007.7546235584986
28,1779519680353,22.952495923836327,61.393445141278924,1048.9071747463643
190,1779519680507,22.10013181095651,63.78536346098699,1015.7853470159494
229,1779519680691,26.978374540510828,61.23095018742535,1039.8135369747451
23,1779519680446,22.536687990257477,62.67194359162764,1009.8971779876019
154,1779519680600,21.254544147954118,66.34953196849992,1008.6611759801035
282,1779519680756,29.532815176280238,66.16768243323597,1032.3943738452422
42,1779519680476,22.05097536530844,55.641547582683536,1008.8163670363971
180,1779519680628,22.381828063836448,67.93191250653003,1004.0526473992429
222,1779519681003,27.43014345446324,62.442180068447435,1001.189744677631
67,1779519680726,22.945771484857307,68.81379460334648,1006.073597353793
176,1779519680786,24.16691964002117,68.92670280211195,1033.9886184578304
275,1779519681191,24.4241588665518,64.72102425014275,1006.4530874503296
39,1779519680876,22.286473763970204,61.698768533840045,1008.4276741196132
139,1779519680817,26.07830079133973,52.66075628604614,1029.661800852985
292,1779519681222,29.669941548712405,65.44383761078925,1042.8100653992656
29,1779519680944,27.324883117213943,52.1591620546266,1015.1119274464158
167,1779519680849,26.2843892782414,62.33350876919214,1027.1547256850774
265,1779519681284,25.512889057822584,55.55841399068261,1045.498419136522
71,1779519681035,27.772662398992146,65.2918369757047,1009.9904540282538
148,1779519680974,28.439159307968062,65.63279447930427,1028.8863970041207
236,1779519681347,24.82444853275396,67.64672075017914,1048.5690736432434
96,1779519681535,24.422153879760558,58.76858528748225,1001.1206190908042
195,1779519681067,28.29394837567532,57.44104128841711,1009.3991100788096
292,1779519681379,29.572515784596266,62.89457490490189,1029.0691868017043
134,1779519681163,25.71121879516155,63.59501491776173,1004.1508949530268
19,1779519681771,27.967381729585036,57.21551459431757,1003.6472449705977
203,1779519681505,28.312300315981766,62.63812653299263,1010.9549393582082
133,1779519681253,21.618020416144383,57.00262006818953,1013.8681897239974
89,1779519681817,27.99649906902393,67.83993199096756,1037.9362612982873
250,1779519681631,26.293474420731208,60.07453454860647,1021.9434553614004
168,1779519681409,20.99520115714907,62.223921639095515,1019.8464661427158
214,1779519681664,29.521491433190494,60.20219265612825,1015.1132749418442
18,1779519682022,24.14588373139143,60.20755294260708,1009.3403417209311
201,1779519681897,25.365473661545288,56.387384139016554,1019.2761824616787
140,1779519681471,26.639542978718453,57.360944806314514,1045.510586135953
78,1779519682053,21.978275358211143,55.40183021307887,1002.7261786482561
242,1779519681928,28.225041727625182,64.7373563834422,1041.0876602515405
167,1779519681597,27.82038243430327,67.96374315538714,1037.5369053322415
23,1779519682181,25.172098263586154,57.491382737865905,1016.4043115296859
127,1779519681855,26.352158080985497,65.64658663740704,1027.9775464592321
205,1779519682114,22.513492795803973,67.53063656962094,1023.1081579771031
26,1779519682255,25.935943559826534,59.83545564610427,1043.3947877690014
132,1779519681959,22.866679488570803,65.29129254758477,1035.6370586115866
237,1779519682351,24.78676062631019,55.38597731398015,1047.3462724997207
35,1779519682319,26.55073906250791,51.49665967200952,1011.4401638477768
267,1779519682380,29.1684200861425,51.33470809543905,1025.8417815412117
127,1779519681991,27.678240707825566,59.950871146541445,1028.1381756589722
38,1779519682474,22.993833486437723,64.11677038140975,1041.5545106585032
197,1779519682147,21.509113953553182,67.83848206590889,1021.7850316414215
201,1779519682412,20.062333765410642,60.25596422577435,1021.7074903825293
268,1779519682505,24.151580409165796,54.7602120002023,1023.9864131667348
174,1779519682227,23.04541203041402,59.668382548807045,1010.2831731355868
46,1779519682784,24.437426945637043,51.875898383557335,1037.1649285706114
219,1779519682536,21.21816343659051,60.45770513087785,1019.1972525935857
142,1779519682442,20.223658628193466,67.03261116441693,1032.437253067369
32,1779519682815,29.433789422276128,63.59942406792844,1004.607743138153
266,1779519682598,20.272264558978385,57.65489487759539,1008.3710204920059
156,1779519682564,29.527989550792018,54.05904314296174,1004.888288976093
35,1779519683003,25.671946785864428,69.37859747670589,1034.8526744553435
222,1779519682630,29.074479175472014,69.3730029258545,1002.7722727870898
171,1779519682660,23.161367560875576,66.35776908410719,1045.7579138320023
85,1779519683115,26.554333278002364,66.16524020435087,1015.8597998111036
158,1779519682692,29.636651959947272,62.92199577839401,1043.0021907743428
245,1779519682723,23.154956868181124,56.47480047374749,1030.8038639165998
90,1779519683159,22.542779898697635,50.834013027554974,1044.2493020902157
201,1779519682939,27.91844397274069,54.81944892112469,1045.5025553109358
186,1779519682753,21.05125611446252,57.441774710904085,1029.3808980551864
7,1779519683192,20.11247102120011,53.60603783677778,1009.5745776064747
240,1779519683254,28.370138708445246,67.55726169489925,1016.5111136797664
116,1779519682878,26.03226620572742,69.66469054607947,1010.2093732888711
53,1779519683348,20.570729228072206,66.35327564456244,1024.7319006400285
232,1779519683316,29.5764819321237,57.831704847961085,1011.98519120118
133,1779519682971,20.464605778730483,57.626682733541266,1018.8533750685011
66,1779519683377,24.758421906989433,69.69538361718358,1038.3638485849842
210,1779519683495,23.332938468611136,65.37646763725749,1010.6869122606429
132,1779519683224,24.04028293711063,61.403993641289915,1014.5644840712284
89,1779519683679,27.54280762949571,64.28768912181832,1049.8448438396583
101,1779519683282,25.552430911808145,59.76203188699201,1004.6608011425885
235,1779519683586,20.86085269422034,66.63679636799725,1001.8109614806256
8,1779519683744,28.940518108026595,57.1209895591501,1049.111648940879
186,1779519683413,26.425842947375884,59.549392860223804,1006.9680169316262
299,1779519683616,22.66245446508782,61.681391085122414,1049.95815228357
14,1779519683850,29.11071090372345,54.37517300375762,1038.0070527796204
160,1779519683461,20.180121916454716,57.24950552528843,1044.3029971652004
239,1779519683646,23.636187337156564,58.692085342152595,1038.3240498304378
29,1779519683878,26.634246290065043,57.18989906200403,1044.8147413385107
188,1779519683542,25.33581804686275,55.21310752837402,1019.7213320692899
281,1779519683913,24.7636804819738,66.40662272735085,1005.5371684164694
50,1779519683948,24.104665807710365,51.58332462252922,1044.7572895396727
297,1779519683975,24.157719774749115,59.11104698746416,1010.4004339928534
125,1779519683710,27.62854415578567,60.76705167824904,1032.6504239003114
79,1779519684006,27.841383277349358,53.94817090166802,1031.1542318323013
295,1779519684100,20.790898170045033,63.033164094092825,1037.1734256675577
117,1779519683785,25.31935373362131,52.74485732843024,1021.8947551431744
13,1779519684072,22.28052369266755,52.66004212276015,1024.693612626092
285,1779519684136,22.469133476916767,52.969447707995215,1044.3519445450293
154,1779519684036,25.36608549838811,66.2524859610156,1032.17418029426
72,1779519684163,23.156237534166813,62.492145088397464,1025.925621500906
207,1779519684228,22.21307678320699,69.66303732645049,1049.0959321329397
106,1779519684260,21.66400092905136,58.63988291843132,1034.485778876814
11,1779519684200,28.435196141415048,59.87039551819008,1006.9766524832996
289,1779519684319,25.80943901145892,62.804058423320534,1035.4821737189568
171,1779519684383,26.353662223115304,63.47451142970278,1033.1821644322429
36,1779519684290,26.599761636293586,51.344445147291744,1025.947463639835
156,1779519684415,26.95867920262797,51.8432996652768,1017.7005580268587
266,1779519684355,25.3467388026526,68.53575458297121,1047.891695453144
20,1779519684576,20.56297471866326,58.7124453066409,1008.8967000470803
256,1779519684479,20.177630112012732,68.25150771234553,1007.4593342182021
183,1779519684446,24.854940448897768,63.56912811175729,1045.450542238422
16,1779519684635,21.200179771574938,58.35786810348637,1008.0406484726934
215,1779519684509,24.556418848049713,55.50971918971639,1007.9848018534632
104,1779519684543,28.036735565703545,58.47781160877725,1033.0109632456633
93,1779519684919,28.551550455504746,62.50046295071713,1011.8456334067223
195,1779519684604,29.497806917120318,57.89233099234052,1044.2464504126858
287,1779519684764,27.843165110877855,54.31954732422517,1035.888025201547
41,1779519684948,24.316561279439973,61.583484886456716,1025.2774932553389
183,1779519684667,24.598585374080095,69.85886886764067,1024.954370475608
245,1779519684823,28.656174602744482,56.085007254494485,1006.8649573073649
23,1779519685015,29.711273148320064,63.03684833894007,1024.1856877248529
142,1779519684730,29.139715464370134,55.02157309311017,1006.0085740305905
263,1779519684853,25.864628174115715,50.77220878517805,1000.9120789037445
99,1779519685058,21.78296120783995,61.910522545785206,1024.6914074953509
143,1779519684981,24.07590519781707,60.63290056769176,1048.8349889662493
204,1779519684886,21.36550713044592,59.247324507883704,1043.329243809476
51,1779519685250,29.716743188498913,51.874687269319494,1011.5237159128362
256,1779519685185,28.460350824937173,62.71422865019713,1025.340858673509
175,1779519685093,29.13138472803142,59.50782714672958,1017.5235879586027
78,1779519685372,21.183617261700135,56.60253497763467,1042.604984125962
281,1779519685213,21.360996805451464,61.36673658151657,1002.8303162317568
126,1779519685120,29.300203897205314,67.77413514444453,1016.8383132938151
97,1779519685499,23.447286658382435,52.803043844472896,1047.088849088238
129,1779519685280,23.83529420559496,65.40683362041041,1015.4710880692733
246,1779519685310,20.054067831572638,66.5989235985012,1013.7122067274086
34,1779519685560,27.308368454275698,56.07712754215577,1008.0805066330155
289,1779519685400,26.298323900946883,62.03497853718843,1049.5476852065674
119,1779519685339,22.404543926795323,57.43762745048817,1004.1676907564525
53,1779519685590,24.289428721862496,67.6672655603534,1034.7203011579043
187,1779519685858,26.030204420485408,67.0852197723628,1019.9429325638964
244,1779519685435,27.07086022189278,60.09727923037843,1000.9317257962712
97,1779519685620,28.23181714379445,60.11717122900496,1039.4168808043196
115,1779519685916,21.243453808236193,52.952609070495186,1039.1683126839403
269,1779519685526,23.154375594713937,59.02231963992088,1020.1212939286308
18,1779519685656,27.78986916063776,63.591814704783864,1040.2783448474142
245,1779519685715,27.131127726604067,53.62214333347862,1046.2009474487718
153,1779519685948,28.105128574600116,60.28378095121364,1035.749214128495
51,1779519685684,24.91823719670256,69.5382168050387,1033.2562049484395
293,1779519685779,26.352364234266357,60.53138263814843,1002.906584534413
114,1779519685978,20.87084814966843,65.87799824397331,1019.8703786601528
12,1779519685813,21.911361854188698,64.36544964502781,1039.681222818645
286,1779519686072,23.96759258670522,54.866993936671655,1025.0118331891179
146,1779519686041,28.11729378160804,54.954831786999996,1001.2844389743635
29,1779519685887,22.121993155727612,64.8518040519278,1012.7974858825672
144,1779519686167,26.311252641996255,54.3777822623498,1039.9952278282128
294,1779519686134,29.39079664483613,65.10133679659407,1021.3157550880672
5,1779519686011,22.79880921997525,63.20002399044681,1044.6266263538018
121,1779519686294,29.96950157102365,55.792580243265775,1024.7295650354727
299,1779519686461,20.84149402999389,53.719263671579135,1039.7318421576224
49,1779519686104,29.907415193072385,67.84271934234764,1042.56335698006
247,1779519686614,22.6340679907961,55.51751489298208,1029.3078524526754
184,1779519686355,27.804796191818664,54.71794575420441,1011.8894359780645
3,1779519686197,27.859322286689263,69.48129649855508,1020.3332717388543
160,1779519686430,28.848608311474106,65.44589406780787,1006.444919451227
248,1779519686770,22.874088461109512,63.41661269490887,1031.9552238075025
45,1779519686325,28.53082320924473,61.84266130953708,1045.541101776962
199,1779519686520,26.181433544419868,58.770293035477806,1006.7842993890953
237,1779519686803,20.732686647428455,63.81257652646034,1020.0874415266617
3,1779519686492,26.310858323141616,58.754900197414074,1014.6043694006548
265,1779519686863,29.71213269012641,57.78122995619219,1049.3341896039926
154,1779519686585,27.183167483434897,58.4399019050957,1042.3956605672001
3,1779519686552,26.348007668605035,51.68002594994216,1043.4846799462905
125,1779519686647,24.510833193096282,69.71374551796788,1010.8873318252987
296,1779519686895,28.032241964913368,69.43545177832623,1032.9909628911626
93,1779519686679,27.462988171134185,69.23455694099437,1018.0460453471862
260,1779519686956,21.083013916871003,68.28959407600401,1031.7969745046294
193,1779519686738,22.524306024605345,65.24318136543384,1047.1412674621465
67,1779519686830,21.636442820330743,63.147159644518965,1022.2296224172608
195,1779519687021,20.225126940925456,51.934671061055354,1007.8004762227459
300,1779519686987,26.73848703628791,60.70152613151628,1008.570427620639
26,1779519686924,27.813420127545356,56.57338253675243,1021.0749521009369
197,1779519687083,21.88595175883196,50.70611679075677,1013.1733855958267
229,1779519687051,28.8551484391956,66.18849164266621,1017.9371484248177
31,1779519687366,20.243905881305604,62.58764965794015,1021.192117737777
102,1779519687113,27.069858297538826,50.85688337335885,1018.5858790894512
277,1779519687144,26.558766696615237,63.0023874613307,1048.001180177293
84,1779519687548,26.757069777204403,55.63661713650922,1039.948530820153
133,1779519687205,26.97100953226868,51.67764757858492,1049.6206413608368
211,1779519687175,25.546339178356774,60.35078598367496,1038.250019768555
50,1779519687688,28.66337169081951,66.50190371407699,1025.7862125083254
200,1779519687237,26.001045917007392,65.67103135910794,1037.459322885292
293,1779519687300,20.514135265185878,67.92724775335512,1038.0105239628056
137,1779519687453,28.06040727190287,68.25098223674391,1019.599231522009
246,1779519687413,23.51679272751909,59.925622480636136,1036.2385204079671
186,1779519687484,28.111792792461934,69.57281837005097,1028.4247535873874
213,1779519687719,21.787011423051634,54.06705248126812,1006.3866436650387
22,1779519688109,26.6826807983075,69.20715874299,1038.601990032506
132,1779519687582,28.161635551022137,63.50265040419106,1037.619085267685
283,1779519687970,23.454828885884268,61.74396796168087,1006.3127741747418
26,1779519688148,20.46615134679201,57.334388420987864,1038.761259687346
138,1779519687751,29.703492396517635,62.68174114201135,1024.7014265229473
253,1779519688020,25.354792147269617,50.88048225125405,1030.4228871287935
54,1779519688173,24.26319704162016,51.4749150227565,1027.6699952318822
155,1779519687797,29.25823205493262,53.86286433244088,1039.0228505469654
259,1779519688203,22.187778210974287,56.428347878316764,1033.9360045242456
146,1779519687912,22.427748122063978,58.17183120090324,1008.1751386560162
94,1779519688283,29.875685359204837,61.91711571821429,1032.4617931012513
259,1779519688377,21.191144249815544,58.361289262111434,1028.0321897560416
93,1779519688314,29.03701159666491,62.73045296834519,1043.795595055023
147,1779519688047,24.265120095275247,61.662425043467486,1028.6870786111099
241,1779519688409,24.805431360391378,66.83908365206894,1014.7999960633415
8,1779519688346,28.506271550315233,51.41681777699095,1045.2461577751685
188,1779519688245,29.180007086045308,68.81586002428826,1045.015055910335
291,1779519688567,28.5918118217998,55.457659575722246,1048.437354803116
13,1779519688537,25.646608557928268,66.78398064467396,1005.6996871877299
103,1779519688441,22.518177488840546,61.53904960357347,1011.2303739124119
286,1779519688598,25.025774181670975,62.88418577575754,1018.8095025142911
148,1779519688473,21.305271743403388,52.8266999197981,1035.7861890596382
71,1779519688629,29.309148340366438,52.78083997846744,1028.5065604013623
224,1779519688863,20.471011557402672,59.099412872947575,1026.0919389975081
84,1779519688660,28.610888757839334,68.1853197252473,1023.8414716584081
126,1779519688502,20.576343947912445,69.98290602684604,1018.931911221115
235,1779519688913,28.611774054847686,56.34011038299542,1017.1766882872253
2,1779519688726,24.56997231521113,56.69344079172976,1011.3411031021259
188,1779519688696,21.978438061393632,64.07369331449331,1006.0842845705707
198,1779519688756,25.19581707247156,68.3398869264208,1007.0290779751174
17,1779519688791,29.805059268212382,52.060998332708316,1003.6458309903439
241,1779519689283,29.254013034005258,52.561549757148164,1004.9473093080982
157,1779519688964,22.325617330411518,59.963919517124445,1027.7225640239565
84,1779519688834,21.3629724239506,50.91453485566467,1047.894739170919
250,1779519689344,26.51392720600156,56.49051376443231,1020.8697665683426
165,1779519689021,20.080762487081923,68.82518284310686,1036.312702949995
50,1779519689053,25.550974660737,65.69355265467115,1032.7101555689826
232,1779519689407,24.026835869078514,66.03179225881655,1009.8759040746647
159,1779519689134,21.908536717138613,55.86609613744543,1045.8219735422301
79,1779519689096,29.774107754756656,56.70986990754198,1006.7937182520526
297,1779519689469,24.682700177303865,57.009874331581614,1022.8405152438115
82,1779519689175,28.455936001161895,56.53024820136928,1032.3719493412623
124,1779519689250,23.791151930489562,52.99707334940904,1009.0322790682778
183,1779519689314,27.183221565366846,51.27587228847673,1001.4913309998652
2,1779519689216,29.23246603379571,59.37685142950188,1011.8671234126496
55,1779519689377,29.280172376887553,53.110063724893116,1003.6024941131541
117,1779519689583,28.31016010881465,64.67204207104925,1015.7603727382135
272,1779519689891,20.89859827742056,69.68532640521218,1026.8543939246592
4,1779519689438,28.702881949548683,69.14185709741903,1020.4717882946939
187,1779519689633,24.47636269622204,55.910167226563196,1040.560969959226
239,1779519689923,26.78503707965953,51.76092467785651,1024.6440070012454
170,1779519689702,28.74290456433615,50.92584131752442,1014.7583622838793
57,1779519689672,22.184734827059795,63.05995668073999,1026.839899627998
254,1779519690046,22.2239649466532,60.11966851218517,1042.866875244029
9,1779519689766,24.559275307177455,66.47921880808396,1048.8526592796848
130,1779519689738,25.455116233213708,69.67691445125502,1035.1742801808439
296,1779519690141,24.096812428304634,60.40648571152555,1047.384989444756
43,1779519689952,22.45209618020476,50.71806413508067,1026.6146082101939
181,1779519689797,21.878465059797627,67.721267512332,1008.679192758955
224,1779519690234,24.52059671493473,62.26706361741556,1025.4524939733606
34,1779519689985,28.07788435191864,61.76133537370964,1031.9017766229213
132,1779519690171,28.159523497249175,53.80538000972201,1029.2446416588825
279,1779519690300,23.64512503645571,62.520101912811086,1001.610016681374
233,1779519690329,25.903188242616725,55.401878067316254,1037.8340691457975
121,1779519690265,28.432857036249544,54.95165024298351,1039.1645550174449
96,1779519690017,21.537042537562705,50.00933880365758,1020.2058718375621
259,1779519690362,20.696013243009908,53.50020647057455,1028.82659717495
88,1779519690110,28.946680991130073,66.42891581068183,1043.9220141626618
197,1779519690422,23.499950409838704,54.57745447305641,1017.1344028503554
229,1779519690394,21.59967387493703,64.60478443387848,1033.2139871826084
181,1779519690576,20.68115284889486,64.41171093295065,1044.4691516821051
58,1779519690202,22.531289722704773,55.04002365586339,1006.9814175528763
68,1779519690454,25.318490288123186,60.50372454739684,1021.7572102318278
149,1779519690638,28.713086918194882,63.81449082945825,1046.074804229383
287,1779519690608,21.714289529876588,51.46183463384363,1020.6031967326101
295,1779519690673,29.583687344256745,60.3168525602472,1005.8306638286407
144,1779519690702,24.835674091201952,65.67621821056757,1028.4568288307853
80,1779519690736,22.49216283782197,61.56914777859498,1038.668086447334
31,1779519690771,25.17975153916391,65.88610715020248,1042.7758517218338
132,1779519690905,20.379858246996427,56.62533066891336,1041.4832089723493
265,1779519690804,27.400162723457022,58.440059741591284,1039.2274760345767
114,1779519690966,28.72827376458661,60.523880449912276,1002.1680764345012
278,1779519690847,27.566257581698803,53.49500678773898,1028.6816581643573
47,1779519690936,23.19228963506234,53.8740431733561,1022.117387946792
110,1779519691027,25.96630999337372,68.62545804359058,1041.1985457626101
220,1779519690876,20.899916989301254,52.30163843198157,1037.1374624208947
67,1779519690997,27.299990490137397,53.550321246821866,1016.3360316424953
109,1779519691059,25.447692001127294,69.48725177450862,1016.1796230584876
4,1779519691213,21.88937870237364,64.89195866879771,1030.6881312994901
237,1779519691090,28.47032544056522,61.70456349584042,1025.4225848243432
131,1779519691123,25.04229568325131,63.33390300066263,1007.8725759442866
222,1779519691183,29.53400118696856,67.09382986369664,1012.7983536368835
49,1779519691590,28.29717260031267,58.350922380989424,1028.0381859310473
299,1779519691246,25.165286558799732,68.43028492599227,1017.6702273321577
163,1779519691151,25.362797866166787,57.85409992429189,1039.0342852370215
81,1779519691619,29.38948462428769,55.69973472835817,1000.2635772161104
188,1779519691307,29.776007839071443,57.30406885556633,1002.830811081135
246,1779519691277,29.271119109941353,67.38605189583652,1003.6775232504115
94,1779519691715,23.69342778567666,50.12040803166569,1020.5961602169031
270,1779519691370,20.775732041549976,54.39282442960852,1037.1395414424649
149,1779519691341,25.553768384130905,61.646097661088845,1037.8613970141737
84,1779519691777,20.972023001807685,68.43919640372748,1017.7216465370341
106,1779519691433,28.69878409327888,50.86868067280943,1003.6164872940064
277,1779519691465,28.432829592043486,59.70177406424047,1037.4323886799964
58,1779519691807,26.803358352024546,61.886126976643716,1024.8743270636262
292,1779519691651,20.49248901460662,58.97511017539121,1017.9398668967484
184,1779519691528,29.255644705771388,55.94466928227409,1031.710214612898
46,1779519691873,23.053044711579922,54.857974552857065,1037.520469977233
200,1779519691683,24.167878922065633,68.90681770502408,1047.765047748626
212,1779519691840,25.341065621379908,66.48616824309022,1033.099936489423
71,1779519691965,27.654862253912782,67.6563043391807,1018.2210864471344
237,1779519691934,25.803145484266256,57.17462444962704,1001.5366309123467
103,1779519691746,28.467679001021438,55.05479957783058,1010.6752109421883
98,1779519691995,20.33219690650761,52.45047928832223,1022.945531999515
110,1779519691902,23.39072277083344,57.084854365295485,1002.9581074931508
276,1779519692059,25.665346417674872,68.26037788888718,1038.4813042730473
26,1779519692027,29.51656397669772,68.78898414945238,1036.3282077052652
124,1779519692119,22.67365882540866,53.69870309202011,1004.9853630975223
249,1779519692369,21.90727267840206,62.86278568290992,1041.9648537287205
85,1779519692090,26.191682853472457,53.340860797565576,1013.15208960085
141,1779519692149,25.227458641548004,58.781288229414244,1017.3256235641018
223,1779519692497,25.71153253578456,50.23293446988816,1046.4948683067228
63,1779519692180,25.629765667909542,51.946551852144275,1047.454150890952
151,1779519692310,26.39918431490041,66.40455285276289,1048.8989702759409
212,1779519692621,23.57259201821629,64.9921610908906,1049.1270619661377
34,1779519692245,29.80300015459366,65.4230054324967,1047.5852575128406
158,1779519692528,21.09507102731077,60.89818437209978,1013.3621667176009
215,1779519692651,28.58752085464066,66.01289660590432,1029.571750413083
30,1779519692402,25.682889957181462,66.42910637315988,1019.0276806031394
126,1779519692559,24.066699076913967,69.34107188598031,1046.261573271522
286,1779519692715,28.851164224704682,60.52621004171315,1036.2674008592771
99,1779519692463,25.229182267704317,60.1115923928609,1041.6646161977183
139,1779519692591,26.91775624362402,51.78543954936047,1046.1233355806098
223,1779519692777,20.54349343227588,65.8126338532159,1010.1510946297145
25,1779519692747,25.819510033460105,59.10550612442053,1020.7901290496384
273,1779519692964,27.164188951855515,52.38988531919149,1025.8580676420304
190,1779519692683,26.722858229621906,50.42626372711042,1028.1469372190277
88,1779519692840,25.23975034422996,54.77357525216633,1009.9057622042354
157,1779519692809,29.21707074600244,58.11110410195272,1008.4140414078967
297,1779519693027,20.532929346509018,58.78552992747597,1035.366541832053
16,1779519692869,26.13396876922466,64.76739447860176,1029.3057144905076
155,1779519692995,26.99760421782446,68.87110870251236,1043.5260855316562
225,1779519693060,25.978374058863672,55.94568150018926,1006.579822935619
46,1779519692901,22.759835204975307,53.15695042279525,1019.1194131550004
195,1779519693121,29.02234134531664,65.76638217009076,1024.253050463409
293,1779519693090,26.417689912336648,54.03038196639382,1016.687986501253
52,1779519693150,28.232957655110198,62.4842533848281,1038.8795434428566
101,1779519693310,25.294623794809837,67.96295393227794,1028.9506000066813
239,1779519693342,21.994956057778868,55.57340642089704,1000.1770425674862
21,1779519693183,25.28585065573724,54.63372263735339,1032.4251253459606
136,1779519693467,27.75563615030645,55.79299500185701,1001.1744873363538
205,1779519693372,26.35446873341619,50.23246996614325,1035.3527502662976
97,1779519693246,22.302331301489858,57.0271815868501,1037.7404780839245
278,1779519693406,23.56214408796782,57.787186407662865,1011.5217513257455
126,1779519693652,29.797510720859098,67.92387434219515,1018.7382025474378
56,1779519693497,25.414704622469102,56.007072705452394,1008.3599606747264
141,1779519693685,20.098610162250168,68.18371991460842,1023.841325707434
297,1779519693436,29.40332915622467,64.15001189380712,1039.1063579187282
24,1779519693592,27.262647058986598,66.65085182188926,1041.6654157356497
184,1779519693716,20.37216128595004,58.620795448774395,1001.7029510859296
211,1779519693528,22.248765938079035,62.02560006923437,1006.8611506822496
9,1779519693809,20.6575405117231,50.3193277869298,1006.9001440814247
189,1779519693745,21.976479665563723,51.61716469077714,1045.1551077518798
255,1779519693624,29.08921636120306,68.32852106132755,1044.4778606034959
88,1779519693841,27.89281794895072,62.15910669121471,1029.9429257993027
177,1779519693905,25.03649176460066,52.670536333589446,1020.6385494313897
261,1779519693778,28.39121045919702,58.59808970209056,1035.7049300110257
13,1779519693998,21.119584790747947,51.15434176125953,1021.0102585467068
169,1779519694027,23.206603848675805,66.52674693315173,1017.0767586027044
222,1779519693870,25.825666688592623,68.31675652716511,1002.79005487686
54,1779519694059,23.582354015190965,69.11955900883908,1047.6288538001354
232,1779519693938,26.624725094643686,51.082348831267566,1009.4712019697124
143,1779519694346,20.11929157234325,54.511786961070456,1030.8044947564701
21,1779519694090,29.72629372998221,64.93671023928577,1022.977708067734
250,1779519694126,22.301343222134676,58.34246284497327,1030.3253825331012
123,1779519694440,23.28682124323623,67.05869836206581,1003.7155001785661
22,1779519694217,29.822234391006333,62.94830432724267,1024.784499729962
204,1779519694155,20.238095816706345,53.951582451179966,1004.4068959836453
184,1779519694472,23.156419931986264,62.43740577657364,1010.2685561422935
76,1779519694282,22.206733497810525,69.49825005820648,1009.6911697423146
139,1779519694502,28.734889993041165,58.92097217807958,1046.0537753330188
259,1779519694313,21.65378296019096,64.08467273865823,1025.8807601128922
23,1779519694377,29.18985190352631,64.11295315710905,1017.6979804181964
133,1779519694533,26.376507583125246,69.772549974035,1011.1241220081398
239,1779519694565,20.63667575522071,53.77527393360589,1019.7900378626058
40,1779519694597,23.598792096311502,61.4776229000832,1045.9431048724778
195,1779519694754,20.879330954753257,69.01659962006993,1047.211584003686
288,1779519694725,29.89954750779026,56.730345356383104,1034.0233918030485
88,1779519694630,27.025760505048364,54.75144331157671,1043.177063908615
194,1779519694787,20.41642409563959,61.783812799832994,1002.2173586694937
229,1779519694943,23.28941368149352,52.10340189608201,1000.7405366383267
27,1779519694662,23.130927545387966,52.4269530513734,1014.4355135829945
167,1779519694849,24.859799175393743,54.14373198240892,1009.2423698193064
225,1779519695009,27.258208365891885,64.23582927369114,1027.6460036151357
36,1779519694819,27.29129089005268,52.7202355124816,1033.872926250567
292,1779519695067,26.79414012844535,50.75642193079238,1040.5571593335128
191,1779519695035,25.29202996817463,62.01663422789325,1025.4849257408655
39,1779519694880,26.00054881546525,51.468789608524325,1013.7538365523543
155,1779519695130,26.976985516981557,50.434309172233114,1007.6137757507327
238,1779519695194,20.62475616834304,68.04414077965576,1037.785345645494
91,1779519695099,28.358337872498453,60.457401454801484,1015.304440593747
125,1779519695286,21.26560805701763,69.14373333176623,1030.6196859385818
295,1779519695414,24.980470724381625,69.96994601529991,1022.6710179972582
58,1779519695164,26.343744127344365,68.40347468620112,1007.7475623165011
162,1779519695447,27.916576192538784,61.31610871393052,1048.3692570262783
234,1779519695478,20.69584902242165,65.80074027788002,1042.932827176096
33,1779519695227,24.895871579986828,60.35101402908803,1027.5438788295128
295,1779519695697,29.846235782284893,59.151671166753204,1019.9665029727387
186,1779519695570,20.71222572389555,60.877600609056145,1019.1467341495805
93,1779519695320,22.352672592600964,65.54592181185978,1016.8671516656555
190,1779519695729,22.898427075935654,68.31410440993952,1024.3963531780962
271,1779519695760,29.269484317555204,65.33809901004066,1025.1351584624624
37,1779519695509,29.30766730532963,51.37490479981319,1002.3621236804333
238,1779519695791,20.758996946191665,52.16856780730345,1005.0941715054847
197,1779519695944,24.428188472300683,57.71568932309763,1035.9234965718888
83,1779519695540,24.509149212081066,52.41523543552448,1046.2230692524663
192,1779519695977,21.542368797366077,67.32027432694802,1005.2402563253354
225,1779519695822,26.56031061489113,67.75431744662632,1017.2656449005715
24,1779519695667,25.013816868178573,52.92279197398505,1025.3086259701317
232,1779519695883,24.506285954545515,58.32339594982971,1031.8968631650785
191,1779519696035,23.27138315654172,64.08188440933651,1010.814714949067
11,1779519695850,29.020789184957835,64.83852263492724,1003.6312571140533
168,1779519696100,29.86105461157542,68.04514912035151,1031.8122153290426
261,1779519696162,25.261434672363578,55.88341900634749,1027.9038369519394
57,1779519695913,22.32924164624178,61.89536332001646,1041.8806578321755
152,1779519696196,27.761339276888407,53.10495499156707,1049.792963562752
257,1779519696226,22.596705515404587,69.60342576570841,1015.1708907824383
65,1779519696007,27.165013972924427,53.58455881948813,1014.0429881401258
251,1779519696322,27.56532083621463,51.55873872245916,1007.7802072219431
124,1779519696383,22.67986043827506,54.91289227915935,1003.2271179180558
34,1779519696132,23.314504156208493,59.26320945138006,1015.8073660865958
138,1779519696444,28.934300213642487,52.60490108962024,1023.8111129497543
202,1779519696350,20.797803706123638,54.51734674377417,1027.4968328055666
52,1779519696260,20.937322813413388,67.83170522391384,1020.6536706940366
295,1779519696413,25.670689635342747,66.56089380957515,1025.1023888827633
124,1779519696475,21.412562189135702,58.780433550424334,1028.5209316607525
79,1779519696507,25.577120033334246,65.09856023078159,1027.3258125097216
160,1779519696570,28.95247646234279,62.15057059958764,1031.1533767124995
260,1779519696538,22.185765221525095,57.048583993797024,1036.995555429077
90,1779519696601,22.393987131572658,58.757205847645,1024.8317176763649
242,1779519696632,20.50364397698211,59.95984497639206,1039.9051803949583
140,1779519696662,26.568548336588712,64.21828472205048,1004.0477965172497
97,1779519696790,22.577130192878027,64.29120284871502,1008.0424205602019
158,1779519696695,24.139407926608826,68.66392546913363,1023.4474637989424
222,1779519696726,22.655819569087917,67.6390668389731,1020.6094582822681
58,1779519696977,21.262543925364696,61.82973446888549,1017.1286230677268
125,1779519696758,21.766856094875035,57.00308029556749,1006.3409088807501
271,1779519696820,28.033799721617417,65.89719482536013,1044.0685143879077
29,1779519697135,28.837704406160114,60.229588984802376,1008.0843778094543
116,1779519696883,22.115698985668292,54.03207979494614,1008.2196914821575
280,1779519696850,23.60080129664288,56.766284987399246,1037.1311050615143
52,1779519697229,24.39856924421689,55.68898289407933,1021.3027090671629
242,1779519696914,28.293146682753928,53.600885104248654,1014.5166738572163
173,1779519696946,24.450771216805876,62.12768122330361,1006.4901828982638
31,1779519697262,25.34846013068538,50.777019398061505,1039.0788558460347
107,1779519697071,29.044931669676366,56.232847668797056,1026.286235803362
279,1779519697010,23.776845712966562,52.345800502570185,1049.0392324386464
41,1779519697356,20.231922754157285,52.08445502031912,1005.9796773120697
193,1779519697168,23.252264310770947,55.61549323654067,1034.5503739240728
296,1779519697199,29.309494725062574,64.73272512002131,1027.6004279713904
49,1779519697480,20.7815697717165,50.133090380228595,1033.1063596834522
155,1779519697390,20.486740699465745,65.38349548985832,1049.1344078624734
297,1779519697292,29.489840873626186,65.08236443202912,1049.44391852496
83,1779519697513,21.68420262796439,66.14555585874032,1029.1424383808248
220,1779519697419,25.707162693256365,56.440624236603156,1045.3815164591708
104,1779519697640,27.014149544354105,51.432006999186754,1008.6578358638185
49,1779519697608,23.23079785677313,56.081121259031036,1047.3096097524638
228,1779519697451,27.534622499374883,53.69094286502877,1047.6774707247932
154,1779519697796,27.77239902692134,64.87583885857683,1034.1516566765736
61,1779519697984,21.0225273795421,69.8902115041951,1000.0150017262262
123,1779519697829,28.98647688986965,58.041822007553236,1006.7505252686101
217,1779519697578,22.67089895228998,67.53508364180233,1036.4674366605132
98,1779519698021,27.748750992678257,61.6871756058125,1025.3880584511467
143,1779519697860,24.82693152402211,63.553822645382326,1039.144979429957
224,1779519697670,27.962874820789466,63.01667324127891,1012.761830863392
34,1779519698143,26.70268103131245,58.83134102524069,1037.0187996744166
121,1779519697891,29.640711872334215,62.16550163135604,1036.350219256829
259,1779519698082,20.186998740952344,67.67378437893939,1012.0635508661408
79,1779519698207,28.890596966713872,52.74574474230712,1006.8766785381935
273,1779519698112,21.740032965219246,66.16966077234954,1008.1751694970524
162,1779519697922,27.66068407617233,53.208871268484,1025.7822895890322
71,1779519698331,23.984820780540787,67.90332649360738,1037.5969762576406
235,1779519698174,22.636110837219732,50.1272882772543,1032.0207020490282
184,1779519698049,26.33337222213218,69.85016968816115,1043.4413519371788
42,1779519698426,20.010803281179747,63.1545432140979,1012.7835314917888
183,1779519698363,28.800982017327048,67.78453952078577,1046.7087014087444
240,1779519698238,29.205518007912424,56.674572234128995,1023.0197730396432
84,1779519698583,21.164208765628466,67.66479354132386,1006.2185203533277
155,1779519698458,29.895943678979325,50.83871917870665,1047.1352909288403
263,1779519698269,28.44265536036879,52.937789339906026,1003.0307818297757
11,1779519698645,23.380343590981912,52.70076597553754,1027.7697354660318
191,1779519698522,28.394170135293855,58.09106602886166,1028.3884902013306
215,1779519698394,23.964223643780322,61.70230043506004,1035.8489912541238
98,1779519698803,20.66010192218993,55.7926858390126,1042.3267267293843
273,1779519698489,29.38411354445884,54.832761428890905,1021.4987547838446
130,1779519698614,27.38262185745527,51.813435493245024,1020.2134666390757
72,1779519698865,23.218338010952003,65.51482399450823,1015.4337504868754
122,1779519698677,24.829306348747313,63.17328572205221,1014.327874213918
294,1779519698553,25.058387889595398,67.79894245960655,1026.6133768444333
38,1779519698961,25.296137245549296,51.8886155136344,1022.2723730021559
187,1779519698707,25.058902640876262,65.51923949201066,1031.1175316335332
204,1779519698740,21.008118194673347,52.651782068042,1046.142593294956
57,1779519699053,22.23381349129278,60.11192938287158,1048.0082397965107
168,1779519698771,28.94576122841145,52.58464741895526,1030.9806730977623
230,1779519698834,29.70345122638657,50.458812054863635,1026.439071403656
79,1779519699271,22.437563574040155,61.681660488546136,1006.6719347409557
113,1779519698990,21.436879708169947,59.05965210382841,1046.4235561652292
240,1779519698896,28.21036709399144,66.53415690134243,1032.8156051911255
11,1779519699457,23.212844380624727,56.55486064389785,1012.6525374500169
300,1779519699117,29.893523958402703,60.74675861271122,1030.8952638773342
154,1779519699024,21.525940390468357,54.34785127603833,1006.2653546678104
20,1779519699487,26.58534143117752,56.06984509538345,1024.924275771672
142,1779519699177,29.87116228718282,69.13845853004983,1016.7702970052044
241,1779519699148,25.985597206747954,64.53529155802055,1023.1823718791325
26,1779519699523,29.063070154744587,63.43258020952612,1040.5617737976884
269,1779519699333,27.722873173028844,62.81718768387122,1041.0054615199765
180,1779519699210,24.91363999785588,54.97218387165516,1014.097532040523
6,1779519699552,20.8423379812534,65.31162317369603,1033.8783713355326
133,1779519699365,21.453228354335607,63.97475648871833,1007.5566674217298
202,1779519699395,24.125748603515348,66.51470063699348,1004.9090956772684
79,1779519699584,23.780907878090648,59.19752780742857,1022.6001080112583
111,1779519699427,26.038890500834984,59.078761247305934,1016.1535545769635
287,1779519699650,25.97729899790896,51.420184809672435,1027.7935916544698
2,1779519699617,20.66498441585198,68.40929166052545,1048.0008412613283
204,1779519699682,21.754794315927356,55.71689652202772,1014.717766162332
108,1779519699912,27.712902086455113,67.4621802405334,1011.2594885841423
23,1779519699710,20.8194208022927,53.90667135587353,1036.0148489238768
172,1779519699972,20.619700189272205,57.174983865020224,1030.6652442306138
238,1779519699740,25.895464702821005,55.953154628998654,1039.0911264830959
57,1779519699804,20.584923079779823,55.534482004141125,1014.0721412279927
163,1779519700052,25.95481131549664,51.390859004112826,1037.5971509383744
280,1779519699772,21.006864653446254,64.14042350910742,1034.9743851033454
26,1779519699839,23.511654092067793,52.33489045602885,1027.8573849688491
160,1779519700081,24.859959794549393,65.63657015552708,1029.6172742926497
282,1779519700010,27.058332253098804,57.35203851797239,1012.1966696599957
72,1779519699944,27.908195452857733,63.65167701500237,1019.5098841228619
172,1779519700152,25.438821932314447,67.84829003766953,1013.3498400246234
264,1779519700187,28.88452866697262,56.601779887638706,1011.4418923564788
91,1779519700110,23.302891585389705,54.21936408196969,1024.6701355042374
243,1779519700283,28.97663459845117,57.82871057180253,1006.0603209161657
190,1779519700223,28.20375767168713,53.2148966444111,1023.3162158233099
15,1779519700249,27.027568401719698,68.17721477058853,1018.5094906489503
260,1779519700312,20.978073031657257,61.52933611894909,1001.4140727188765
141,1779519700345,24.965101058851463,67.03129566058723,1047.4729066507034
77,1779519700441,21.464012357922957,56.91155224889418,1015.7450347849465
238,1779519700407,25.86295978227014,62.868395363519184,1012.8855264577144
190,1779519700377,29.849952399515423,64.02370195107265,1016.9750291212014
81,1779519700500,23.330058448180885,58.659800229409115,1037.9014360694973
278,1779519700533,22.219792527338022,68.89061436038817,1039.370017205609
185,1779519700469,21.171239243208298,53.70317464266451,1039.9342249016443
33,1779519700659,24.14532678487579,51.03320658421857,1011.3364121631447
272,1779519700563,25.64329601961224,53.193783090570335,1011.9441409683202
200,1779519700622,28.966390718097614,55.22483576733035,1032.4691055383223
27,1779519700874,28.48190528701638,69.20856102692511,1025.627997017946
259,1779519700690,23.933196341998617,59.30755819586379,1035.5490664378779
130,1779519700715,27.840729173467334,63.636716295998056,1031.300957735628
77,1779519700937,23.203471709221397,53.378067803472646,1008.0494802200787
223,1779519700842,23.613403735589944,55.799262971238846,1031.8724787700419
169,1779519700763,25.07276212595756,60.79626035701744,1027.628423841977
55,1779519701168,20.376047395234668,67.03527248659948,1001.6306770289996
291,1779519700968,28.401891235318597,62.51427151851771,1025.6045284099264
132,1779519700905,26.537836114153485,65.88947267419869,1041.0197946428987
93,1779519701312,20.425171576582,67.81825981780129,1001.4763574158987
294,1779519700999,27.86504410535708,64.38471553103477,1014.8737886079865
133,1779519701029,27.846575106953143,56.779218611313915,1024.3530934528578
19,1779519701343,21.364317513798923,54.23758260616237,1026.4291465453168
257,1779519701093,24.433033149788052,62.15854002938225,1001.2075065182763
165,1779519701244,29.83536988732564,51.8623712709689,1039.9518278751027
99,1779519701482,20.927536096246545,55.59432713875157,1012.1203232846369
225,1779519701203,25.505948490498373,61.192021587770114,1009.7306046640418
104,1779519701374,26.889906660698575,60.84830287094467,1042.8649421037671
3,1779519701545,23.416680850520123,59.1801726446331,1032.4197887118899
262,1779519701420,25.52420185571466,53.327376917811634,1021.5348007525498
155,1779519701513,27.26414145373963,63.632664591560506,1038.939398570073
13,1779519701704,29.28461079999265,50.759656666457694,1008.9531965198626
292,1779519701452,29.161829439169917,54.62363400654033,1005.0146522815589
103,1779519701607,21.28469548424272,55.47736757008896,1029.5924903959497
31,1779519701766,27.327260581412666,67.14768101176905,1040.0880390297332
261,1779519701578,28.978006267405142,55.68755230576623,1020.7945457447009
182,1779519701796,29.3332503282237,61.43500175318414,1012.1239940159066
40,1779519701858,28.533152213874516,54.81029037396335,1006.3863767918617
278,1779519701641,29.72820440368324,54.73156451160653,1033.7845338219665
103,1779519701918,22.38273728869472,57.04454038494259,1030.457465139772
56,1779519701887,24.562262921572497,67.22254392247065,1010.3279972004134
206,1779519701732,26.51696810868053,60.77867605664122,1042.706911947375
194,1779519701983,29.76499855044784,54.056821598461006,1029.520399969681
8,1779519701952,22.193123944599577,69.06936417620463,1004.6847820142475
243,1779519702124,20.21849046353205,56.54139109013745,1035.7699615831636
158,1779519702018,20.66644694035145,61.675753963332646,1007.1602525117613
63,1779519702059,24.542238142726887,51.41406904086324,1029.9293217550467
284,1779519702159,29.598694544011323,57.43111424119129,1033.7867117236551
175,1779519702201,24.302123481465564,55.77634247774897,1042.0515268006573
18,1779519702095,29.121652969126654,63.36020709048984,1045.7127400694685
210,1779519702326,22.978928694553492,53.3427614958245,1025.146932795624
168,1779519702292,21.541801627429244,64.45069131528575,1046.8422459665708
71,1779519702234,23.86577053656524,57.99382055517056,1004.5675413381044
258,1779519702391,20.932117819183727,56.2827490613753,1048.5103965366916
113,1779519702419,21.2222847017652,69.24968197321869,1047.345305992243
89,1779519702263,29.431338587728046,64.6809857526142,1008.5609384647763
274,1779519702481,24.190892257440822,63.88428822662254,1004.200668211358
194,1779519702543,20.580925794622974,59.723417334858404,1030.9325677227732
90,1779519702356,22.99853987977032,66.62836455780905,1018.2086712637595
274,1779519702669,23.635794448216934,67.7461480445429,1009.8023440287421
159,1779519702638,26.641079733731836,62.069203904478165,1013.7901757344886
77,1779519702450,29.98171876539383,63.73785709515828,1024.828546961531
274,1779519702702,25.688125194099896,53.36294556009188,1031.91659470232
160,1779519702735,27.416310847387038,53.302118632570455,1046.0660245695487
30,1779519702575,20.439859659478223,63.13896498226891,1031.2367493529637
286,1779519702765,21.355880174424577,53.27840461182024,1017.0751188009148
177,1779519702794,29.80176085401642,66.7502485348734,1033.8551971176753
98,1779519702823,24.323869223265266,69.44529472771563,1031.1665515349293
204,1779519702856,28.75217045177341,62.029487220546926,1031.8913657334715
166,1779519702954,26.867353062855766,51.41763900071945,1027.0858412372506
63,1779519702915,24.56605538748266,68.90237464641991,1043.741883985462
204,1779519702887,22.85733913194828,67.87071580798003,1018.4336470105872
162,1779519703151,21.01924332320546,68.38032395084645,1040.3519701202097
90,1779519702993,25.38414175653753,60.821589053241844,1046.565861911156
221,1779519703024,26.43704350998019,60.86220664843333,1014.0300932053503
105,1779519703291,23.011022982979714,64.90344223850727,1044.084544356091
70,1779519703117,21.456535529138723,59.136367038213976,1027.7279748140363
233,1779519703077,27.965485338819505,66.98574842558187,1020.6762172853785
31,1779519703358,22.91932155031232,67.4863849723276,1039.6020486801442
122,1779519703401,27.687886061935213,54.36348722986849,1031.9023619970553
219,1779519703179,20.92211047933111,60.33815773483944,1013.879374311228
4,1779519703461,20.346084103455784,62.02769906261556,1026.8759454537287
154,1779519703501,24.183504280241458,56.90449217717063,1018.3784715981817
247,1779519703319,24.081022414489127,64.95902235011036,1033.9944092822386
5,1779519703541,28.57965172439491,55.68820452317824,1032.976287798604
159,1779519703604,20.40554670063879,60.05139711735367,1032.3915678415442
259,1779519703697,28.63770880282248,61.227527783649364,1015.7903263338416
60,1779519703570,21.008030560763533,67.7087553133268,1027.592823472927
150,1779519704042,24.722698137788917,67.52342725546808,1003.9401243723794
212,1779519703797,21.908337751715806,58.76554219350989,1021.0510852140093
95,1779519703738,25.880114766095154,68.64450000283794,1015.1735196639239
122,1779519704118,26.531449079845025,58.494350002222106,1002.0110791607875
288,1779519703928,27.84037032283277,58.9110212342632,1006.5114240286333
34,1779519704158,22.992257843278658,68.09411263407031,1036.2975864352788
256,1779519704241,24.26027462270669,52.70515936807336,1032.5729122223988
10,1779519704199,28.133815587054368,68.48345702982222,1011.3301736157332
263,1779519704280,20.5880719731002,69.86037790221008,1004.0439238138341
49,1779519704330,24.520404183204096,52.916284154799996,1034.5740501856387
108,1779519704544,21.46084292659215,52.38761598098466,1037.2911573975723
291,1779519704374,22.042829261694713,50.4296203659486,1038.5191507993488
45,1779519704513,23.85437949228649,66.86313315480147,1014.2604776098915
294,1779519704419,21.098297594616206,63.362825747731776,1019.2739648567244
281,1779519704632,26.697178851025257,52.457485649926866,1046.3895064901449
50,1779519704601,21.450693828034215,58.944342613604,1015.3002728714621
113,1779519704761,23.40751647067644,69.57552293057518,1026.6026375031838
295,1779519704663,27.926054229035515,66.62348002444868,1014.3404841840863
3,1779519704725,26.233783088443168,53.39460485683498,1007.7367800316384
176,1779519704788,28.33050633173277,63.68027322394248,1001.3950313680136
250,1779519705008,22.73310140977316,61.256125892587214,1043.2887012937056
7,1779519705073,25.808455993226133,54.05493620180116,1019.5463648649721
93,1779519705246,26.556618808811805,54.356945689201304,1024.6523591022878
146,1779519704819,24.65511728236428,63.174504245333154,1001.4953763796419
255,1779519705324,27.31902034492119,56.05580333059335,1044.6105919440793
24,1779519705290,23.95333828973684,66.71220295961866,1002.1575293993333
257,1779519705369,23.631117015634594,62.363180899872575,1010.1017277892914
226,1779519705432,23.03617603070135,56.8933830831054,1009.6605306934857
52,1779519705554,29.636182165857157,50.73913695492311,1024.7005843318166
262,1779519705489,23.742464809338713,57.265311567746785,1020.3370197636891
131,1779519705683,20.160015883535895,62.14825397501597,1048.5020240289073
7,1779519705597,27.525788139550947,52.974231652267854,1019.6032104603597
260,1779519705522,23.459120154907218,53.9584618749205,1027.2336868248456
21,1779519705631,26.34377686456848,61.8347802099609,1044.7159676056292
188,1779519705755,29.25276367075405,53.51756972312187,1026.7986364405924
223,1779519705725,23.48575202236414,62.93445010372279,1041.5460032441706
65,1779519705878,24.87300403228469,51.1632498775826,1006.2333881095894
177,1779519705787,20.58973933895223,62.205959783469545,1029.8623476709192
223,1779519705846,21.252386542820943,50.788062484569636,1031.4079688514305
82,1779519705989,26.02265843428227,55.424149348904564,1006.5601429137321
154,1779519705817,27.359566284298634,52.78487000395752,1028.3929098966933
270,1779519705925,20.946800228120388,54.02225483667162,1049.1475119510212
67,1779519706024,24.05367110047107,67.17917032514978,1011.9681023096043
244,1779519705958,29.088227247881044,55.86129199566091,1012.8668124560368
40,1779519706067,27.564138297706453,53.06613028336075,1033.8433247747646
103,1779519706259,21.061493036936056,63.70653812979427,1027.5103696959961
269,1779519706110,22.97567758947099,51.75333626630089,1019.6463610113218
11,1779519706178,27.343968850179802,58.39324493250261,1023.1952488787563
154,1779519706319,26.559400596224975,55.32196375166566,1011.0534397592809
283,1779519706146,24.830010820855023,60.516066606366174,1039.1754743992635
95,1779519706443,29.284141015017063,54.22933706903109,1015.0005576094676
141,1779519706348,21.773362687497997,65.66602657700284,1026.5347496178956
248,1779519706226,26.60572237457648,53.44770629775727,1038.7234022424766
78,1779519706507,28.7679843206914,59.82629087099413,1023.8708268647598
113,1779519706378,25.821461109971764,69.07628240120951,1044.9975194273338
268,1779519706288,27.414505343926088,69.75355564549383,1038.6465773360078
41,1779519706535,25.291997040804127,61.97622283677694,1013.8414695158335
147,1779519706475,22.471326507035492,56.08421039364441,1014.6462352113673
222,1779519706410,25.57704591440409,69.73257646974585,1036.8382509897142
65,1779519706566,29.388408593947034,63.51027773370591,1029.2539595681046
134,1779519706723,29.47738370171689,69.58537074002487,1032.2486517429222
295,1779519706597,24.577044610933445,68.73538032619344,1017.6926146652088
36,1779519706632,29.31645599447847,60.04011433315313,1007.6675311481869
128,1779519706834,24.205805637016883,52.632551695776804,1028.6482454560908
278,1779519706756,27.83971977571511,55.72729273082396,1021.2598002286
41,1779519706689,26.727697054340908,60.898267174679326,1046.226109041022
177,1779519706924,23.301247820171977,65.94397243522748,1002.6621303335418
201,1779519706862,27.96849722841832,66.39204501180566,1000.5659893634087
86,1779519706790,24.190864709003268,66.88901703146237,1019.3623813564243
193,1779519707065,25.561825602109156,59.67338832665299,1024.1258023954367
222,1779519706895,22.19529134600906,63.70324826007405,1047.7101502158205
75,1779519706958,20.558139500004728,69.35364919519695,1035.7400875445799
106,1779519707162,24.9189231230365,51.51739796126546,1037.4012973638628
269,1779519707027,20.021968200547796,65.39590847113303,1045.7056830005154
24,1779519706988,28.78677248323449,63.4706326418558,1009.7620380493411
175,1779519707240,22.447556848503844,54.90265437758501,1036.6134655371459
209,1779519707126,20.444031257788037,64.4203165211639,1047.9860691992617
1,1779519707096,29.80776897666517,58.77655605778282,1018.9986342381184
118,1779519707268,20.21663534488776,64.92465243518674,1010.3292882243657
270,1779519707301,20.9190333929173,57.989269389279194,1009.6667126374563
17,1779519707206,26.79924597413749,55.62296184996599,1043.4130476137725
129,1779519707392,29.166227550022942,58.3418990491886,1017.1789729423159
275,1779519707454,22.987065562615857,58.83503527676315,1029.9960475509379
77,1779519707330,23.961730815300623,67.75870130930642,1044.0895954492216
141,1779519707426,21.185749167070142,55.44286848332723,1049.0413896882185
258,1779519707517,22.485615906963915,68.68196067740153,1044.2649056154482
22,1779519707361,27.495672819642405,56.9203127655841,1018.2743400271831
178,1779519707489,20.999292618462036,53.80334387722801,1021.6335385929115
231,1779519707611,27.603834750885845,55.09860870697205,1028.6432025438553
13,1779519707550,27.82904554516367,65.31512314830945,1010.8861471230396
178,1779519707579,27.594191950178725,54.93094091724309,1001.9894832960775
296,1779519707674,26.234488927041323,62.71507461784573,1015.7924409855186
14,1779519707828,21.96296920211041,65.98014333457684,1002.9254658473552
157,1779519707642,23.943211124591055,63.246936373283816,1034.9579054802548
214,1779519707736,28.418589298216354,58.36239455175061,1044.0399047849799
83,1779519707858,27.747096464637412,52.588330162384054,1042.1218944949087
102,1779519707703,29.072183755723056,55.4196029296226,1046.5156056820038
260,1779519707767,21.608737226920695,58.83132333250394,1002.1930762229046
32,1779519707924,23.182715235304535,66.22359869227128,1025.5954896172286
199,1779519707798,28.55497559604661,58.21835819506269,1045.6378372501308
234,1779519708080,22.82667290760921,56.50612560877444,1043.1549089228376
25,1779519708143,23.490942098282403,60.47577993552303,1028.9206712143543
133,1779519707890,27.35348857565633,60.633423828645796,1042.2152389892228
279,1779519708204,22.126702706279936,55.499767225080966,1047.7867667064684
57,1779519708329,25.884315635335962,58.16605039609907,1000.1267134555767
124,1779519707953,21.950368241842,50.6398669942136,1007.521666334201
239,1779519708268,22.547535646437755,53.719346123000015,1034.2477037718288
76,1779519708361,22.603038582834653,55.734294285856066,1030.2767240784399
186,1779519708020,24.33216163351971,67.33164014406447,1020.346992437608
223,1779519708581,22.66284820943949,60.488708763334884,1048.255765912762
33,1779519708396,23.51140081004262,55.69677679123119,1006.4697052454554
165,1779519708173,27.197457484108728,50.0786007168051,1023.0050342879078
66,1779519708521,29.033514813152387,58.68980661380827,1017.8862125620622
189,1779519708236,26.834400984324386,59.34277478314517,1003.4129065000425
215,1779519708856,28.78789760831671,63.38767845645691,1000.5165210386273
95,1779519708611,29.091763134970524,58.576491330977404,1038.2910372892422
171,1779519708423,20.936871563853458,69.96255773471547,1018.2706867208408
70,1779519708673,21.638648255015905,50.59582083579015,1017.2387183006375
212,1779519708985,28.133368453756873,65.4331542776052,1046.7081068288076
199,1779519708454,23.43286424123194,61.08033992695176,1016.4222426734002
20,1779519708702,24.559632589992717,68.06919601342022,1045.1500983773617
258,1779519709017,29.248468509175808,58.900336931455456,1011.5083225866217
165,1779519708640,24.290296732708104,58.72726936164724,1040.0188658432396
11,1779519708733,29.44660741572733,56.97236411043332,1013.433139106002
284,1779519709138,24.25283654220345,61.24558224695829,1032.6151365364383
138,1779519708825,26.032886650546505,50.94679996779157,1018.6185397502601
34,1779519708765,22.03026918025108,57.4578638476663,1001.4798002333
219,1779519709169,29.491104471149566,67.98107593282808,1014.1636847373105
181,1779519708888,20.377869464021273,53.998335307605345,1030.485074539672
69,1779519709108,27.344537559533983,57.366260386807056,1042.2350818237956
280,1779519709204,26.13913056386841,57.88357801670304,1011.4938770897659
140,1779519708918,27.115596577619407,58.445263003950416,1008.3512879127206
68,1779519709313,20.096779599874445,69.8354043483162,1015.9102012547971
245,1779519709285,20.947453042018374,63.455943455843496,1032.0585095658275
118,1779519709049,21.338366109241743,53.070376175079105,1041.4231247676519
39,1779519709405,25.627392358525753,62.41553921223437,1021.9472991746173
299,1779519709346,28.62033381597754,61.49723151744724,1029.7371246219814
124,1779519709239,23.971150154924786,67.11132663016936,1001.7490623696991
2,1779519709533,26.687997061269417,66.605757013743,1046.5140305900702
249,1779519709375,21.455872023476065,60.28919980183123,1026.469138537971
125,1779519709439,21.766945358852865,64.33754187199214,1034.380027820362
67,1779519709688,23.263166090409182,54.15940723138639,1025.4254168717653
276,1779519709503,24.935508052738427,50.587994163651736,1043.527878459348
164,1779519709469,27.29779202442851,65.16575577809617,1039.7505843837148
79,1779519709720,28.229132715001036,64.5767936372141,1006.5917747863602
218,1779519709569,24.643883239820852,69.91965985732746,1016.9759160742786
185,1779519709598,25.357289456515474,67.26068414238016,1022.6938020406121
12,1779519709750,20.88096544773916,67.27877214298763,1003.4202364365283
241,1779519709659,27.245864773139843,59.74920652948644,1029.5903467980309
166,1779519709626,23.79576725204323,53.42251740752965,1010.8314673470207
9,1779519710028,22.237354188544813,53.734496936383714,1008.9864118775175
240,1779519709810,29.43701497721314,62.884420880540844,1009.9301800862022
196,1779519709781,21.27327641699921,55.47998590427952,1033.3263823691318
16,1779519710218,22.127014532905896,62.3878392065832,1007.739980391074
215,1779519709903,22.24630048392452,64.27799460819104,1049.5367419057254
154,1779519709843,27.500313825226883,58.25508669843008,1029.8428499294853
13,1779519710282,24.023700109348546,64.31317682712412,1035.3885393607595
218,1779519710092,24.410367470045603,55.29395172870417,1014.1633825483389
116,1779519709873,29.384661949850006,61.31603280060517,1045.5932820565863
249,1779519710125,29.158390143405363,59.88016350618774,1025.9939284604498
121,1779519709996,27.85247951186199,57.78441631661546,1030.973988959145
96,1779519710563,22.42678241929988,58.73572959236833,1007.8208617781358
260,1779519710314,29.21012061996655,65.83882401297458,1040.4870739289424
172,1779519710155,26.718705089270237,62.50243540677047,1038.7048032774878
55,1779519710624,28.387079450669972,55.19607624659112,1006.9824865865335
261,1779519710375,26.91294378969464,58.224648177375606,1033.3487589692365
117,1779519710251,20.858444536512586,58.261013961237296,1025.931549850769
65,1779519710658,20.450197558562905,58.46719259663134,1014.10657867754
237,1779519710406,20.595624669950116,54.43421105429403,1025.0709549200617
144,1779519710346,28.53596453608074,59.5654755028868,1009.0776925951249
97,1779519710689,21.197577635426345,57.896710830932044,1018.0474737327548
236,1779519710438,21.574391128897616,56.91563201827477,1028.1391865321636
142,1779519710532,22.716966316683457,61.059879297575236,1037.5395515066477
12,1779519710904,29.153767553580312,57.70335147338444,1038.2750274676239
214,1779519710842,23.277071744739082,52.98574394341582,1020.0402133767217
125,1779519710592,28.36163738852544,69.19489455088289,1043.2913389521232
250,1779519711030,24.399307031345256,63.140208443465085,1036.669375469318
175,1779519710721,23.869145767431704,53.7708073931556,1036.2591904902379
262,1779519711186,20.620869083925744,50.58965354165095,1012.539551781914
153,1779519710751,25.681119316818886,64.82260744731707,1036.5005256875406
8,1779519711314,24.45625860963315,64.1142588582525,1023.5731152306637
299,1779519711216,26.559028587278867,58.37230296671013,1019.5099026139364
191,1779519710873,26.020057361851656,64.38315438756163,1032.4234951893025
24,1779519711406,23.431175864719005,64.07136316818489,1001.0154313766078
257,1779519711248,27.814015677657544,62.942050675075365,1019.9199075776314
172,1779519710968,26.16548922140028,65.49827728986044,1031.1522767358936
63,1779519711467,24.437333796427414,65.91563662807692,1020.3262049469913
294,1779519711279,28.63103402431919,55.34965541915457,1013.0393844641978
189,1779519711095,29.07632526998416,62.50395118801765,1005.4976859862464
7,1779519711496,24.936572558252585,50.311625997595236,1007.5356284556086
225,1779519711376,24.44634277754051,56.165018409244276,1038.3845100904232
155,1779519711346,21.126618227484908,62.98511592440991,1026.651601164687
21,1779519711560,25.471847907486364,53.05413975750751,1023.212731563032
237,1779519711439,22.41748309504878,68.0635731681619,1006.4610199572132
146,1779519711594,29.01376591843382,54.73672812594498,1041.705009532356
23,1779519711630,22.136135759803427,63.21167279106081,1030.9255220207947
219,1779519711531,25.898939640381894,52.2493410305841,1014.1675700043563
199,1779519711702,22.50247533628432,52.02954796116414,1030.1803271361866
25,1779519711795,26.94315265027496,67.11436345706366,1033.0481148161914
228,1779519711674,28.223065759373068,58.71530761009966,1044.570301401099
187,1779519711734,23.772707395358566,63.86066037913307,1040.5694573225203
34,1779519711983,23.50937916360476,55.14900848527709,1013.2774410356345
258,1779519711766,26.482106471536753,65.99401497207865,1017.6777179069625
115,1779519711893,28.25256359390331,54.676033990952725,1005.6200172609581
3,1779519712019,20.364213798658398,68.87687586484763,1026.229373457834
223,1779519711829,23.778953855382746,69.64250787831809,1026.4655726978267
132,1779519711922,25.04919482474401,58.99087032662179,1020.3333043013126
15,1779519712170,20.23793658592255,59.08905623077102,1034.7201926192754
263,1779519711862,21.67639782741,59.773484124957,1025.986170999672
162,1779519712046,25.552917546850708,55.90710565976827,1027.5595646995862
24,1779519712229,20.09613467116675,50.09134608543865,1040.2192501575203
239,1779519711954,21.11005793956841,58.94209784453965,1040.2215226345643
74,1779519712260,20.496307273976406,67.29998539400867,1021.5969650124889
161,1779519712542,20.90872740370627,67.61895518582521,1037.027500838141
252,1779519712075,22.6051491601337,64.22031833942607,1043.5328771300783
72,1779519712322,29.173584425448887,64.30066105374125,1038.7894361267433
124,1779519712671,26.676951058553197,69.4710119549008,1014.754600800167
294,1779519712199,27.567352492246755,58.076881686116224,1013.4607268261209
84,1779519712386,29.716854459510408,56.48642018199925,1049.9398583207524
157,1779519712732,27.349183506087694,63.092916683104036,1048.3905741905555
237,1779519712290,24.755384383186822,54.77424945201414,1047.4324057480776
76,1779519712418,25.47529617599661,52.1442019164859,1032.1131174431537
152,1779519712856,21.322553701138688,51.01194596917259,1003.309701119661
239,1779519712512,27.518732903719275,60.837586100466076,1020.2415406710692
83,1779519712449,25.055059303130534,62.1537372289411,1038.752488788951
144,1779519712921,21.406866033122576,53.028927751719216,1039.7226418889595
277,1779519712640,24.732094866318093,58.57542805643151,1048.480179842325
17,1779519712575,28.06172316722724,52.880255076103154,1046.7452610053892
152,1779519712950,28.99235356746305,50.84541814226886,1041.2364647758884
222,1779519712764,20.6064475493904,61.46918470044455,1007.737187558479
116,1779519712983,25.385425247454243,51.22224251585845,1001.4527938598578
65,1779519712699,26.85373357537599,56.23564883063251,1021.9297518491791
297,1779519712795,25.23664112024386,56.21586280718835,1029.652628718659
1,1779519712825,22.58483835701082,58.71797666669911,1018.341774336877
117,1779519713205,26.612802520455638,64.12527313643582,1045.0024201525432
272,1779519712888,23.967631503287645,67.03992112554168,1036.7014474136365
8,1779519713105,20.4369651246945,55.434220182523184,1024.7791118457942
176,1779519713312,27.550993660492793,60.35790908858715,1034.7175138569487
233,1779519713018,29.680682461953367,67.9956072723949,1026.3630198643398
130,1779519713375,24.030394358882877,53.10710263732338,1019.842803063801
24,1779519713171,27.061882523834104,61.341788524016664,1043.1204515589359
276,1779519713139,27.446147831838402,57.81319698087974,1036.0331403853058
89,1779519713237,24.374644965061254,67.55608676517323,1014.5491926902499
198,1779519713560,29.354692457260626,69.88778324080707,1011.4807889424818
213,1779519713341,26.654658222210664,51.951654475790946,1008.8000363843066
103,1779519713652,23.31995832782127,50.251725547484284,1002.1092430497696
84,1779519713280,20.788132363136185,55.417584857040325,1036.3944135955282
246,1779519713497,21.29573803936912,66.72528244165638,1014.4601793059986
8,1779519713404,23.561491079355545,65.1800156793384,1025.2146966731268
175,1779519713681,27.99160485673482,69.13354711294771,1020.5191929918958
290,1779519713530,26.02629425594907,62.75394343317734,1009.085972332582
119,1779519713776,23.47579855321047,54.07675929618864,1005.6520157880324
48,1779519713435,25.02780599240257,59.53991699931587,1002.1589927619428
251,1779519713620,20.085928455727746,57.932343441868845,1003.3234726846231
125,1779519714058,29.491096198708632,65.05218044716325,1014.6727329690867
13,1779519713590,20.837558849554036,67.03623319957244,1047.0060106531384
276,1779519713743,23.0880767482993,52.45951519253751,1025.3188215797697
77,1779519713712,26.95391960476906,61.04970266705648,1047.6617938221202
237,1779519713870,26.867925369447274,69.51345359475887,1005.493870391411
87,1779519713806,26.181336816660288,53.92303517009972,1030.3453243580793
201,1779519713901,21.582902108746392,57.863149330607314,1034.2083308445383
41,1779519713931,28.38074516922184,62.324277261089264,1049.239497521068
171,1779519714418,24.255264966060505,58.84177041199121,1007.891387351192
240,1779519714027,26.071757354405662,57.574593561133014,1044.2593371035337
82,1779519713994,25.00566241459019,68.2048432999861,1027.1449744906743
169,1779519714480,26.219046278977096,52.43407791260125,1005.50233374082
221,1779519714117,29.795319086992116,62.24646294417015,1047.614547657436
89,1779519714090,27.894256799051654,51.25303377370103,1041.9134956693165
252,1779519714151,24.452277061179043,59.74675836269624,1048.7894468463605
148,1779519714670,25.295665823933263,60.45369453064569,1024.4288929161999
95,1779519714229,29.5063058345454,69.60356253133327,1012.4995711827156
294,1779519714260,28.87408365340282,65.49343301824646,1023.5617600492454
189,1779519714793,24.36403792120553,68.12986549325348,1007.7443456982478
87,1779519714321,21.792690762107995,62.72306197288718,1035.64275494462
232,1779519714575,20.344966583160446,63.89131006540688,1035.7575064206674
178,1779519714823,20.527708698905382,50.70274474068114,1040.966726895356
46,1779519714446,25.44693403357591,51.636674705444285,1007.746197431279
203,1779519714605,24.305032807432973,68.91453506122429,1046.1657060859695
178,1779519714947,20.713543311340114,50.41509096493504,1023.8639823152096
74,1779519714543,22.269535710832706,51.020402695414155,1009.1909183673756
214,1779519714638,27.58623540236226,63.733730479419634,1048.5234685088396
140,1779519715072,20.33203509158635,67.3689857584661,1020.0153896619727
39,1779519714853,22.210039888489007,53.1340192574288,1026.0211437316225
252,1779519714701,28.422893823662825,65.87868789940217,1022.5966092995807
151,1779519715102,24.246375951353187,68.98107979254576,1013.1153782690026
43,1779519715008,26.740010568771897,57.536076230351874,1045.2369822659032
164,1779519715136,29.1504162032858,63.194622825217145,1006.4757770876116
212,1779519714904,25.52157147074503,53.947450533061165,1003.7380655122475
91,1779519715041,28.71610921508772,51.372525594121115,1021.9703397258357
120,1779519715198,26.273133227773037,60.88657461884482,1009.0252071785048
234,1779519714978,27.1073527675501,65.29934024455639,1007.5768064646397
61,1779519715227,26.516509999803958,64.85139453209102,1004.5868988134756
108,1779519715312,20.306803919656897,58.39186806687469,1012.9712720556774
201,1779519715163,21.34464981495038,51.90172694899527,1047.6004875610604
69,1779519715259,20.890978381907395,52.34725209965634,1016.0777580160675
137,1779519715481,24.438405835371665,55.86256839361815,1039.3977176734284
289,1779519715432,26.596771401900334,52.17119491265763,1000.1278338169641
28,1779519715365,22.518013970727676,59.47751212404084,1040.2623129933343
133,1779519715791,20.915553051963382,52.200360783155915,1025.5875403781042
266,1779519715589,21.608736461321854,59.98043431177089,1025.5698666193393
51,1779519715524,23.334461346540337,69.33496188548203,1021.0135726844607
143,1779519715832,27.962238737653045,65.18713634136495,1019.2935263835203
203,1779519715629,25.316059738252022,61.067656904267665,1040.8735776121234
13,1779519715556,22.065036608456715,59.30038746154616,1012.277433931461
158,1779519715885,29.411240524512976,62.99198754563996,1026.5904253922329
215,1779519715665,23.625769365532307,63.00379604820924,1037.8912310414178
7,1779519715699,28.28020094862736,57.293786061999555,1047.265785756199
145,1779519715935,22.827464727232663,52.64506796278902,1013.9709258857691
204,1779519715726,25.314490009922736,68.14215385679309,1039.2433120278572
52,1779519715994,20.736540797384833,50.3851091217789,1022.7495552448239
151,1779519716044,28.796155604256015,65.82154445910783,1040.0057052326836
35,1779519716181,29.652264596851076,51.19345231231042,1016.3800982322336
202,1779519715759,28.182501216359874,63.58853465454153,1040.2667687104606
149,1779519716286,20.88539381944009,55.87316542233299,1042.3941268627739
44,1779519716391,24.446534663187308,65.62866657142119,1005.5812322099879
225,1779519716089,22.270310731106882,50.88305074660154,1008.7050627859865
163,1779519716465,25.624954941852376,58.28861750687443,1029.6423630688973
86,1779519716432,25.86206401001222,63.736331294099884,1034.5222529958933
216,1779519716150,24.05074083512076,69.13205235470826,1013.829609584921
169,1779519716605,25.650110950878428,69.74107294813409,1026.728643569722
58,1779519716495,24.762226467123348,58.95563624221996,1006.5180125638361
269,1779519716214,23.21050481226028,63.239581426767046,1022.1656905703395
189,1779519716642,27.360767290214405,59.09050916237549,1040.417850435928
296,1779519716245,28.720478054075777,67.49354220027644,1030.8948334680342
196,1779519716746,22.37761000261171,68.74446451495838,1046.7470402509864
220,1779519716322,20.295237574234434,64.46075295138945,1024.8781706002148
140,1779519716774,22.878797850104135,55.56602356715702,1047.6431038855403
280,1779519716527,25.812285937042684,64.65352249594311,1032.462592930949
158,1779519716928,27.59106307800296,58.64531002362144,1047.5976969292426
62,1779519717057,21.818710406773207,62.85888722759252,1014.7602903366964
220,1779519716559,24.239966687691954,67.1172269873235,1008.919726343095
138,1779519716961,29.910935114201507,65.57570685010953,1013.9026432544197
26,1779519717184,29.307631097185578,69.73285989768823,1048.7864470056531
242,1779519716682,23.44059006052091,64.33083408871488,1001.8582169968955
145,1779519717024,26.13013162018174,57.69031427303314,1034.484547350942
28,1779519717230,28.547436406170636,68.97123922704388,1026.047561274065
240,1779519716805,21.677788741432845,51.83569546108217,1000.8675711544522
129,1779519717086,29.447740395741032,69.94744322018391,1006.485160967548
30,1779519717290,21.21092125276278,68.27835550639267,1007.5232105471496
268,1779519716868,24.61571463143247,58.902260677762804,1043.7385526302357
156,1779519717117,26.293708556303663,58.91945252383206,1039.20606206455
20,1779519717354,29.40273959828312,58.34984131233813,1039.500334392847
273,1779519716994,24.846930250910326,54.38554018396292,1036.7350819591834
117,1779519717260,21.841193800623234,67.19053893117061,1015.8643068830618
11,1779519717415,22.800108138549245,63.30496216450348,1015.7709955922991
158,1779519717322,23.590798552500384,69.69829254305537,1024.9647015996645
294,1779519717149,24.132667119212556,65.96544060019394,1005.5678880355501
16,1779519717542,25.97179147483294,60.88237525333852,1037.2992821639177
235,1779519717386,24.189257386809366,52.72207377393101,1006.162656252588
159,1779519717510,21.732895471517583,52.31480802697502,1013.1782367615704
11,1779519717886,25.06236976458002,56.64761524801741,1036.4356507929674
269,1779519717445,22.11021292117408,68.17716552347456,1048.533400221576
156,1779519717690,22.983561296918037,50.25327899485019,1038.682550245305
183,1779519717747,29.686440210459416,54.376197258013335,1022.9624638544205
212,1779519717478,22.403070399935853,54.74602414289323,1020.1194593051847
95,1779519718103,23.917754534611355,57.16544337477121,1007.0597182719214
271,1779519717573,28.476647797595014,57.88606612507658,1039.051949718211
172,1779519717980,29.28813756502771,51.13791987482631,1024.011819358914
35,1779519718230,22.934092830259964,56.24902972329897,1049.1945852250092
193,1779519718043,26.091648594822814,53.14460420461991,1016.0780822639259
224,1779519717792,21.49607212276848,64.91948075409366,1006.6407364245578
53,1779519718261,26.994528500327565,61.07421722748029,1016.8527250223495
217,1779519717824,27.24397242925604,53.201080404344935,1033.4813358424
130,1779519718167,23.27370356962795,59.81336574672167,1019.3977525009163
83,1779519718323,26.392951437553585,68.57323453779138,1023.9229827081143
250,1779519717916,26.72947811869789,59.16833254082233,1034.4132348353862
120,1779519718481,21.634439276715003,55.302482797050885,1042.7142894106214
28,1779519718355,24.56827934303087,51.54572147417405,1000.5513610839035
241,1779519718072,28.535640467899377,58.11665030078146,1022.7009531770323
106,1779519718510,21.344043600793956,54.622330431490404,1044.7021650878446
4,1779519718416,27.029426738810976,53.54946944524331,1041.838970872432
241,1779519718137,22.720303395557554,52.85230199254819,1042.7511605614363
110,1779519718637,27.937946665114488,65.98601645403211,1008.3796594941679
65,1779519718449,21.752738577245236,50.47308241495945,1000.4079825200051
221,1779519718295,27.906438444008497,56.002866066277136,1014.3969202443108
184,1779519718700,21.37668000267659,58.68546670050556,1010.1579922250444
76,1779519718605,29.778376706384623,51.70302189188765,1018.6526272914982
271,1779519718388,29.28524785704167,59.56009626461237,1032.994328706432
179,1779519718728,22.137310025586302,57.51529598791358,1014.4028411937521
8,1779519718762,24.159546767020665,60.96504082111683,1044.833174909525
280,1779519718544,27.25880325980805,66.27475786745322,1030.6865718715935
169,1779519718791,23.612191505844784,57.67014844480041,1010.5319243390048
79,1779519718822,26.055189619446576,57.39367779385994,1044.3675130200056
254,1779519718575,27.52281757192869,61.67196352898533,1011.7393760246829
191,1779519718917,20.02608519944698,56.13339646752801,1000.4547682760887
73,1779519718849,20.27802285706472,63.57165619928674,1017.8958887724076
211,1779519718884,26.157495345297285,63.707957075511786,1001.7520312170624
20,1779519718945,24.895381998296862,53.14630909870283,1005.3929926843995
296,1779519719007,28.85138536095925,65.54539823739854,1028.5927873081653
43,1779519718975,28.516243266509345,65.06605512107129,1026.1520768300688
274,1779519719133,20.125052291098214,69.69770204577594,1024.8319202743135
190,1779519719493,25.389626213037246,54.802533809908965,1043.0746573723882
90,1779519719037,24.63657374563444,58.53405862838627,1046.3494293168344
256,1779519719196,23.424994819090095,57.25522606692284,1027.2492922236802
135,1779519719524,22.023434089330774,63.37081513023031,1022.5927247086545
77,1779519719102,29.900214419661783,58.86766050912617,1028.970782244617
295,1779519719226,29.385416623013292,56.547121177858145,1032.854977459667
141,1779519719711,22.171676718801557,53.66801156759152,1003.5450144495079
29,1779519719254,25.522865573969234,51.30079108676941,1019.510941465022
280,1779519719291,26.20128702182483,69.9465254785024,1033.3647779974208
177,1779519719805,22.18353806965867,68.2301621388043,1035.7855427414381
57,1779519719338,27.417978249460496,66.52727077637033,1027.8744598930182
272,1779519719367,27.498129120512548,59.79764815053206,1020.0767966022579
68,1779519719556,29.700343728602675,65.87708325217147,1014.4631555041952
188,1779519719968,29.467759636836206,52.569494529519204,1049.1973781608112
227,1779519719462,26.73595079880442,67.94419288385447,1006.575782761489
129,1779519720045,24.78180191517671,65.6515554114817,1020.5524634380828
47,1779519719588,25.475229698886316,55.33789058904913,1035.5143892139188
250,1779519719618,26.27066403225999,50.43577045165708,1036.55804327687
36,1779519719650,22.18135989652971,51.87561292702364,1032.391605215935
211,1779519719741,25.281693016210617,65.7525703067075,1028.2847789684863
58,1779519719774,23.688506923651243,53.63586075268754,1015.8013214119284
213,1779519720009,25.948906867578962,53.41377617426373,1021.3095993755165
91,1779519719867,28.735797432863578,50.98888208480799,1033.1882834157736
292,1779519720151,28.526441738285154,69.1684900501154,1042.0246222684762
152,1779519720490,24.83639176344183,57.20094251166056,1035.3010432210444
63,1779519720084,28.050369224202868,66.38793799106143,1024.8083185604207
206,1779519720195,25.33002237263426,52.74821417851777,1043.2862059520073
51,1779519720113,21.346939594742924,51.78259643638248,1026.9442685628503
236,1779519720301,27.064342228116296,69.49840091115965,1024.4468622719667
76,1779519720240,24.585353761818237,69.93953325302681,1017.4762901021217
290,1779519720365,29.89971176211897,51.07361916611969,1023.8022508019676
164,1779519720773,27.45793793498509,67.98484659030392,1040.6114614243706
19,1779519720333,24.039428586176065,62.19054650450538,1034.2704026460058
267,1779519720429,23.31964542183371,57.027367246520186,1045.8914128698561
105,1779519720803,27.91134976190931,61.17057556043405,1006.656772377516
13,1779519720524,22.669655795527884,52.0610092822446,1026.6854099691682
296,1779519720457,24.141785484070017,65.78560151879843,1016.861628730385
159,1779519720897,23.439531178920202,62.74580555207719,1034.3098674198077
6,1779519720582,27.717110412125354,68.8690238497123,1022.6543997756336
250,1779519720552,29.559836301586955,69.41662341943673,1032.174754437606
195,1779519720927,28.907870600153956,57.91751249422994,1033.241080782868
279,1779519720677,23.292375609997844,50.433455217786616,1010.1788461398008
120,1779519720991,23.05357455221658,61.59998479747855,1033.35392848506
28,1779519720645,26.63534066122034,50.09104152536259,1000.4455724292685
20,1779519720739,29.063581482797957,58.937637349087325,1004.063225993785
155,1779519721020,21.780182692180375,51.252079729655776,1026.858964997961
240,1779519720864,21.893360119308653,68.40123794600483,1007.3709425196963
276,1779519720957,22.269469045130197,66.31786990938484,1009.0512765817406
52,1779519721553,21.966506261621852,68.99035312785125,1018.8934427691781
114,1779519721523,23.438538694320858,54.49893887110086,1007.7486972746111
254,1779519721048,28.008777924824905,69.77169273983029,1029.3727394980624
21,1779519721583,25.908437416577755,55.46286145644499,1032.8732509972465
257,1779519721114,29.961994964904324,66.47934908686727,1038.6582826233682
59,1779519721681,21.206103451971146,63.956533856616815,1021.1896899228406
219,1779519721487,26.27767756456616,57.361287865644755,1029.537389200303
94,1779519721741,27.739287283991573,51.044558643460725,1046.1570982749447
137,1779519722008,21.326296681386218,57.859090336240456,1003.9470769626054
296,1779519721616,21.218115114081783,64.83504763213406,1013.9814146613282
44,1779519721803,29.021420936820746,61.82319101904511,1002.182451119446
123,1779519722053,24.48981238860747,51.98675555608302,1013.4421453920042
229,1779519721712,29.99327566763465,56.999147166710515,1011.5469811543861
69,1779519721874,22.55236579734716,67.77742985011746,1029.1562928969292
185,1779519722083,21.841540645157206,64.26083389986104,1005.934907104364
300,1779519721773,26.36506886180774,60.38752275625886,1013.8310292878388
30,1779519722148,26.505578102483046,63.47696346074223,1046.407723200378
233,1779519721914,24.99202242955753,54.96605125827645,1030.9975302385283
17,1779519722179,26.068838337327882,63.22194628629654,1014.2883517904794
136,1779519722414,20.443071805856043,69.43742395209432,1029.956712953236
69,1779519722227,20.02793216547354,54.809838820172736,1020.0959649849385
146,1779519722530,21.770405859856165,61.11532857154394,1017.0157895898406
287,1779519722115,27.080622090280958,57.993702733066485,1048.0070815867264
141,1779519722629,23.15003694795926,51.27240678412708,1013.3933620669022
258,1779519722383,27.901945761966278,66.30138033590592,1033.9263110191264
22,1779519722272,23.555592170445014,54.78997071423419,1042.880566801963
247,1779519722598,29.26001431924244,63.136132787882005,1035.0559262385038
54,1779519722306,25.932549868535325,54.43206908763583,1048.0058824687094
160,1779519722788,23.413103455335754,63.16194045129803,1044.7472378068048
39,1779519722348,23.819440665280084,66.73349600049146,1029.9741683647235
228,1779519722756,23.215431252079433,63.93420994604135,1015.4369343609291
136,1779519722954,28.549715705776087,58.51774833063791,1010.5713884639271
31,1779519722568,23.59849982005086,69.05328088455713,1035.346033342635
290,1779519722831,24.98040409361539,62.59656564064361,1040.5674503826715
120,1779519722985,22.48148366231382,67.96565743458757,1008.5581407103808
83,1779519722661,20.231477356175166,51.45234329114005,1036.8887330722714
221,1779519722925,29.35911592041085,50.41858717195416,1042.8850793236397
105,1779519723094,23.768040980782374,56.5104074066807,1047.685054084012
65,1779519722692,21.741150156156262,54.59391837963988,1026.5639892159177
290,1779519723063,28.12089042777275,50.072717454354105,1007.0160506834993
138,1779519723157,21.020072530948116,62.02093082595543,1007.4928302850155
67,1779519722862,29.14842370078779,50.70960632039183,1006.608015195304
246,1779519723187,24.00406013688291,69.32929005884034,1027.1855876093252
13,1779519722893,26.283777898136222,58.50479122658598,1039.424045651136
287,1779519723218,26.543869475247988,59.381883204742536,1048.5760277055272
184,1779519723436,21.869859613323882,53.5102439011028,1043.6479605867978
6,1779519723029,29.651270069932316,52.33804210718147,1037.8537417260857
284,1779519723282,24.827891742206123,56.90237997533501,1015.4739066069543
168,1779519723466,25.66020194812379,65.93304210995448,1037.3935148553837
68,1779519723125,22.803552767397374,62.16047362943642,1034.7218927830004
203,1779519723311,24.865127468186785,51.2643487141706,1036.5711130433908
119,1779519723592,21.362294007058622,52.746576925079175,1009.7893492047135
13,1779519723251,23.36606908777116,64.48845870803927,1045.2348338732902
258,1779519723374,29.35436307328846,63.39300243447724,1012.7229923733524
196,1779519723626,27.481739729255967,60.62241568465215,1001.2823348952746
80,1779519723343,29.232807900273524,62.36738959938671,1034.7918091411204
211,1779519723405,25.343862311104537,51.451082564731834,1046.6244019209812
133,1779519723725,22.16161475334139,65.49298792410734,1005.7611177196255
70,1779519723498,28.48935926885147,52.75996598290516,1008.7756600664376
226,1779519723534,29.577875003185497,67.64573278413636,1040.178822228729
126,1779519723765,27.876664808639458,66.40260655936771,1010.8843824418414
67,1779519723564,29.73976235973621,50.288258330638925,1008.6557262879866
285,1779519723862,25.998530853850877,69.3702764866255,1049.6804256510889
151,1779519723797,21.955315387816892,68.6703337496675,1028.7357589326741
36,1779519723656,25.096876845668454,65.88301333936269,1049.5226150707695
281,1779519723925,27.223533317196473,65.74933515730632,1025.0820234060739
118,1779519723831,29.838025987230843,63.86673910054468,1034.8825588854345
69,1779519723987,27.883683215184956,68.31878736296255,1042.6815718340727
273,1779519723954,23.034015498804486,58.947485091952856,1047.694542159979
121,1779519723890,20.02035460081809,54.55005796715322,1011.0882451213846
75,1779519724017,29.912285371148357,65.38142453791666,1014.999409157974
201,1779519724048,29.851941071725946,53.30780643696652,1033.9543787365535
176,1779519724114,21.276800694230037,63.19508896038052,1035.308367814982
64,1779519724144,24.885076682492436,64.38324745669661,1025.7292329536492
217,1779519724082,26.821367557120503,60.56701838073978,1044.8039607547457
104,1779519724174,21.873463727867858,50.55447828663675,1007.4605447030407
87,1779519724236,21.96611194123971,57.51446357767608,1011.9388526393594
260,1779519724299,24.97397796774815,52.06339539809758,1026.2311363391277
115,1779519724208,20.264040929672152,61.14894442800052,1037.2057235483285
67,1779519724360,21.418158385313642,69.80868339024278,1010.5154282258615
237,1779519724425,24.220965513739053,67.78980659304648,1006.1660827471212
155,1779519724270,22.02872831838787,55.784670390355046,1015.083377230669
28,1779519724455,21.601387832058364,56.282777896618484,1048.4591172593427
241,1779519724768,21.524289052943846,65.28068104165294,1042.4073928664588
169,1779519724331,26.31313650826089,65.37728417638972,1039.3313875457927
71,1779519724577,24.41553493544042,51.31200180875262,1026.7690026166993
274,1779519724797,27.60146712892619,63.47464347191564,1022.5693954219239
184,1779519724488,24.85779848868201,57.26931311929966,1018.0126637152943
77,1779519724611,27.258910479517418,52.80015246506703,1015.248499678965
267,1779519724829,27.501878393623123,68.41211394637287,1002.2753724585849
182,1779519724548,29.92384622452849,69.30296650346584,1023.8064672397337
69,1779519724643,20.38546692615271,51.04694859360553,1014.4294588923547
297,1779519724888,24.752135461877923,61.54446665432094,1024.4873797486262
144,1779519724672,25.113614594008123,61.295546385329416,1020.5259424556591
56,1779519724735,25.68284628601743,54.9520634234486,1036.5187513268233
261,1779519724954,23.39876428646259,57.26618172971569,1023.0238882441017
154,1779519724921,28.851740296829234,67.11334839187904,1010.5113819464153
9,1779519724859,24.6678667776675,68.96319530037863,1029.8848731583869
104,1779519725061,25.548170384334796,51.37961995161013,1003.4415106727818
215,1779519724983,28.791193299930832,57.21894687858012,1012.3901034476722
281,1779519725124,22.207262618674672,62.25778478378185,1022.9822905621593
67,1779519725017,22.781061222468303,66.07165527089705,1034.9249513187915
109,1779519725154,21.76497368908123,61.24770958720998,1042.2104391111677
254,1779519725217,29.645965422858396,64.82516666213647,1001.1220421758338
140,1779519725185,26.52741277374975,61.533464789967795,1014.180685324083
49,1779519725091,25.97721917147275,64.11900881974256,1005.0534738872839
144,1779519725344,26.92890287884347,66.98942076310139,1034.4930883503964
230,1779519725309,27.201887019273016,69.60431627648015,1027.2569798320676
43,1779519725247,23.49135860111419,66.79768569624848,1011.2894253242835
65,1779519725278,21.380594189140904,64.52298281969644,1003.4309575182823
182,1779519725512,24.416042482796705,59.57567804891142,1029.9826097556738
235,1779519725547,24.871472182438247,52.33565589316469,1048.7883789419268
4,1779519725376,28.03582289747043,58.39739365063721,1016.7767484352713
121,1779519725611,24.225792404849265,53.590047149070415,1026.8836214413525
211,1779519725952,23.43718131483294,60.894437109507024,1016.5476084648299
143,1779519725642,27.315523024075556,65.69872583109586,1013.6275533523182
67,1779519725579,22.574128623734712,54.98827468984327,1034.206215118526
224,1779519725985,20.948831935568318,64.58276216739085,1022.2568957629587
112,1779519725764,28.91565164567284,52.553267217781176,1039.828140263546
50,1779519725672,24.504643206298038,58.08170248078379,1026.8509584271515
246,1779519726018,22.46832482952968,60.65447237461738,1036.1919356730662
9,1779519725735,24.744604523104435,67.06757468587378,1034.9166441376474
128,1779519725858,27.91412297003928,54.92757629686612,1022.0333429852626
238,1779519726077,28.888236004203186,54.77596007611456,1034.2262539488727
138,1779519725893,20.011106545136858,58.03344865876621,1041.5412878030133
207,1779519726141,25.10050854360628,56.490557722927214,1005.390964366892
42,1779519725923,20.45921411458853,61.082203163214416,1037.8529305713628
120,1779519726044,25.98101181740646,55.008976564408655,1014.6243303466279
23,1779519726234,28.81155710318798,51.25608943203277,1020.3040804202172
285,1779519726204,27.459069395096034,53.8733347604383,1008.5835253814511
163,1779519726106,21.057226013043664,68.65998567730091,1028.9718910090191
286,1779519726327,24.89371632734753,57.050014261667116,1042.0271799303218
103,1779519726171,20.601880948988423,63.35375100942318,1043.838624407855
231,1779519726418,25.855196268389193,55.576531559371695,1014.743002359015
285,1779519726481,28.939713981944827,65.74245129436407,1001.9597610906835
193,1779519726297,29.19490308222307,65.34304803388774,1008.0822304720566
191,1779519726388,21.399238645563077,56.24111022032014,1010.7629526402072
243,1779519726607,27.25607104964243,58.353193026777774,1015.8393181325634
34,1779519726951,26.233336370733525,52.91705173523913,1028.617055173238
273,1779519726699,29.847288455936795,66.59605593628888,1026.4563000601365
173,1779519726513,20.431625028072222,69.75866091122276,1041.1558957649268
97,1779519726983,27.780167055671093,66.1803537376054,1034.5940506502275
190,1779519726637,24.793017751768765,63.83476350504362,1049.6395384753953
281,1779519726825,21.577912851437475,57.98326821674288,1032.3415849485773
25,1779519727076,21.38338934222773,69.03623860107173,1028.5426765319253
206,1779519727017,25.098722752386553,51.399289637129144,1048.1774936764266
121,1779519726731,29.243364276246652,55.92382268712828,1048.639994834349
62,1779519727108,27.169589756387076,50.34503846177065,1038.6246281855194
292,1779519727045,29.603315288854077,53.67514248005327,1043.6237942356493
152,1779519726856,27.598330972329457,62.52041769772207,1004.2727942169515
25,1779519727202,21.216215713777625,53.811809321015296,1018.2156865932473
243,1779519727171,29.98540902278343,65.28805741575275,1002.2764125599181
173,1779519727138,26.180030666799112,53.673084468813315,1046.9229231403126
31,1779519727294,20.40432043440453,67.6445403432384,1034.8173420404098
215,1779519727231,23.727375641492397,64.38164351184471,1046.874958711926
103,1779519727263,25.67531244895968,64.93237784845971,1045.6946762536109
14,1779519727528,20.26232647858946,64.08133090816031,1043.5394560279542
268,1779519727357,22.166634580695955,59.183392542704055,1021.2583737311637
161,1779519727328,23.59247663056349,56.92084630459156,1035.6464668648966
73,1779519727777,27.43828233279577,69.38548520601877,1028.9389356879076
274,1779519727399,27.336915455917335,66.48212817626683,1010.7072476502576
109,1779519727467,20.462489110569113,56.45353019414013,1023.4028953008108
1,1779519727841,21.13125711973831,65.99576387063672,1016.1125724989333
108,1779519727500,27.879980777476646,63.24601064458151,1032.1102585261744
215,1779519727431,20.019631406770916,53.84265732125307,1006.1076189622447
158,1779519727560,28.40251552460699,63.18995079064654,1011.1762470090268
201,1779519727592,26.454126981587716,54.64819159554094,1047.85395292826
1,1779519728060,25.074242861095172,50.19764890102155,1033.1611353695637
290,1779519727623,28.452338554835688,67.06185874796354,1031.4738439606874
178,1779519727715,24.14616006940708,56.39070137336327,1046.7882031696847
26,1779519728089,28.923947872048593,66.40975195333762,1037.889615690567
212,1779519727748,24.474014770598156,64.79762261523199,1032.7545319177586
185,1779519727809,27.344241672547863,59.456275047085214,1003.6966158538648
36,1779519728404,29.22224689187133,69.3434376975417,1027.7376838416174
208,1779519727903,21.02521736690937,69.51689365661613,1037.5845686796765
158,1779519727873,27.822252096148226,59.85822221289139,1011.9915973701328
225,1779519727934,24.45045741411111,60.191063846072055,1021.0717016753904
158,1779519727965,20.368940719813757,68.81282132387881,1001.4769325854261
217,1779519728120,27.190134684446562,56.43106089336369,1034.1014964528335
179,1779519728031,29.21647520286473,52.7758198312472,1042.0945875406885
12,1779519728696,24.156824058629823,69.90587815389657,1001.8208549747322
268,1779519728184,24.945152855596383,67.40898349503006,1004.4744979179634
118,1779519728153,21.452845037287673,61.48950502564952,1002.7133472142817
26,1779519728794,22.85377626088855,66.83152028696045,1035.2043206342953
260,1779519728481,24.431229613539198,57.53978266458074,1044.9572243851712
20,1779519728835,25.87587060537309,54.787960090824946,1017.1681972237918
188,1779519728559,28.453322598276714,54.33179761359224,1049.79239851578
284,1779519728517,21.198197514018496,61.31046285629106,1039.5123345307811
102,1779519728604,29.937725067347174,69.14770774815051,1005.8414746091892
96,1779519728931,26.285213773595054,59.22088230112776,1012.0141471289918
280,1779519728635,24.23052608402871,65.22270822146781,1039.347161914807
86,1779519728991,26.33003790478698,61.99767427276937,1029.4356250253002
200,1779519728663,28.27010649698797,69.59938126731114,1038.6059053018837
231,1779519728725,21.368946492499024,59.33642132625302,1007.9792739716836
64,1779519729098,23.13582645905784,51.41341803294995,1013.0490344509393
151,1779519728959,26.564212444700992,57.219094285828945,1033.761991844167
300,1779519728885,20.48069207013926,66.65588414380227,1028.6371240092997
150,1779519729025,27.035697115289974,67.50215254936909,1020.0891736923938
60,1779519729158,22.09684946504003,64.51363209752212,1009.8346529471302
285,1779519729067,26.304219756522535,63.549813479039855,1028.8886488158803
186,1779519729131,27.496803633735993,69.83156654860204,1037.7173338523198
85,1779519729191,21.437599434431277,54.00976640385649,1032.1465501163127
267,1779519729253,23.020315699565394,55.952686669903365,1008.2765266300459
16,1779519729221,21.64566085001064,63.367348348123315,1003.1034901784869
107,1779519729285,27.148862218559948,51.852063931743146,1009.0767389243799
227,1779519729313,26.723636635705788,62.18663988768077,1019.0552482167126
189,1779519729347,25.168536484701065,51.21501390078607,1044.5906672429849
35,1779519729377,23.887366936389302,65.06052821711643,1041.2406809383156
215,1779519729470,20.740488191269392,53.20544322694529,1036.9242027319556
59,1779519729765,24.760073430593934,55.09633467112846,1028.2933071801808
140,1779519729408,24.244354044403522,57.43669286513162,1001.4992305235976
267,1779519729550,27.287855140182753,57.20925206315032,1042.0130569044786
86,1779519729863,22.4247676211982,59.73655984823698,1034.108026754108
136,1779519729440,25.397416178222258,68.35703699065094,1030.7944423973108
278,1779519729640,27.78485178011155,57.93360985274966,1024.9182621070008
131,1779519729506,28.088469647787207,66.52183228569761,1012.4979095012112
10,1779519729932,24.66538470453282,51.98905195658547,1012.9785019727559
267,1779519729670,28.966751022110845,64.44202552686907,1009.7276751309058
177,1779519729580,27.281046514846764,63.91851233348213,1010.4656222502292
28,1779519729996,22.260001838779434,60.1405728818892,1043.7916963489124
220,1779519729703,25.184678798877187,55.73040387413193,1038.830589551141
128,1779519729964,26.538370851858417,65.06068036337986,1003.5389011004778
68,1779519730090,22.734803765690824,62.49880138047971,1037.1945271210136
207,1779519729816,22.164683425425387,57.427274325808085,1031.4042540013118
119,1779519730059,23.757213188219563,53.188017130085484,1019.4735822749071
69,1779519730159,22.765972122836065,57.49117683533302,1018.0379035794891
289,1779519729901,27.934524265250857,67.4774403240878,1044.8484929575006
145,1779519730201,24.928398942169373,61.32283114353582,1021.2680711224461
12,1779519730263,24.867839492273788,56.86405886019354,1008.760958286362
229,1779519730028,24.271013599692516,57.120291062466144,1011.5667054013012
154,1779519730328,27.27577404771116,62.62279622123241,1044.737507181458
38,1779519730294,22.3059379899689,63.30817113706687,1007.5473387626753
221,1779519730119,20.773366295309224,50.83054481441863,1047.3895572928302
152,1779519730526,27.25469772127922,56.763508365379295,1009.6442034991645
21,1779519730431,20.89633730980728,68.04628036654152,1048.2570032483775
287,1779519730231,28.247720523690766,61.062774306700675,1048.1574956504426
141,1779519730607,26.140725674552932,54.45115653907877,1026.84687837258
84,1779519730565,20.651614180863284,67.15295024951115,1034.3388300447873
231,1779519730357,29.779315883980736,57.89725495333832,1021.066824242838
77,1779519730668,29.39339128447523,59.808155912461864,1032.4278755680164
109,1779519730730,22.530407792433344,69.57868745810265,1032.5444881193082
